-- SmartFoodAI Database Backup
-- Date: 2026-05-19 23:41:30
-- Tables: 11

-- ============ SCHEMA ============

CREATE TABLE IF NOT EXISTS NguoiDung (
    MaNguoiDung SERIAL PRIMARY KEY,
    TenNguoiDung VARCHAR(100) NOT NULL,
    Email VARCHAR(100) UNIQUE NOT NULL,
    MatKhau VARCHAR(255) NOT NULL,
    VaiTro VARCHAR(20) DEFAULT 'user',
    NgayDangKy TIMESTAMP DEFAULT CURRENT_TIMESTAMP,
    GoogleId VARCHAR(255),
    LastActive TIMESTAMP
);
CREATE TABLE IF NOT EXISTS MonAn (
    MaMonAn SERIAL PRIMARY KEY,
    TenMonAn VARCHAR(255) NOT NULL,
    MoTa TEXT,
    PhanLoai VARCHAR(100) DEFAULT 'Mon an',
    IsDeleted INTEGER DEFAULT 0
);
CREATE TABLE IF NOT EXISTS DinhDuong (
    MaDinhDuong SERIAL PRIMARY KEY,
    MaMonAn INTEGER UNIQUE REFERENCES MonAn(MaMonAn) ON DELETE CASCADE,
    Calo DECIMAL(10,2) DEFAULT 0,
    Protein DECIMAL(10,2) DEFAULT 0,
    ChatBeo DECIMAL(10,2) DEFAULT 0,
    Carbohydrate DECIMAL(10,2) DEFAULT 0,
    Vitamin TEXT
);
CREATE TABLE IF NOT EXISTS CongThuc (
    MaCongThuc SERIAL PRIMARY KEY,
    MaMonAn INTEGER REFERENCES MonAn(MaMonAn) ON DELETE CASCADE,
    HuongDan TEXT,
    ThoiGianNau INTEGER DEFAULT 30,
    KhauPhan INTEGER DEFAULT 1
);
CREATE TABLE IF NOT EXISTS NguyenLieu (
    MaNguyenLieu SERIAL PRIMARY KEY,
    TenNguyenLieu VARCHAR(255) UNIQUE NOT NULL
);
CREATE TABLE IF NOT EXISTS ChiTietNguyenLieu (
    MaChiTiet SERIAL PRIMARY KEY,
    MaCongThuc INTEGER REFERENCES CongThuc(MaCongThuc) ON DELETE CASCADE,
    MaNguyenLieu INTEGER REFERENCES NguyenLieu(MaNguyenLieu) ON DELETE CASCADE,
    SoLuong VARCHAR(100)
);
CREATE TABLE IF NOT EXISTS LichSu (
    MaLichSu SERIAL PRIMARY KEY,
    MaNguoiDung INTEGER REFERENCES NguoiDung(MaNguoiDung) ON DELETE CASCADE,
    DuongDanAnh TEXT,
    TenMonAn VARCHAR(255),
    DoChinhXac DECIMAL(5,2),
    ThoiGian TIMESTAMP DEFAULT CURRENT_TIMESTAMP,
    Calo DECIMAL(10,2) DEFAULT 0,
    DanhGiaNguoiDung INTEGER,
    KhuyenNghiKeHoach TEXT
);
CREATE TABLE IF NOT EXISTS HoSoSucKhoe (
    MaHoSo SERIAL PRIMARY KEY,
    MaNguoiDung INTEGER REFERENCES NguoiDung(MaNguoiDung) ON DELETE CASCADE,
    CanNang DECIMAL(5,2),
    ChieuCao DECIMAL(5,2),
    Tuoi INTEGER,
    GioiTinh VARCHAR(10),
    MucDoVanDong VARCHAR(20),
    MucTieu VARCHAR(50),
    BMR DECIMAL(10,2),
    TDEE DECIMAL(10,2),
    CaloDuKien DECIMAL(10,2),
    NgayCapNhat TIMESTAMP DEFAULT CURRENT_TIMESTAMP
);
CREATE TABLE IF NOT EXISTS BinhLuan (
    MaBinhLuan SERIAL PRIMARY KEY,
    MaLichSu INTEGER REFERENCES LichSu(MaLichSu) ON DELETE CASCADE,
    MaNguoiDung INTEGER REFERENCES NguoiDung(MaNguoiDung) ON DELETE CASCADE,
    NoiDung TEXT NOT NULL,
    ThoiGian TIMESTAMP DEFAULT CURRENT_TIMESTAMP,
    MaBinhLuanCha INTEGER REFERENCES BinhLuan(MaBinhLuan) ON DELETE CASCADE
);
CREATE TABLE IF NOT EXISTS ThongBao (
    MaThongBao SERIAL PRIMARY KEY,
    MaNguoiDung INTEGER REFERENCES NguoiDung(MaNguoiDung) ON DELETE CASCADE,
    MaLichSu INTEGER REFERENCES LichSu(MaLichSu) ON DELETE SET NULL,
    NoiDung TEXT NOT NULL,
    TenCu VARCHAR(255) DEFAULT '',
    TenMoi VARCHAR(255) DEFAULT '',
    DaDoc BOOLEAN DEFAULT FALSE,
    ThoiGian TIMESTAMP DEFAULT CURRENT_TIMESTAMP
);
CREATE TABLE IF NOT EXISTS KeHoachDinhDuong (
    MaKeHoach SERIAL PRIMARY KEY,
    MaNguoiDung INTEGER REFERENCES NguoiDung(MaNguoiDung) ON DELETE CASCADE,
    NgayLuu TIMESTAMP DEFAULT CURRENT_TIMESTAMP,
    CaloDuKien DECIMAL(10,2) DEFAULT 0,
    TongCaloChon DECIMAL(10,2) DEFAULT 0,
    BuaSang TEXT DEFAULT '',
    BuaSangCalo DECIMAL(10,2) DEFAULT 0,
    BuaTrua TEXT DEFAULT '',
    BuaTruaCalo DECIMAL(10,2) DEFAULT 0,
    BuaToi TEXT DEFAULT '',
    BuaToiCalo DECIMAL(10,2) DEFAULT 0,
    BuaPhu TEXT DEFAULT '',
    BuaPhuCalo DECIMAL(10,2) DEFAULT 0
);

-- ============ DATA ============

-- NguoiDung (1 records)
INSERT INTO NguoiDung (manguoidung, tennguoidung, email, matkhau, vaitro, ngaydangky, googleid, lastactive) VALUES (1, 'Admin', 'admin@smartfoodai.com', 'scrypt:32768:8:1$h2lqGfzZcVDtTT6F$aa29ad08a41b5596491b8b95b5257107e637f0a7762bea3c177900cab55d81c6fb7a66a0287df8f42cfa631d8da6b9b10bbaf17a154db93b469b73de6f5468d3', 'admin', '2026-05-19 15:54:15', NULL, '2026-05-19 22:56:44') ON CONFLICT DO NOTHING;

-- MonAn (52 records)
INSERT INTO MonAn (mamonan, tenmonan, mota, phanloai, isdeleted) VALUES (1, 'Phở Bò', 'Phở bò truyền thống với nước dùng ninh xương, bánh phở và thịt bò', 'Món nước', 0) ON CONFLICT DO NOTHING;
INSERT INTO MonAn (mamonan, tenmonan, mota, phanloai, isdeleted) VALUES (2, 'Bún Bò Huế', 'Bún bò Huế cay nồng đặc trưng với nước dùng sả, ớt và mắm ruốc', 'Món nước', 0) ON CONFLICT DO NOTHING;
INSERT INTO MonAn (mamonan, tenmonan, mota, phanloai, isdeleted) VALUES (3, 'Cơm Tấm', 'Cơm tấm Sài Gòn với sườn nướng, bì, chả, trứng ốp la', 'Món cơm', 0) ON CONFLICT DO NOTHING;
INSERT INTO MonAn (mamonan, tenmonan, mota, phanloai, isdeleted) VALUES (4, 'Bánh Mì', 'Bánh mì Việt Nam giòn rụm với nhân thịt, pate, rau sống', 'Món ăn nhanh', 0) ON CONFLICT DO NOTHING;
INSERT INTO MonAn (mamonan, tenmonan, mota, phanloai, isdeleted) VALUES (5, 'Gỏi Cuốn', 'Gỏi cuốn tôm thịt tươi mát cuốn bánh tráng với rau sống', 'Món khai vị', 0) ON CONFLICT DO NOTHING;
INSERT INTO MonAn (mamonan, tenmonan, mota, phanloai, isdeleted) VALUES (6, 'Chả Giò', 'Chả giò (nem rán) giòn rụm với nhân thịt heo, mộc nhĩ, miến', 'Món chiên', 0) ON CONFLICT DO NOTHING;
INSERT INTO MonAn (mamonan, tenmonan, mota, phanloai, isdeleted) VALUES (7, 'Bún Chả', 'Bún chả Hà Nội với chả viên, chả miếng nướng than và nước chấm', 'Món nước', 0) ON CONFLICT DO NOTHING;
INSERT INTO MonAn (mamonan, tenmonan, mota, phanloai, isdeleted) VALUES (8, 'Bánh Xèo', 'Bánh xèo giòn vàng với nhân tôm, thịt, giá đỗ', 'Món chiên', 0) ON CONFLICT DO NOTHING;
INSERT INTO MonAn (mamonan, tenmonan, mota, phanloai, isdeleted) VALUES (9, 'Hủ Tiếu', 'Hủ tiếu Nam Vang với nước dùng trong, tôm, thịt, gan', 'Món nước', 0) ON CONFLICT DO NOTHING;
INSERT INTO MonAn (mamonan, tenmonan, mota, phanloai, isdeleted) VALUES (10, 'Mì Quảng', 'Mì Quảng đặc sản miền Trung với nước dùng đậm đà, đậu phộng', 'Món nước', 0) ON CONFLICT DO NOTHING;
INSERT INTO MonAn (mamonan, tenmonan, mota, phanloai, isdeleted) VALUES (11, 'Cao Lầu', 'Cao lầu Hội An với sợi mì đặc biệt, thịt heo và rau sống', 'Món nước', 0) ON CONFLICT DO NOTHING;
INSERT INTO MonAn (mamonan, tenmonan, mota, phanloai, isdeleted) VALUES (12, 'Bún Riêu Cua', 'Bún riêu cua với nước dùng cà chua chua thanh, riêu cua đồng', 'Món nước', 0) ON CONFLICT DO NOTHING;
INSERT INTO MonAn (mamonan, tenmonan, mota, phanloai, isdeleted) VALUES (13, 'Canh Chua Cá', 'Canh chua cá miền Nam với thơm, đậu bắp, giá đỗ', 'Món canh', 0) ON CONFLICT DO NOTHING;
INSERT INTO MonAn (mamonan, tenmonan, mota, phanloai, isdeleted) VALUES (14, 'Thịt Kho Tàu', 'Thịt kho tàu (thịt kho trứng) đậm đà với nước dừa', 'Món kho', 0) ON CONFLICT DO NOTHING;
INSERT INTO MonAn (mamonan, tenmonan, mota, phanloai, isdeleted) VALUES (15, 'Cá Kho Tộ', 'Cá kho tộ miền Nam đậm đà trong nồi đất', 'Món kho', 0) ON CONFLICT DO NOTHING;
INSERT INTO MonAn (mamonan, tenmonan, mota, phanloai, isdeleted) VALUES (16, 'Gà Nướng Mật Ong', 'Gà nướng mật ong vàng óng, thơm lừng', 'Món nướng', 0) ON CONFLICT DO NOTHING;
INSERT INTO MonAn (mamonan, tenmonan, mota, phanloai, isdeleted) VALUES (17, 'Bò Lúc Lắc', 'Bò lúc lắc xào tỏi bơ thơm phức, ăn kèm cơm hoặc salad', 'Món xào', 0) ON CONFLICT DO NOTHING;
INSERT INTO MonAn (mamonan, tenmonan, mota, phanloai, isdeleted) VALUES (18, 'Gà Xào Sả Ớt', 'Gà xào sả ớt cay thơm đậm đà, ăn với cơm nóng', 'Món xào', 0) ON CONFLICT DO NOTHING;
INSERT INTO MonAn (mamonan, tenmonan, mota, phanloai, isdeleted) VALUES (19, 'Cơm Chiên Dương Châu', 'Cơm chiên với tôm, lạp xưởng, trứng, đậu Hà Lan', 'Món cơm', 0) ON CONFLICT DO NOTHING;
INSERT INTO MonAn (mamonan, tenmonan, mota, phanloai, isdeleted) VALUES (20, 'Bánh Cuốn', 'Bánh cuốn Thanh Trì mỏng mềm nhân thịt, mộc nhĩ', 'Món hấp', 0) ON CONFLICT DO NOTHING;
INSERT INTO MonAn (mamonan, tenmonan, mota, phanloai, isdeleted) VALUES (21, 'Xôi Xéo', 'Xôi xéo Hà Nội dẻo thơm với đậu xanh, hành phi', 'Món xôi', 0) ON CONFLICT DO NOTHING;
INSERT INTO MonAn (mamonan, tenmonan, mota, phanloai, isdeleted) VALUES (22, 'Bò Kho', 'Bò kho mềm thơm sả ớt, ăn với bánh mì hoặc bún', 'Món kho', 0) ON CONFLICT DO NOTHING;
INSERT INTO MonAn (mamonan, tenmonan, mota, phanloai, isdeleted) VALUES (23, 'Lẩu Thái', 'Lẩu Thái Tom Yum chua cay với hải sản và rau', 'Lẩu', 0) ON CONFLICT DO NOTHING;
INSERT INTO MonAn (mamonan, tenmonan, mota, phanloai, isdeleted) VALUES (24, 'Lẩu Gà Lá É', 'Lẩu gà lá é thơm ngọt tự nhiên, thanh mát', 'Lẩu', 0) ON CONFLICT DO NOTHING;
INSERT INTO MonAn (mamonan, tenmonan, mota, phanloai, isdeleted) VALUES (25, 'Chả Cá Lã Vọng', 'Chả cá Hà Nội chiên nghệ thì là, ăn kèm bún, mắm tôm', 'Món chiên', 0) ON CONFLICT DO NOTHING;
INSERT INTO MonAn (mamonan, tenmonan, mota, phanloai, isdeleted) VALUES (26, 'Bánh Canh Cua', 'Bánh canh cua với sợi bánh canh dày mềm, nước dùng ngọt cua', 'Món nước', 0) ON CONFLICT DO NOTHING;
INSERT INTO MonAn (mamonan, tenmonan, mota, phanloai, isdeleted) VALUES (27, 'Bún Thịt Nướng', 'Bún thịt nướng với thịt heo nướng than, rau sống, đậu phộng', 'Món trộn', 0) ON CONFLICT DO NOTHING;
INSERT INTO MonAn (mamonan, tenmonan, mota, phanloai, isdeleted) VALUES (28, 'Phở Gà', 'Phở gà thanh nhẹ với nước dùng trong, thịt gà ta', 'Món nước', 0) ON CONFLICT DO NOTHING;
INSERT INTO MonAn (mamonan, tenmonan, mota, phanloai, isdeleted) VALUES (29, 'Bún Mắm', 'Bún mắm miền Tây đậm đà với mắm cá linh, hải sản', 'Món nước', 0) ON CONFLICT DO NOTHING;
INSERT INTO MonAn (mamonan, tenmonan, mota, phanloai, isdeleted) VALUES (30, 'Cháo Lòng', 'Cháo lòng heo nóng hổi với lòng heo và huyết', 'Món cháo', 0) ON CONFLICT DO NOTHING;
INSERT INTO MonAn (mamonan, tenmonan, mota, phanloai, isdeleted) VALUES (31, 'Cháo Gà', 'Cháo gà nấu nhừ, thanh đạm, bổ dưỡng', 'Món cháo', 0) ON CONFLICT DO NOTHING;
INSERT INTO MonAn (mamonan, tenmonan, mota, phanloai, isdeleted) VALUES (32, 'Nem Nướng Nha Trang', 'Nem nướng Nha Trang giòn thơm cuốn bánh tráng', 'Món nướng', 0) ON CONFLICT DO NOTHING;
INSERT INTO MonAn (mamonan, tenmonan, mota, phanloai, isdeleted) VALUES (33, 'Bò Né', 'Bò né (bò bít tết) trên đĩa nóng kèm trứng ốp la, pate', 'Món áp chảo', 0) ON CONFLICT DO NOTHING;
INSERT INTO MonAn (mamonan, tenmonan, mota, phanloai, isdeleted) VALUES (34, 'Cơm Gà Hội An', 'Cơm gà Hội An với cơm nấu nước luộc gà, gà xé phay', 'Món cơm', 0) ON CONFLICT DO NOTHING;
INSERT INTO MonAn (mamonan, tenmonan, mota, phanloai, isdeleted) VALUES (35, 'Thịt Kho Trứng Cút', 'Thịt kho trứng cút ngọt mặn đậm đà', 'Món kho', 0) ON CONFLICT DO NOTHING;
INSERT INTO MonAn (mamonan, tenmonan, mota, phanloai, isdeleted) VALUES (36, 'Gỏi Gà', 'Gỏi gà bắp cải trộn rau răm, đậu phộng', 'Món gỏi', 0) ON CONFLICT DO NOTHING;
INSERT INTO MonAn (mamonan, tenmonan, mota, phanloai, isdeleted) VALUES (37, 'Sườn Xào Chua Ngọt', 'Sườn heo xào sốt chua ngọt với dứa, cà chua', 'Món xào', 0) ON CONFLICT DO NOTHING;
INSERT INTO MonAn (mamonan, tenmonan, mota, phanloai, isdeleted) VALUES (38, 'Rau Muống Xào Tỏi', 'Rau muống xào tỏi giòn xanh, đơn giản mà ngon', 'Món rau', 0) ON CONFLICT DO NOTHING;
INSERT INTO MonAn (mamonan, tenmonan, mota, phanloai, isdeleted) VALUES (39, 'Đậu Hũ Sốt Cà Chua', 'Đậu hũ chiên giòn sốt cà chua thơm ngon', 'Món chay', 0) ON CONFLICT DO NOTHING;
INSERT INTO MonAn (mamonan, tenmonan, mota, phanloai, isdeleted) VALUES (40, 'Canh Khổ Qua Nhồi Thịt', 'Canh khổ qua nhồi thịt thanh mát, giải nhiệt', 'Món canh', 0) ON CONFLICT DO NOTHING;
INSERT INTO MonAn (mamonan, tenmonan, mota, phanloai, isdeleted) VALUES (41, 'Tôm Rim Nước Dừa', 'Tôm rim nước dừa ngọt bùi, đậm đà', 'Món rim', 0) ON CONFLICT DO NOTHING;
INSERT INTO MonAn (mamonan, tenmonan, mota, phanloai, isdeleted) VALUES (42, 'Gà Kho Gừng', 'Gà kho gừng ấm bụng, thơm nồng vị gừng', 'Món kho', 0) ON CONFLICT DO NOTHING;
INSERT INTO MonAn (mamonan, tenmonan, mota, phanloai, isdeleted) VALUES (43, 'Bánh Bèo', 'Bánh bèo chén Huế mỏng mềm với nhân tôm chấy', 'Món hấp', 0) ON CONFLICT DO NOTHING;
INSERT INTO MonAn (mamonan, tenmonan, mota, phanloai, isdeleted) VALUES (44, 'Bánh Tráng Trộn', 'Bánh tráng trộn Sài Gòn với trứng cút, khô bò, rau răm', 'Món ăn vặt', 0) ON CONFLICT DO NOTHING;
INSERT INTO MonAn (mamonan, tenmonan, mota, phanloai, isdeleted) VALUES (45, 'Bún Đậu Mắm Tôm', 'Bún đậu mắm tôm Hà Nội với đậu hũ chiên, chả cốm', 'Món ăn', 0) ON CONFLICT DO NOTHING;
INSERT INTO MonAn (mamonan, tenmonan, mota, phanloai, isdeleted) VALUES (46, 'Cơm Hến', 'Cơm hến Huế thanh đạm với hến xào, rau sống, mắm ruốc', 'Món cơm', 0) ON CONFLICT DO NOTHING;
INSERT INTO MonAn (mamonan, tenmonan, mota, phanloai, isdeleted) VALUES (47, 'Bánh Khọt', 'Bánh khọt Vũng Tàu giòn xốp nhân tôm, ăn kèm rau sống', 'Món chiên', 0) ON CONFLICT DO NOTHING;
INSERT INTO MonAn (mamonan, tenmonan, mota, phanloai, isdeleted) VALUES (48, 'Thịt Heo Quay', 'Thịt heo quay da giòn rụm, thịt mềm ngọt', 'Món quay', 0) ON CONFLICT DO NOTHING;
INSERT INTO MonAn (mamonan, tenmonan, mota, phanloai, isdeleted) VALUES (49, 'Bún Cá', 'Bún cá Châu Đốc với nước dùng mắm, cá lóc chiên', 'Món nước', 0) ON CONFLICT DO NOTHING;
INSERT INTO MonAn (mamonan, tenmonan, mota, phanloai, isdeleted) VALUES (50, 'Gà Chiên Nước Mắm', 'Gà chiên giòn tẩm nước mắm chua ngọt Việt Nam', 'Món chiên', 0) ON CONFLICT DO NOTHING;
INSERT INTO MonAn (mamonan, tenmonan, mota, phanloai, isdeleted) VALUES (51, 'Chả giò (Nem rán)', 'Chả giò là món ăn truyền thống Việt Nam nổi tiếng với lớp vỏ bánh tráng chiên giòn rụm, bao bọc phần nhân đậm đà từ thịt, tôm và rau củ. Món ăn này thường được dùng làm khai vị, ăn kèm với nước mắm chua ngọt và rau sống để cân bằng hương vị.', 'Khai vị, Món chiên', 0) ON CONFLICT DO NOTHING;
INSERT INTO MonAn (mamonan, tenmonan, mota, phanloai, isdeleted) VALUES (52, 'Bánh mì gà nướng', 'Bánh mì gà nướng mất khoảng 45 phút để thực hiện từ đầu đến cuối. Một phần ăn cung cấp khoảng 28g protein, 14g chất béo và có chi phí khoảng 2,58 USD.', 'Bữa trưa', 0) ON CONFLICT DO NOTHING;

-- DinhDuong (52 records)
INSERT INTO DinhDuong (madinhduong, mamonan, calo, protein, chatbeo, carbohydrate, vitamin) VALUES (1, 1, '450.00', '25.00', '12.00', '55.00', 'B12, B6, Sắt') ON CONFLICT DO NOTHING;
INSERT INTO DinhDuong (madinhduong, mamonan, calo, protein, chatbeo, carbohydrate, vitamin) VALUES (2, 2, '520.00', '28.00', '18.00', '58.00', 'B12, C, Sắt') ON CONFLICT DO NOTHING;
INSERT INTO DinhDuong (madinhduong, mamonan, calo, protein, chatbeo, carbohydrate, vitamin) VALUES (3, 3, '650.00', '35.00', '22.00', '75.00', 'B1, B6, Kẽm') ON CONFLICT DO NOTHING;
INSERT INTO DinhDuong (madinhduong, mamonan, calo, protein, chatbeo, carbohydrate, vitamin) VALUES (4, 4, '380.00', '18.00', '15.00', '42.00', 'B1, B2, C') ON CONFLICT DO NOTHING;
INSERT INTO DinhDuong (madinhduong, mamonan, calo, protein, chatbeo, carbohydrate, vitamin) VALUES (5, 5, '180.00', '15.00', '3.00', '25.00', 'A, C, K') ON CONFLICT DO NOTHING;
INSERT INTO DinhDuong (madinhduong, mamonan, calo, protein, chatbeo, carbohydrate, vitamin) VALUES (6, 6, '320.00', '14.00', '20.00', '22.00', 'B1, B6, Sắt') ON CONFLICT DO NOTHING;
INSERT INTO DinhDuong (madinhduong, mamonan, calo, protein, chatbeo, carbohydrate, vitamin) VALUES (7, 7, '480.00', '30.00', '16.00', '52.00', 'B6, B12, C') ON CONFLICT DO NOTHING;
INSERT INTO DinhDuong (madinhduong, mamonan, calo, protein, chatbeo, carbohydrate, vitamin) VALUES (8, 8, '420.00', '18.00', '22.00', '38.00', 'A, B1, C') ON CONFLICT DO NOTHING;
INSERT INTO DinhDuong (madinhduong, mamonan, calo, protein, chatbeo, carbohydrate, vitamin) VALUES (9, 9, '400.00', '25.00', '10.00', '50.00', 'B12, Sắt, Kẽm') ON CONFLICT DO NOTHING;
INSERT INTO DinhDuong (madinhduong, mamonan, calo, protein, chatbeo, carbohydrate, vitamin) VALUES (10, 10, '470.00', '26.00', '15.00', '55.00', 'B6, E, Sắt') ON CONFLICT DO NOTHING;
INSERT INTO DinhDuong (madinhduong, mamonan, calo, protein, chatbeo, carbohydrate, vitamin) VALUES (11, 11, '430.00', '22.00', '14.00', '52.00', 'B1, B6, Sắt') ON CONFLICT DO NOTHING;
INSERT INTO DinhDuong (madinhduong, mamonan, calo, protein, chatbeo, carbohydrate, vitamin) VALUES (12, 12, '380.00', '22.00', '12.00', '45.00', 'A, B12, Canxi') ON CONFLICT DO NOTHING;
INSERT INTO DinhDuong (madinhduong, mamonan, calo, protein, chatbeo, carbohydrate, vitamin) VALUES (13, 13, '280.00', '25.00', '8.00', '28.00', 'A, C, B12') ON CONFLICT DO NOTHING;
INSERT INTO DinhDuong (madinhduong, mamonan, calo, protein, chatbeo, carbohydrate, vitamin) VALUES (14, 14, '550.00', '30.00', '35.00', '20.00', 'B1, B12, Sắt') ON CONFLICT DO NOTHING;
INSERT INTO DinhDuong (madinhduong, mamonan, calo, protein, chatbeo, carbohydrate, vitamin) VALUES (15, 15, '350.00', '28.00', '18.00', '15.00', 'D, B12, Omega-3') ON CONFLICT DO NOTHING;
INSERT INTO DinhDuong (madinhduong, mamonan, calo, protein, chatbeo, carbohydrate, vitamin) VALUES (16, 16, '480.00', '38.00', '25.00', '18.00', 'B6, B12, Kẽm') ON CONFLICT DO NOTHING;
INSERT INTO DinhDuong (madinhduong, mamonan, calo, protein, chatbeo, carbohydrate, vitamin) VALUES (17, 17, '420.00', '32.00', '25.00', '12.00', 'B12, B6, Sắt, Kẽm') ON CONFLICT DO NOTHING;
INSERT INTO DinhDuong (madinhduong, mamonan, calo, protein, chatbeo, carbohydrate, vitamin) VALUES (18, 18, '380.00', '30.00', '18.00', '20.00', 'B6, C, Sắt') ON CONFLICT DO NOTHING;
INSERT INTO DinhDuong (madinhduong, mamonan, calo, protein, chatbeo, carbohydrate, vitamin) VALUES (19, 19, '520.00', '20.00', '18.00', '65.00', 'B1, B6, A') ON CONFLICT DO NOTHING;
INSERT INTO DinhDuong (madinhduong, mamonan, calo, protein, chatbeo, carbohydrate, vitamin) VALUES (20, 20, '280.00', '14.00', '8.00', '38.00', 'B1, B6, Sắt') ON CONFLICT DO NOTHING;
INSERT INTO DinhDuong (madinhduong, mamonan, calo, protein, chatbeo, carbohydrate, vitamin) VALUES (21, 21, '450.00', '12.00', '15.00', '68.00', 'B1, E, Sắt') ON CONFLICT DO NOTHING;
INSERT INTO DinhDuong (madinhduong, mamonan, calo, protein, chatbeo, carbohydrate, vitamin) VALUES (22, 22, '480.00', '30.00', '22.00', '35.00', 'B12, A, Sắt') ON CONFLICT DO NOTHING;
INSERT INTO DinhDuong (madinhduong, mamonan, calo, protein, chatbeo, carbohydrate, vitamin) VALUES (23, 23, '350.00', '28.00', '12.00', '30.00', 'C, B12, Sắt') ON CONFLICT DO NOTHING;
INSERT INTO DinhDuong (madinhduong, mamonan, calo, protein, chatbeo, carbohydrate, vitamin) VALUES (24, 24, '380.00', '32.00', '15.00', '25.00', 'B6, C, K') ON CONFLICT DO NOTHING;
INSERT INTO DinhDuong (madinhduong, mamonan, calo, protein, chatbeo, carbohydrate, vitamin) VALUES (25, 25, '420.00', '30.00', '22.00', '25.00', 'D, B12, Omega-3') ON CONFLICT DO NOTHING;
INSERT INTO DinhDuong (madinhduong, mamonan, calo, protein, chatbeo, carbohydrate, vitamin) VALUES (26, 26, '380.00', '22.00', '10.00', '48.00', 'B12, Canxi, Sắt') ON CONFLICT DO NOTHING;
INSERT INTO DinhDuong (madinhduong, mamonan, calo, protein, chatbeo, carbohydrate, vitamin) VALUES (27, 27, '450.00', '28.00', '16.00', '48.00', 'B6, C, Sắt') ON CONFLICT DO NOTHING;
INSERT INTO DinhDuong (madinhduong, mamonan, calo, protein, chatbeo, carbohydrate, vitamin) VALUES (28, 28, '400.00', '28.00', '10.00', '50.00', 'B6, B12, Kẽm') ON CONFLICT DO NOTHING;
INSERT INTO DinhDuong (madinhduong, mamonan, calo, protein, chatbeo, carbohydrate, vitamin) VALUES (29, 29, '480.00', '30.00', '15.00', '52.00', 'B12, D, Sắt') ON CONFLICT DO NOTHING;
INSERT INTO DinhDuong (madinhduong, mamonan, calo, protein, chatbeo, carbohydrate, vitamin) VALUES (30, 30, '350.00', '20.00', '12.00', '40.00', 'B12, Sắt, Kẽm') ON CONFLICT DO NOTHING;
INSERT INTO DinhDuong (madinhduong, mamonan, calo, protein, chatbeo, carbohydrate, vitamin) VALUES (31, 31, '300.00', '22.00', '8.00', '38.00', 'B6, B12, Kẽm') ON CONFLICT DO NOTHING;
INSERT INTO DinhDuong (madinhduong, mamonan, calo, protein, chatbeo, carbohydrate, vitamin) VALUES (32, 32, '380.00', '22.00', '18.00', '30.00', 'B1, B6, C') ON CONFLICT DO NOTHING;
INSERT INTO DinhDuong (madinhduong, mamonan, calo, protein, chatbeo, carbohydrate, vitamin) VALUES (33, 33, '550.00', '35.00', '30.00', '30.00', 'B12, B6, Sắt') ON CONFLICT DO NOTHING;
INSERT INTO DinhDuong (madinhduong, mamonan, calo, protein, chatbeo, carbohydrate, vitamin) VALUES (34, 34, '480.00', '30.00', '15.00', '55.00', 'B6, B12, Kẽm') ON CONFLICT DO NOTHING;
INSERT INTO DinhDuong (madinhduong, mamonan, calo, protein, chatbeo, carbohydrate, vitamin) VALUES (35, 35, '480.00', '28.00', '28.00', '22.00', 'B12, D, Sắt') ON CONFLICT DO NOTHING;
INSERT INTO DinhDuong (madinhduong, mamonan, calo, protein, chatbeo, carbohydrate, vitamin) VALUES (36, 36, '280.00', '25.00', '12.00', '18.00', 'C, K, B6') ON CONFLICT DO NOTHING;
INSERT INTO DinhDuong (madinhduong, mamonan, calo, protein, chatbeo, carbohydrate, vitamin) VALUES (37, 37, '450.00', '25.00', '22.00', '35.00', 'C, B1, B6') ON CONFLICT DO NOTHING;
INSERT INTO DinhDuong (madinhduong, mamonan, calo, protein, chatbeo, carbohydrate, vitamin) VALUES (38, 38, '120.00', '5.00', '6.00', '12.00', 'A, C, K, Sắt') ON CONFLICT DO NOTHING;
INSERT INTO DinhDuong (madinhduong, mamonan, calo, protein, chatbeo, carbohydrate, vitamin) VALUES (39, 39, '250.00', '15.00', '14.00', '18.00', 'C, Canxi, Sắt') ON CONFLICT DO NOTHING;
INSERT INTO DinhDuong (madinhduong, mamonan, calo, protein, chatbeo, carbohydrate, vitamin) VALUES (40, 40, '220.00', '18.00', '8.00', '20.00', 'C, A, K, Sắt') ON CONFLICT DO NOTHING;
INSERT INTO DinhDuong (madinhduong, mamonan, calo, protein, chatbeo, carbohydrate, vitamin) VALUES (41, 41, '320.00', '25.00', '15.00', '18.00', 'B12, D, Selen') ON CONFLICT DO NOTHING;
INSERT INTO DinhDuong (madinhduong, mamonan, calo, protein, chatbeo, carbohydrate, vitamin) VALUES (42, 42, '380.00', '30.00', '18.00', '18.00', 'B6, C, Sắt') ON CONFLICT DO NOTHING;
INSERT INTO DinhDuong (madinhduong, mamonan, calo, protein, chatbeo, carbohydrate, vitamin) VALUES (43, 43, '220.00', '10.00', '8.00', '30.00', 'B1, D, Selen') ON CONFLICT DO NOTHING;
INSERT INTO DinhDuong (madinhduong, mamonan, calo, protein, chatbeo, carbohydrate, vitamin) VALUES (44, 44, '280.00', '12.00', '10.00', '35.00', 'C, B6, A') ON CONFLICT DO NOTHING;
INSERT INTO DinhDuong (madinhduong, mamonan, calo, protein, chatbeo, carbohydrate, vitamin) VALUES (45, 45, '450.00', '22.00', '25.00', '35.00', 'Canxi, B1, K') ON CONFLICT DO NOTHING;
INSERT INTO DinhDuong (madinhduong, mamonan, calo, protein, chatbeo, carbohydrate, vitamin) VALUES (46, 46, '320.00', '18.00', '8.00', '45.00', 'B12, Sắt, Canxi') ON CONFLICT DO NOTHING;
INSERT INTO DinhDuong (madinhduong, mamonan, calo, protein, chatbeo, carbohydrate, vitamin) VALUES (47, 47, '350.00', '15.00', '18.00', '32.00', 'D, B1, Selen') ON CONFLICT DO NOTHING;
INSERT INTO DinhDuong (madinhduong, mamonan, calo, protein, chatbeo, carbohydrate, vitamin) VALUES (48, 48, '520.00', '28.00', '35.00', '10.00', 'B1, B12, Sắt') ON CONFLICT DO NOTHING;
INSERT INTO DinhDuong (madinhduong, mamonan, calo, protein, chatbeo, carbohydrate, vitamin) VALUES (49, 49, '400.00', '28.00', '14.00', '42.00', 'D, B12, Omega-3') ON CONFLICT DO NOTHING;
INSERT INTO DinhDuong (madinhduong, mamonan, calo, protein, chatbeo, carbohydrate, vitamin) VALUES (50, 50, '480.00', '32.00', '25.00', '28.00', 'B6, B12, Kẽm') ON CONFLICT DO NOTHING;
INSERT INTO DinhDuong (madinhduong, mamonan, calo, protein, chatbeo, carbohydrate, vitamin) VALUES (51, 51, '280.00', '12.50', '18.00', '22.00', 'Vitamin B12, Sắt, Kẽm, Magie') ON CONFLICT DO NOTHING;
INSERT INTO DinhDuong (madinhduong, mamonan, calo, protein, chatbeo, carbohydrate, vitamin) VALUES (52, 52, '448.20', '27.90', '14.20', '47.50', '') ON CONFLICT DO NOTHING;

-- CongThuc (52 records)
INSERT INTO CongThuc (macongthuc, mamonan, huongdan, thoigiannau, khauphan) VALUES (1, 1, 'Ninh xương bò 4-6 tiếng với gừng, hành nướng, quế, hồi, thảo quả. Trụng bánh phở, xếp thịt bò, chan nước dùng. Ăn kèm giá đỗ, rau thơm, chanh, ớt.', 120, 2) ON CONFLICT DO NOTHING;
INSERT INTO CongThuc (macongthuc, mamonan, huongdan, thoigiannau, khauphan) VALUES (2, 2, 'Ninh xương heo, bò với sả, ớt, mắm ruốc. Thêm chả cua, huyết. Trụng bún, chan nước dùng nóng. Ăn kèm rau sống, chanh.', 150, 2) ON CONFLICT DO NOTHING;
INSERT INTO CongThuc (macongthuc, mamonan, huongdan, thoigiannau, khauphan) VALUES (3, 3, 'Ướp sườn với sả, tỏi, nước mắm, đường, nướng trên than. Nấu cơm tấm. Chiên trứng ốp la. Bày ra đĩa với bì, chả, đồ chua, nước mắm pha.', 45, 1) ON CONFLICT DO NOTHING;
INSERT INTO CongThuc (macongthuc, mamonan, huongdan, thoigiannau, khauphan) VALUES (4, 4, 'Nướng giòn bánh mì. Phết bơ, pate lên ruột bánh. Xếp thịt nguội, chả lụa, dưa leo, đồ chua, rau mùi, ớt. Rưới nước tương.', 15, 1) ON CONFLICT DO NOTHING;
INSERT INTO CongThuc (macongthuc, mamonan, huongdan, thoigiannau, khauphan) VALUES (5, 5, 'Luộc tôm, thịt. Nhúng bánh tráng nước ấm, xếp rau, bún, tôm, thịt rồi cuốn chặt. Pha nước chấm mắm nêm hoặc tương đen.', 30, 2) ON CONFLICT DO NOTHING;
INSERT INTO CongThuc (macongthuc, mamonan, huongdan, thoigiannau, khauphan) VALUES (6, 6, 'Trộn nhân thịt heo xay, mộc nhĩ, miến, cà rốt, hành. Cuốn bánh tráng, chiên vàng giòn. Ăn kèm nước mắm chua ngọt và rau sống.', 45, 4) ON CONFLICT DO NOTHING;
INSERT INTO CongThuc (macongthuc, mamonan, huongdan, thoigiannau, khauphan) VALUES (7, 7, 'Ướp thịt ba chỉ và thịt xay viên với nước mắm, đường, tỏi, tiêu. Nướng trên than hoa. Pha nước chấm chua ngọt với đu đủ, cà rốt. Ăn với bún và rau sống.', 60, 2) ON CONFLICT DO NOTHING;
INSERT INTO CongThuc (macongthuc, mamonan, huongdan, thoigiannau, khauphan) VALUES (8, 8, 'Pha bột bánh xèo với nước cốt dừa, bột nghệ. Đổ bột mỏng trên chảo nóng, thêm tôm, thịt, giá. Gấp đôi, chiên giòn. Cuốn rau sống, chấm nước mắm.', 40, 2) ON CONFLICT DO NOTHING;
INSERT INTO CongThuc (macongthuc, mamonan, huongdan, thoigiannau, khauphan) VALUES (9, 9, 'Ninh xương heo lấy nước dùng trong. Trụng hủ tiếu, xếp tôm, thịt băm, gan. Chan nước dùng, thêm hành phi, tỏi phi.', 90, 2) ON CONFLICT DO NOTHING;
INSERT INTO CongThuc (macongthuc, mamonan, huongdan, thoigiannau, khauphan) VALUES (10, 10, 'Nấu nước dùng từ xương, tôm. Ướp thịt gà hoặc heo với nghệ. Trụng mì, chan nước dùng vừa xâm xấp. Rắc đậu phộng rang, bánh tráng nướng, rau sống.', 60, 2) ON CONFLICT DO NOTHING;
INSERT INTO CongThuc (macongthuc, mamonan, huongdan, thoigiannau, khauphan) VALUES (11, 11, 'Luộc sợi cao lầu. Thái thịt heo xá xíu. Xếp mì, thịt, rau sống, giá. Rưới nước xá xíu và dầu phi hành.', 50, 2) ON CONFLICT DO NOTHING;
INSERT INTO CongThuc (macongthuc, mamonan, huongdan, thoigiannau, khauphan) VALUES (12, 12, 'Giã cua đồng lọc lấy nước và gạch. Nấu nước dùng với cà chua, mắm tôm. Cho riêu cua vào, thêm đậu phụ, huyết. Trụng bún, chan nước dùng.', 90, 2) ON CONFLICT DO NOTHING;
INSERT INTO CongThuc (macongthuc, mamonan, huongdan, thoigiannau, khauphan) VALUES (13, 13, 'Nấu nước dùng với thơm, cà chua, me. Cho cá lóc vào, thêm đậu bắp, giá đỗ, bạc hà. Nêm nước mắm, đường. Rắc rau ngổ.', 30, 2) ON CONFLICT DO NOTHING;
INSERT INTO CongThuc (macongthuc, mamonan, huongdan, thoigiannau, khauphan) VALUES (14, 14, 'Rim đường thắng màu caramel. Cho thịt ba chỉ vào đảo đều. Đổ nước dừa tươi, nước mắm, tiêu. Thêm trứng luộc. Kho liu riu 1-2 tiếng đến khi mềm.', 90, 4) ON CONFLICT DO NOTHING;
INSERT INTO CongThuc (macongthuc, mamonan, huongdan, thoigiannau, khauphan) VALUES (15, 15, 'Ướp cá basa với nước mắm, đường, tiêu, nước hàng. Phi hành tỏi trong nồi đất, xếp cá vào. Kho lửa nhỏ đến khi cá thấm gia vị, nước kho sánh lại.', 45, 2) ON CONFLICT DO NOTHING;
INSERT INTO CongThuc (macongthuc, mamonan, huongdan, thoigiannau, khauphan) VALUES (16, 16, 'Ướp gà với mật ong, nước mắm, tỏi, gừng, ngũ vị hương 2 tiếng. Nướng ở 200°C trong 45-60 phút, quét thêm mật ong giữa chừng.', 90, 4) ON CONFLICT DO NOTHING;
INSERT INTO CongThuc (macongthuc, mamonan, huongdan, thoigiannau, khauphan) VALUES (17, 17, 'Thái bò thành khối vuông, ướp nước tương, tỏi, tiêu, đường. Phi tỏi bơ, cho bò vào xào lửa lớn nhanh tay. Bò chín tái vừa mềm.', 20, 2) ON CONFLICT DO NOTHING;
INSERT INTO CongThuc (macongthuc, mamonan, huongdan, thoigiannau, khauphan) VALUES (18, 18, 'Ướp gà với sả băm, ớt, nước mắm, đường. Phi sả ớt thơm, cho gà vào xào lửa lớn. Thêm ít nước, rim đến khi cạn nước, gà thấm gia vị.', 30, 2) ON CONFLICT DO NOTHING;
INSERT INTO CongThuc (macongthuc, mamonan, huongdan, thoigiannau, khauphan) VALUES (19, 19, 'Xào tôm, lạp xưởng trước. Cho cơm nguội vào xào lửa lớn, tạo không gian cho trứng. Thêm đậu Hà Lan, cà rốt, nêm nước mắm, tiêu.', 20, 2) ON CONFLICT DO NOTHING;
INSERT INTO CongThuc (macongthuc, mamonan, huongdan, thoigiannau, khauphan) VALUES (20, 20, 'Pha bột gạo với nước, tráng mỏng trên vải hấp. Nhân thịt xay xào mộc nhĩ, hành. Cuộn bánh, ăn kèm chả quế và nước mắm chua ngọt.', 60, 2) ON CONFLICT DO NOTHING;
INSERT INTO CongThuc (macongthuc, mamonan, huongdan, thoigiannau, khauphan) VALUES (21, 21, 'Ngâm nếp 4 tiếng, hấp chín. Đậu xanh hấp chín tán nhuyễn. Xếp xôi, đậu xanh, rưới mỡ hành phi. Rắc hành phi giòn.', 60, 2) ON CONFLICT DO NOTHING;
INSERT INTO CongThuc (macongthuc, mamonan, huongdan, thoigiannau, khauphan) VALUES (22, 22, 'Ướp bò với sả, ớt, bột cà ri. Phi hành tỏi, xào bò. Thêm nước, cà rốt, khoai tây. Hầm liu riu 2 tiếng đến khi bò mềm.', 120, 4) ON CONFLICT DO NOTHING;
INSERT INTO CongThuc (macongthuc, mamonan, huongdan, thoigiannau, khauphan) VALUES (23, 23, 'Nấu nước dùng với sả, lá chanh, galangal, ớt, cà chua. Cho nước cốt chanh, nước mắm. Nhúng hải sản, nấm, rau.', 40, 4) ON CONFLICT DO NOTHING;
INSERT INTO CongThuc (macongthuc, mamonan, huongdan, thoigiannau, khauphan) VALUES (24, 24, 'Luộc gà lấy nước dùng trong. Cho lá é, sả, gừng vào nước dùng. Thái gà miếng vừa. Nhúng rau, nấm ăn kèm bún.', 45, 4) ON CONFLICT DO NOTHING;
INSERT INTO CongThuc (macongthuc, mamonan, huongdan, thoigiannau, khauphan) VALUES (25, 25, 'Ướp cá lăng với nghệ, sả, mẻ. Chiên cá sơ, sau đó xào với thì là, hành lá trên chảo nóng. Ăn kèm bún, mắm tôm, đậu phộng.', 40, 2) ON CONFLICT DO NOTHING;
INSERT INTO CongThuc (macongthuc, mamonan, huongdan, thoigiannau, khauphan) VALUES (26, 26, 'Nấu nước dùng từ cua, gạch cua. Trụng sợi bánh canh, chan nước dùng. Thêm thịt cua, hành lá, tiêu.', 60, 2) ON CONFLICT DO NOTHING;
INSERT INTO CongThuc (macongthuc, mamonan, huongdan, thoigiannau, khauphan) VALUES (27, 27, 'Ướp thịt heo với sả, tỏi, nước mắm, mật ong. Nướng trên than. Bày bún, rau sống, thịt nướng, đậu phộng, hành phi. Rưới nước mắm chua ngọt.', 40, 2) ON CONFLICT DO NOTHING;
INSERT INTO CongThuc (macongthuc, mamonan, huongdan, thoigiannau, khauphan) VALUES (28, 28, 'Luộc gà ta, lấy nước dùng trong. Trụng bánh phở, xếp thịt gà xé, chan nước dùng. Thêm hành lá, rau thơm, chanh, ớt.', 90, 2) ON CONFLICT DO NOTHING;
INSERT INTO CongThuc (macongthuc, mamonan, huongdan, thoigiannau, khauphan) VALUES (29, 29, 'Nấu nước dùng từ mắm cá linh, lọc trong. Thêm tôm, mực, cá, thịt heo. Trụng bún, chan nước dùng, thêm rau sống.', 60, 2) ON CONFLICT DO NOTHING;
INSERT INTO CongThuc (macongthuc, mamonan, huongdan, thoigiannau, khauphan) VALUES (30, 30, 'Nấu cháo trắng nhừ. Luộc lòng heo, thái miếng. Cho lòng, huyết vào cháo. Nêm nước mắm, tiêu. Rắc hành lá, giá đỗ.', 60, 2) ON CONFLICT DO NOTHING;
INSERT INTO CongThuc (macongthuc, mamonan, huongdan, thoigiannau, khauphan) VALUES (31, 31, 'Luộc gà, xé thịt. Nấu gạo với nước luộc gà đến nhừ. Cho thịt gà xé vào. Rắc hành lá, gừng thái sợi, tiêu.', 45, 2) ON CONFLICT DO NOTHING;
INSERT INTO CongThuc (macongthuc, mamonan, huongdan, thoigiannau, khauphan) VALUES (32, 32, 'Xay thịt heo với tỏi, đường, bột nổi. Viên thành viên, nướng trên than. Cuốn bánh tráng với rau sống, bún, chấm nước chấm.', 40, 2) ON CONFLICT DO NOTHING;
INSERT INTO CongThuc (macongthuc, mamonan, huongdan, thoigiannau, khauphan) VALUES (33, 33, 'Ướp bò với tiêu, bơ, nước tương. Áp chảo trên đĩa gang nóng. Thêm trứng ốp la, pate, bánh mì. Ăn ngay khi còn nóng xèo xèo.', 20, 1) ON CONFLICT DO NOTHING;
INSERT INTO CongThuc (macongthuc, mamonan, huongdan, thoigiannau, khauphan) VALUES (34, 34, 'Luộc gà, lấy nước luộc nấu cơm. Gà xé phay trộn hành tây, rau răm. Ăn kèm canh, đồ chua.', 50, 2) ON CONFLICT DO NOTHING;
INSERT INTO CongThuc (macongthuc, mamonan, huongdan, thoigiannau, khauphan) VALUES (35, 35, 'Thắng đường caramel. Cho thịt ba chỉ kho với nước dừa, nước mắm. Thêm trứng cút luộc. Kho liu riu đến mềm.', 60, 4) ON CONFLICT DO NOTHING;
INSERT INTO CongThuc (macongthuc, mamonan, huongdan, thoigiannau, khauphan) VALUES (36, 36, 'Luộc gà, xé sợi. Thái bắp cải, hành tây sợi mỏng. Trộn gà, rau với nước mắm chua ngọt. Rắc đậu phộng, rau răm.', 25, 2) ON CONFLICT DO NOTHING;
INSERT INTO CongThuc (macongthuc, mamonan, huongdan, thoigiannau, khauphan) VALUES (37, 37, 'Chiên sơ sườn. Xào cà chua, dứa với đường, giấm, nước mắm tạo sốt. Cho sườn vào rim đến khi sốt sánh đều.', 35, 2) ON CONFLICT DO NOTHING;
INSERT INTO CongThuc (macongthuc, mamonan, huongdan, thoigiannau, khauphan) VALUES (38, 38, 'Phi tỏi băm thơm với dầu nóng. Cho rau muống vào xào lửa lớn nhanh tay. Nêm nước mắm, đường. Rau chín tới vẫn giòn xanh.', 10, 2) ON CONFLICT DO NOTHING;
INSERT INTO CongThuc (macongthuc, mamonan, huongdan, thoigiannau, khauphan) VALUES (39, 39, 'Chiên đậu hũ vàng giòn. Xào cà chua nhuyễn với hành tỏi. Cho đậu hũ vào rim với sốt cà chua, nêm nước mắm. Rắc hành lá.', 20, 2) ON CONFLICT DO NOTHING;
INSERT INTO CongThuc (macongthuc, mamonan, huongdan, thoigiannau, khauphan) VALUES (40, 40, 'Khoét ruột khổ qua, nhồi thịt heo xay trộn mộc nhĩ, miến. Nấu nước dùng, cho khổ qua nhồi vào nấu chín mềm. Nêm nước mắm.', 40, 2) ON CONFLICT DO NOTHING;
INSERT INTO CongThuc (macongthuc, mamonan, huongdan, thoigiannau, khauphan) VALUES (41, 41, 'Phi hành tỏi, cho tôm vào xào sơ. Đổ nước dừa, nước mắm, đường, tiêu. Rim lửa nhỏ đến khi nước sánh, tôm thấm gia vị.', 25, 2) ON CONFLICT DO NOTHING;
INSERT INTO CongThuc (macongthuc, mamonan, huongdan, thoigiannau, khauphan) VALUES (42, 42, 'Ướp gà với nước mắm, đường, tiêu. Phi gừng thái sợi thơm. Cho gà vào kho với nước, rim đến khi cạn nước, gà thấm.', 40, 2) ON CONFLICT DO NOTHING;
INSERT INTO CongThuc (macongthuc, mamonan, huongdan, thoigiannau, khauphan) VALUES (43, 43, 'Pha bột gạo với nước, đổ vào chén nhỏ hấp chín. Làm nhân tôm chấy phi hành. Rưới lên bánh, thêm mỡ hành, ăn kèm nước mắm.', 40, 2) ON CONFLICT DO NOTHING;
INSERT INTO CongThuc (macongthuc, mamonan, huongdan, thoigiannau, khauphan) VALUES (44, 44, 'Cắt bánh tráng sợi. Trộn với trứng cút, khô bò, xoài xanh, rau răm. Thêm tương ớt, nước mắm chua ngọt, sa tế. Trộn đều.', 10, 1) ON CONFLICT DO NOTHING;
INSERT INTO CongThuc (macongthuc, mamonan, huongdan, thoigiannau, khauphan) VALUES (45, 45, 'Chiên đậu hũ vàng giòn. Bày bún lá, đậu hũ, chả cốm, thịt luộc. Pha mắm tôm với chanh, đường, ớt, quất.', 20, 2) ON CONFLICT DO NOTHING;
INSERT INTO CongThuc (macongthuc, mamonan, huongdan, thoigiannau, khauphan) VALUES (46, 46, 'Luộc hến lấy nước và thịt. Xào hến với gia vị. Bày cơm nguội, hến xào, rau sống, đậu phộng. Rưới nước hến, mắm ruốc ớt.', 30, 2) ON CONFLICT DO NOTHING;
INSERT INTO CongThuc (macongthuc, mamonan, huongdan, thoigiannau, khauphan) VALUES (47, 47, 'Pha bột gạo với nước cốt dừa, bột nghệ. Đổ bột vào khuôn nóng, cho tôm lên. Chiên vàng giòn. Ăn kèm rau sống, nước mắm chua ngọt.', 30, 2) ON CONFLICT DO NOTHING;
INSERT INTO CongThuc (macongthuc, mamonan, huongdan, thoigiannau, khauphan) VALUES (48, 48, 'Ướp thịt ba rọi với ngũ vị hương, muối, tỏi. Để da khô, xăm lỗ nhỏ. Quay ở 220°C đến khi da phồng giòn vàng.', 120, 4) ON CONFLICT DO NOTHING;
INSERT INTO CongThuc (macongthuc, mamonan, huongdan, thoigiannau, khauphan) VALUES (49, 49, 'Nấu nước dùng từ mắm cá, lọc trong. Chiên cá lóc vàng. Trụng bún, chan nước dùng, xếp cá chiên. Ăn kèm rau sống.', 50, 2) ON CONFLICT DO NOTHING;
INSERT INTO CongThuc (macongthuc, mamonan, huongdan, thoigiannau, khauphan) VALUES (50, 50, 'Ướp đùi gà với tỏi, tiêu. Chiên vàng giòn. Nấu sốt nước mắm, đường, tỏi phi, ớt. Rưới sốt lên gà, rắc hành phi.', 40, 2) ON CONFLICT DO NOTHING;
INSERT INTO CongThuc (macongthuc, mamonan, huongdan, thoigiannau, khauphan) VALUES (51, 51, 'Sơ chế nguyên liệu bằng cách ngâm nở miến và mộc nhĩ rồi băm nhỏ, cà rốt bào sợi, sau đó trộn đều tất cả với thịt băm, tôm, trứng và gia vị để làm phần nhân. Trải bánh tráng ra mặt phẳng, thấm một ít nước cho mềm rồi cho nhân vào giữa và cuộn tròn chặt tay. Đun nóng dầu ăn trong chảo và chiên chả giò ở lửa vừa cho đến khi lớp vỏ chuyển màu vàng nâu và đạt độ giòn rụm, sau đó vớt ra để ráo dầu trước khi trình bày.', 40, 4) ON CONFLICT DO NOTHING;
INSERT INTO CongThuc (macongthuc, mamonan, huongdan, thoigiannau, khauphan) VALUES (52, 52, 'Chưa có hướng dẫn chi tiết', 45, 6) ON CONFLICT DO NOTHING;

-- NguyenLieu (141 records)
INSERT INTO NguyenLieu (manguyenlieu, tennguyenlieu) VALUES (1, 'Bánh phở') ON CONFLICT DO NOTHING;
INSERT INTO NguyenLieu (manguyenlieu, tennguyenlieu) VALUES (2, 'Thịt bò') ON CONFLICT DO NOTHING;
INSERT INTO NguyenLieu (manguyenlieu, tennguyenlieu) VALUES (3, 'Xương bò') ON CONFLICT DO NOTHING;
INSERT INTO NguyenLieu (manguyenlieu, tennguyenlieu) VALUES (4, 'Gừng') ON CONFLICT DO NOTHING;
INSERT INTO NguyenLieu (manguyenlieu, tennguyenlieu) VALUES (5, 'Hành tây') ON CONFLICT DO NOTHING;
INSERT INTO NguyenLieu (manguyenlieu, tennguyenlieu) VALUES (6, 'Quế') ON CONFLICT DO NOTHING;
INSERT INTO NguyenLieu (manguyenlieu, tennguyenlieu) VALUES (7, 'Hồi') ON CONFLICT DO NOTHING;
INSERT INTO NguyenLieu (manguyenlieu, tennguyenlieu) VALUES (8, 'Thảo quả') ON CONFLICT DO NOTHING;
INSERT INTO NguyenLieu (manguyenlieu, tennguyenlieu) VALUES (9, 'Nước mắm') ON CONFLICT DO NOTHING;
INSERT INTO NguyenLieu (manguyenlieu, tennguyenlieu) VALUES (10, 'Giá đỗ') ON CONFLICT DO NOTHING;
INSERT INTO NguyenLieu (manguyenlieu, tennguyenlieu) VALUES (11, 'Rau thơm') ON CONFLICT DO NOTHING;
INSERT INTO NguyenLieu (manguyenlieu, tennguyenlieu) VALUES (12, 'Bún tươi') ON CONFLICT DO NOTHING;
INSERT INTO NguyenLieu (manguyenlieu, tennguyenlieu) VALUES (13, 'Thịt bò bắp') ON CONFLICT DO NOTHING;
INSERT INTO NguyenLieu (manguyenlieu, tennguyenlieu) VALUES (14, 'Giò heo') ON CONFLICT DO NOTHING;
INSERT INTO NguyenLieu (manguyenlieu, tennguyenlieu) VALUES (15, 'Sả') ON CONFLICT DO NOTHING;
INSERT INTO NguyenLieu (manguyenlieu, tennguyenlieu) VALUES (16, 'Mắm ruốc') ON CONFLICT DO NOTHING;
INSERT INTO NguyenLieu (manguyenlieu, tennguyenlieu) VALUES (17, 'Ớt bột') ON CONFLICT DO NOTHING;
INSERT INTO NguyenLieu (manguyenlieu, tennguyenlieu) VALUES (18, 'Chả cua') ON CONFLICT DO NOTHING;
INSERT INTO NguyenLieu (manguyenlieu, tennguyenlieu) VALUES (19, 'Rau sống') ON CONFLICT DO NOTHING;
INSERT INTO NguyenLieu (manguyenlieu, tennguyenlieu) VALUES (20, 'Gạo tấm') ON CONFLICT DO NOTHING;
INSERT INTO NguyenLieu (manguyenlieu, tennguyenlieu) VALUES (21, 'Sườn heo') ON CONFLICT DO NOTHING;
INSERT INTO NguyenLieu (manguyenlieu, tennguyenlieu) VALUES (22, 'Trứng') ON CONFLICT DO NOTHING;
INSERT INTO NguyenLieu (manguyenlieu, tennguyenlieu) VALUES (23, 'Bì heo') ON CONFLICT DO NOTHING;
INSERT INTO NguyenLieu (manguyenlieu, tennguyenlieu) VALUES (24, 'Chả trứng') ON CONFLICT DO NOTHING;
INSERT INTO NguyenLieu (manguyenlieu, tennguyenlieu) VALUES (25, 'Đồ chua') ON CONFLICT DO NOTHING;
INSERT INTO NguyenLieu (manguyenlieu, tennguyenlieu) VALUES (27, 'Tỏi') ON CONFLICT DO NOTHING;
INSERT INTO NguyenLieu (manguyenlieu, tennguyenlieu) VALUES (29, 'Bánh mì') ON CONFLICT DO NOTHING;
INSERT INTO NguyenLieu (manguyenlieu, tennguyenlieu) VALUES (30, 'Pate') ON CONFLICT DO NOTHING;
INSERT INTO NguyenLieu (manguyenlieu, tennguyenlieu) VALUES (31, 'Thịt nguội') ON CONFLICT DO NOTHING;
INSERT INTO NguyenLieu (manguyenlieu, tennguyenlieu) VALUES (32, 'Chả lụa') ON CONFLICT DO NOTHING;
INSERT INTO NguyenLieu (manguyenlieu, tennguyenlieu) VALUES (33, 'Dưa leo') ON CONFLICT DO NOTHING;
INSERT INTO NguyenLieu (manguyenlieu, tennguyenlieu) VALUES (35, 'Rau mùi') ON CONFLICT DO NOTHING;
INSERT INTO NguyenLieu (manguyenlieu, tennguyenlieu) VALUES (36, 'Ớt') ON CONFLICT DO NOTHING;
INSERT INTO NguyenLieu (manguyenlieu, tennguyenlieu) VALUES (37, 'Bánh tráng') ON CONFLICT DO NOTHING;
INSERT INTO NguyenLieu (manguyenlieu, tennguyenlieu) VALUES (38, 'Tôm') ON CONFLICT DO NOTHING;
INSERT INTO NguyenLieu (manguyenlieu, tennguyenlieu) VALUES (39, 'Thịt heo') ON CONFLICT DO NOTHING;
INSERT INTO NguyenLieu (manguyenlieu, tennguyenlieu) VALUES (41, 'Rau xà lách') ON CONFLICT DO NOTHING;
INSERT INTO NguyenLieu (manguyenlieu, tennguyenlieu) VALUES (43, 'Tương đen') ON CONFLICT DO NOTHING;
INSERT INTO NguyenLieu (manguyenlieu, tennguyenlieu) VALUES (45, 'Thịt heo xay') ON CONFLICT DO NOTHING;
INSERT INTO NguyenLieu (manguyenlieu, tennguyenlieu) VALUES (46, 'Mộc nhĩ') ON CONFLICT DO NOTHING;
INSERT INTO NguyenLieu (manguyenlieu, tennguyenlieu) VALUES (47, 'Miến') ON CONFLICT DO NOTHING;
INSERT INTO NguyenLieu (manguyenlieu, tennguyenlieu) VALUES (48, 'Cà rốt') ON CONFLICT DO NOTHING;
INSERT INTO NguyenLieu (manguyenlieu, tennguyenlieu) VALUES (50, 'Hành tím') ON CONFLICT DO NOTHING;
INSERT INTO NguyenLieu (manguyenlieu, tennguyenlieu) VALUES (51, 'Thịt ba chỉ') ON CONFLICT DO NOTHING;
INSERT INTO NguyenLieu (manguyenlieu, tennguyenlieu) VALUES (52, 'Thịt xay') ON CONFLICT DO NOTHING;
INSERT INTO NguyenLieu (manguyenlieu, tennguyenlieu) VALUES (55, 'Đường') ON CONFLICT DO NOTHING;
INSERT INTO NguyenLieu (manguyenlieu, tennguyenlieu) VALUES (57, 'Đu đủ xanh') ON CONFLICT DO NOTHING;
INSERT INTO NguyenLieu (manguyenlieu, tennguyenlieu) VALUES (59, 'Bột bánh xèo') ON CONFLICT DO NOTHING;
INSERT INTO NguyenLieu (manguyenlieu, tennguyenlieu) VALUES (63, 'Nước cốt dừa') ON CONFLICT DO NOTHING;
INSERT INTO NguyenLieu (manguyenlieu, tennguyenlieu) VALUES (64, 'Bột nghệ') ON CONFLICT DO NOTHING;
INSERT INTO NguyenLieu (manguyenlieu, tennguyenlieu) VALUES (66, 'Hủ tiếu') ON CONFLICT DO NOTHING;
INSERT INTO NguyenLieu (manguyenlieu, tennguyenlieu) VALUES (69, 'Gan heo') ON CONFLICT DO NOTHING;
INSERT INTO NguyenLieu (manguyenlieu, tennguyenlieu) VALUES (70, 'Xương heo') ON CONFLICT DO NOTHING;
INSERT INTO NguyenLieu (manguyenlieu, tennguyenlieu) VALUES (71, 'Hành phi') ON CONFLICT DO NOTHING;
INSERT INTO NguyenLieu (manguyenlieu, tennguyenlieu) VALUES (72, 'Tỏi phi') ON CONFLICT DO NOTHING;
INSERT INTO NguyenLieu (manguyenlieu, tennguyenlieu) VALUES (73, 'Mì Quảng') ON CONFLICT DO NOTHING;
INSERT INTO NguyenLieu (manguyenlieu, tennguyenlieu) VALUES (74, 'Thịt gà') ON CONFLICT DO NOTHING;
INSERT INTO NguyenLieu (manguyenlieu, tennguyenlieu) VALUES (76, 'Đậu phộng') ON CONFLICT DO NOTHING;
INSERT INTO NguyenLieu (manguyenlieu, tennguyenlieu) VALUES (77, 'Nghệ') ON CONFLICT DO NOTHING;
INSERT INTO NguyenLieu (manguyenlieu, tennguyenlieu) VALUES (80, 'Sợi cao lầu') ON CONFLICT DO NOTHING;
INSERT INTO NguyenLieu (manguyenlieu, tennguyenlieu) VALUES (81, 'Thịt heo xá xíu') ON CONFLICT DO NOTHING;
INSERT INTO NguyenLieu (manguyenlieu, tennguyenlieu) VALUES (84, 'Bánh tráng nướng') ON CONFLICT DO NOTHING;
INSERT INTO NguyenLieu (manguyenlieu, tennguyenlieu) VALUES (85, 'Nước xá xíu') ON CONFLICT DO NOTHING;
INSERT INTO NguyenLieu (manguyenlieu, tennguyenlieu) VALUES (87, 'Cua đồng') ON CONFLICT DO NOTHING;
INSERT INTO NguyenLieu (manguyenlieu, tennguyenlieu) VALUES (88, 'Cà chua') ON CONFLICT DO NOTHING;
INSERT INTO NguyenLieu (manguyenlieu, tennguyenlieu) VALUES (89, 'Đậu phụ') ON CONFLICT DO NOTHING;
INSERT INTO NguyenLieu (manguyenlieu, tennguyenlieu) VALUES (90, 'Mắm tôm') ON CONFLICT DO NOTHING;
INSERT INTO NguyenLieu (manguyenlieu, tennguyenlieu) VALUES (91, 'Hành lá') ON CONFLICT DO NOTHING;
INSERT INTO NguyenLieu (manguyenlieu, tennguyenlieu) VALUES (93, 'Cá lóc') ON CONFLICT DO NOTHING;
INSERT INTO NguyenLieu (manguyenlieu, tennguyenlieu) VALUES (94, 'Thơm') ON CONFLICT DO NOTHING;
INSERT INTO NguyenLieu (manguyenlieu, tennguyenlieu) VALUES (96, 'Đậu bắp') ON CONFLICT DO NOTHING;
INSERT INTO NguyenLieu (manguyenlieu, tennguyenlieu) VALUES (98, 'Me') ON CONFLICT DO NOTHING;
INSERT INTO NguyenLieu (manguyenlieu, tennguyenlieu) VALUES (99, 'Rau ngổ') ON CONFLICT DO NOTHING;
INSERT INTO NguyenLieu (manguyenlieu, tennguyenlieu) VALUES (101, 'Trứng vịt') ON CONFLICT DO NOTHING;
INSERT INTO NguyenLieu (manguyenlieu, tennguyenlieu) VALUES (102, 'Nước dừa tươi') ON CONFLICT DO NOTHING;
INSERT INTO NguyenLieu (manguyenlieu, tennguyenlieu) VALUES (107, 'Cá basa') ON CONFLICT DO NOTHING;
INSERT INTO NguyenLieu (manguyenlieu, tennguyenlieu) VALUES (110, 'Nước hàng') ON CONFLICT DO NOTHING;
INSERT INTO NguyenLieu (manguyenlieu, tennguyenlieu) VALUES (114, 'Tiêu') ON CONFLICT DO NOTHING;
INSERT INTO NguyenLieu (manguyenlieu, tennguyenlieu) VALUES (115, 'Gà nguyên con') ON CONFLICT DO NOTHING;
INSERT INTO NguyenLieu (manguyenlieu, tennguyenlieu) VALUES (116, 'Mật ong') ON CONFLICT DO NOTHING;
INSERT INTO NguyenLieu (manguyenlieu, tennguyenlieu) VALUES (120, 'Ngũ vị hương') ON CONFLICT DO NOTHING;
INSERT INTO NguyenLieu (manguyenlieu, tennguyenlieu) VALUES (121, 'Thịt bò thăn') ON CONFLICT DO NOTHING;
INSERT INTO NguyenLieu (manguyenlieu, tennguyenlieu) VALUES (122, 'Bơ') ON CONFLICT DO NOTHING;
INSERT INTO NguyenLieu (manguyenlieu, tennguyenlieu) VALUES (124, 'Nước tương') ON CONFLICT DO NOTHING;
INSERT INTO NguyenLieu (manguyenlieu, tennguyenlieu) VALUES (135, 'Cơm nguội') ON CONFLICT DO NOTHING;
INSERT INTO NguyenLieu (manguyenlieu, tennguyenlieu) VALUES (137, 'Lạp xưởng') ON CONFLICT DO NOTHING;
INSERT INTO NguyenLieu (manguyenlieu, tennguyenlieu) VALUES (139, 'Đậu Hà Lan') ON CONFLICT DO NOTHING;
INSERT INTO NguyenLieu (manguyenlieu, tennguyenlieu) VALUES (142, 'Bột gạo') ON CONFLICT DO NOTHING;
INSERT INTO NguyenLieu (manguyenlieu, tennguyenlieu) VALUES (145, 'Hành khô') ON CONFLICT DO NOTHING;
INSERT INTO NguyenLieu (manguyenlieu, tennguyenlieu) VALUES (146, 'Chả quế') ON CONFLICT DO NOTHING;
INSERT INTO NguyenLieu (manguyenlieu, tennguyenlieu) VALUES (149, 'Gạo nếp') ON CONFLICT DO NOTHING;
INSERT INTO NguyenLieu (manguyenlieu, tennguyenlieu) VALUES (150, 'Đậu xanh') ON CONFLICT DO NOTHING;
INSERT INTO NguyenLieu (manguyenlieu, tennguyenlieu) VALUES (152, 'Mỡ hành') ON CONFLICT DO NOTHING;
INSERT INTO NguyenLieu (manguyenlieu, tennguyenlieu) VALUES (153, 'Muối') ON CONFLICT DO NOTHING;
INSERT INTO NguyenLieu (manguyenlieu, tennguyenlieu) VALUES (154, 'Thịt bò gầu') ON CONFLICT DO NOTHING;
INSERT INTO NguyenLieu (manguyenlieu, tennguyenlieu) VALUES (157, 'Bột cà ri') ON CONFLICT DO NOTHING;
INSERT INTO NguyenLieu (manguyenlieu, tennguyenlieu) VALUES (158, 'Nước dừa') ON CONFLICT DO NOTHING;
INSERT INTO NguyenLieu (manguyenlieu, tennguyenlieu) VALUES (160, 'Khoai tây') ON CONFLICT DO NOTHING;
INSERT INTO NguyenLieu (manguyenlieu, tennguyenlieu) VALUES (162, 'Mực') ON CONFLICT DO NOTHING;
INSERT INTO NguyenLieu (manguyenlieu, tennguyenlieu) VALUES (163, 'Nấm') ON CONFLICT DO NOTHING;
INSERT INTO NguyenLieu (manguyenlieu, tennguyenlieu) VALUES (165, 'Lá chanh') ON CONFLICT DO NOTHING;
INSERT INTO NguyenLieu (manguyenlieu, tennguyenlieu) VALUES (168, 'Rau muống') ON CONFLICT DO NOTHING;
INSERT INTO NguyenLieu (manguyenlieu, tennguyenlieu) VALUES (169, 'Gà ta') ON CONFLICT DO NOTHING;
INSERT INTO NguyenLieu (manguyenlieu, tennguyenlieu) VALUES (170, 'Lá é') ON CONFLICT DO NOTHING;
INSERT INTO NguyenLieu (manguyenlieu, tennguyenlieu) VALUES (176, 'Cá lăng') ON CONFLICT DO NOTHING;
INSERT INTO NguyenLieu (manguyenlieu, tennguyenlieu) VALUES (177, 'Nghệ tươi') ON CONFLICT DO NOTHING;
INSERT INTO NguyenLieu (manguyenlieu, tennguyenlieu) VALUES (178, 'Thì là') ON CONFLICT DO NOTHING;
INSERT INTO NguyenLieu (manguyenlieu, tennguyenlieu) VALUES (183, 'Bánh canh bột gạo') ON CONFLICT DO NOTHING;
INSERT INTO NguyenLieu (manguyenlieu, tennguyenlieu) VALUES (184, 'Cua') ON CONFLICT DO NOTHING;
INSERT INTO NguyenLieu (manguyenlieu, tennguyenlieu) VALUES (201, 'Mắm cá linh') ON CONFLICT DO NOTHING;
INSERT INTO NguyenLieu (manguyenlieu, tennguyenlieu) VALUES (205, 'Cà tím') ON CONFLICT DO NOTHING;
INSERT INTO NguyenLieu (manguyenlieu, tennguyenlieu) VALUES (207, 'Gạo') ON CONFLICT DO NOTHING;
INSERT INTO NguyenLieu (manguyenlieu, tennguyenlieu) VALUES (208, 'Lòng heo') ON CONFLICT DO NOTHING;
INSERT INTO NguyenLieu (manguyenlieu, tennguyenlieu) VALUES (209, 'Huyết heo') ON CONFLICT DO NOTHING;
INSERT INTO NguyenLieu (manguyenlieu, tennguyenlieu) VALUES (218, 'Thịt heo nạc') ON CONFLICT DO NOTHING;
INSERT INTO NguyenLieu (manguyenlieu, tennguyenlieu) VALUES (233, 'Rau răm') ON CONFLICT DO NOTHING;
INSERT INTO NguyenLieu (manguyenlieu, tennguyenlieu) VALUES (237, 'Trứng cút') ON CONFLICT DO NOTHING;
INSERT INTO NguyenLieu (manguyenlieu, tennguyenlieu) VALUES (243, 'Bắp cải') ON CONFLICT DO NOTHING;
INSERT INTO NguyenLieu (manguyenlieu, tennguyenlieu) VALUES (249, 'Dứa') ON CONFLICT DO NOTHING;
INSERT INTO NguyenLieu (manguyenlieu, tennguyenlieu) VALUES (252, 'Giấm') ON CONFLICT DO NOTHING;
INSERT INTO NguyenLieu (manguyenlieu, tennguyenlieu) VALUES (259, 'Dầu ăn') ON CONFLICT DO NOTHING;
INSERT INTO NguyenLieu (manguyenlieu, tennguyenlieu) VALUES (260, 'Đậu hũ') ON CONFLICT DO NOTHING;
INSERT INTO NguyenLieu (manguyenlieu, tennguyenlieu) VALUES (265, 'Khổ qua') ON CONFLICT DO NOTHING;
INSERT INTO NguyenLieu (manguyenlieu, tennguyenlieu) VALUES (271, 'Tôm sú') ON CONFLICT DO NOTHING;
INSERT INTO NguyenLieu (manguyenlieu, tennguyenlieu) VALUES (285, 'Tôm khô') ON CONFLICT DO NOTHING;
INSERT INTO NguyenLieu (manguyenlieu, tennguyenlieu) VALUES (291, 'Khô bò') ON CONFLICT DO NOTHING;
INSERT INTO NguyenLieu (manguyenlieu, tennguyenlieu) VALUES (292, 'Xoài xanh') ON CONFLICT DO NOTHING;
INSERT INTO NguyenLieu (manguyenlieu, tennguyenlieu) VALUES (294, 'Tương ớt') ON CONFLICT DO NOTHING;
INSERT INTO NguyenLieu (manguyenlieu, tennguyenlieu) VALUES (295, 'Bún lá') ON CONFLICT DO NOTHING;
INSERT INTO NguyenLieu (manguyenlieu, tennguyenlieu) VALUES (297, 'Chả cốm') ON CONFLICT DO NOTHING;
INSERT INTO NguyenLieu (manguyenlieu, tennguyenlieu) VALUES (298, 'Thịt luộc') ON CONFLICT DO NOTHING;
INSERT INTO NguyenLieu (manguyenlieu, tennguyenlieu) VALUES (300, 'Chanh') ON CONFLICT DO NOTHING;
INSERT INTO NguyenLieu (manguyenlieu, tennguyenlieu) VALUES (303, 'Hến') ON CONFLICT DO NOTHING;
INSERT INTO NguyenLieu (manguyenlieu, tennguyenlieu) VALUES (314, 'Thịt ba rọi') ON CONFLICT DO NOTHING;
INSERT INTO NguyenLieu (manguyenlieu, tennguyenlieu) VALUES (321, 'Mắm cá') ON CONFLICT DO NOTHING;
INSERT INTO NguyenLieu (manguyenlieu, tennguyenlieu) VALUES (325, 'Đùi gà') ON CONFLICT DO NOTHING;
INSERT INTO NguyenLieu (manguyenlieu, tennguyenlieu) VALUES (331, 'Thịt heo băm') ON CONFLICT DO NOTHING;
INSERT INTO NguyenLieu (manguyenlieu, tennguyenlieu) VALUES (332, 'Tôm tươi băm nhỏ') ON CONFLICT DO NOTHING;
INSERT INTO NguyenLieu (manguyenlieu, tennguyenlieu) VALUES (334, 'Miến và mộc nhĩ') ON CONFLICT DO NOTHING;
INSERT INTO NguyenLieu (manguyenlieu, tennguyenlieu) VALUES (335, 'Trứng gà') ON CONFLICT DO NOTHING;
INSERT INTO NguyenLieu (manguyenlieu, tennguyenlieu) VALUES (336, 'Cà rốt và hành tây') ON CONFLICT DO NOTHING;

-- ChiTietNguyenLieu (336 records)
INSERT INTO ChiTietNguyenLieu (machitiet, macongthuc, manguyenlieu, soluong) VALUES (1, 1, 1, '400g') ON CONFLICT DO NOTHING;
INSERT INTO ChiTietNguyenLieu (machitiet, macongthuc, manguyenlieu, soluong) VALUES (2, 1, 2, '300g') ON CONFLICT DO NOTHING;
INSERT INTO ChiTietNguyenLieu (machitiet, macongthuc, manguyenlieu, soluong) VALUES (3, 1, 3, '1kg') ON CONFLICT DO NOTHING;
INSERT INTO ChiTietNguyenLieu (machitiet, macongthuc, manguyenlieu, soluong) VALUES (4, 1, 4, '50g') ON CONFLICT DO NOTHING;
INSERT INTO ChiTietNguyenLieu (machitiet, macongthuc, manguyenlieu, soluong) VALUES (5, 1, 5, '2 củ') ON CONFLICT DO NOTHING;
INSERT INTO ChiTietNguyenLieu (machitiet, macongthuc, manguyenlieu, soluong) VALUES (6, 1, 6, '1 thanh') ON CONFLICT DO NOTHING;
INSERT INTO ChiTietNguyenLieu (machitiet, macongthuc, manguyenlieu, soluong) VALUES (7, 1, 7, '3 cánh') ON CONFLICT DO NOTHING;
INSERT INTO ChiTietNguyenLieu (machitiet, macongthuc, manguyenlieu, soluong) VALUES (8, 1, 8, '2 quả') ON CONFLICT DO NOTHING;
INSERT INTO ChiTietNguyenLieu (machitiet, macongthuc, manguyenlieu, soluong) VALUES (9, 1, 9, '3 tbsp') ON CONFLICT DO NOTHING;
INSERT INTO ChiTietNguyenLieu (machitiet, macongthuc, manguyenlieu, soluong) VALUES (10, 1, 10, '200g') ON CONFLICT DO NOTHING;
INSERT INTO ChiTietNguyenLieu (machitiet, macongthuc, manguyenlieu, soluong) VALUES (11, 1, 11, '1 bó') ON CONFLICT DO NOTHING;
INSERT INTO ChiTietNguyenLieu (machitiet, macongthuc, manguyenlieu, soluong) VALUES (12, 2, 12, '400g') ON CONFLICT DO NOTHING;
INSERT INTO ChiTietNguyenLieu (machitiet, macongthuc, manguyenlieu, soluong) VALUES (13, 2, 13, '300g') ON CONFLICT DO NOTHING;
INSERT INTO ChiTietNguyenLieu (machitiet, macongthuc, manguyenlieu, soluong) VALUES (14, 2, 14, '200g') ON CONFLICT DO NOTHING;
INSERT INTO ChiTietNguyenLieu (machitiet, macongthuc, manguyenlieu, soluong) VALUES (15, 2, 15, '5 cây') ON CONFLICT DO NOTHING;
INSERT INTO ChiTietNguyenLieu (machitiet, macongthuc, manguyenlieu, soluong) VALUES (16, 2, 16, '2 tbsp') ON CONFLICT DO NOTHING;
INSERT INTO ChiTietNguyenLieu (machitiet, macongthuc, manguyenlieu, soluong) VALUES (17, 2, 17, '1 tbsp') ON CONFLICT DO NOTHING;
INSERT INTO ChiTietNguyenLieu (machitiet, macongthuc, manguyenlieu, soluong) VALUES (18, 2, 18, '200g') ON CONFLICT DO NOTHING;
INSERT INTO ChiTietNguyenLieu (machitiet, macongthuc, manguyenlieu, soluong) VALUES (19, 2, 19, '200g') ON CONFLICT DO NOTHING;
INSERT INTO ChiTietNguyenLieu (machitiet, macongthuc, manguyenlieu, soluong) VALUES (20, 3, 20, '200g') ON CONFLICT DO NOTHING;
INSERT INTO ChiTietNguyenLieu (machitiet, macongthuc, manguyenlieu, soluong) VALUES (21, 3, 21, '200g') ON CONFLICT DO NOTHING;
INSERT INTO ChiTietNguyenLieu (machitiet, macongthuc, manguyenlieu, soluong) VALUES (22, 3, 22, '1 quả') ON CONFLICT DO NOTHING;
INSERT INTO ChiTietNguyenLieu (machitiet, macongthuc, manguyenlieu, soluong) VALUES (23, 3, 23, '50g') ON CONFLICT DO NOTHING;
INSERT INTO ChiTietNguyenLieu (machitiet, macongthuc, manguyenlieu, soluong) VALUES (24, 3, 24, '50g') ON CONFLICT DO NOTHING;
INSERT INTO ChiTietNguyenLieu (machitiet, macongthuc, manguyenlieu, soluong) VALUES (25, 3, 25, '50g') ON CONFLICT DO NOTHING;
INSERT INTO ChiTietNguyenLieu (machitiet, macongthuc, manguyenlieu, soluong) VALUES (26, 3, 9, '2 tbsp') ON CONFLICT DO NOTHING;
INSERT INTO ChiTietNguyenLieu (machitiet, macongthuc, manguyenlieu, soluong) VALUES (27, 3, 27, '3 tép') ON CONFLICT DO NOTHING;
INSERT INTO ChiTietNguyenLieu (machitiet, macongthuc, manguyenlieu, soluong) VALUES (28, 3, 15, '2 cây') ON CONFLICT DO NOTHING;
INSERT INTO ChiTietNguyenLieu (machitiet, macongthuc, manguyenlieu, soluong) VALUES (29, 4, 29, '1 ổ') ON CONFLICT DO NOTHING;
INSERT INTO ChiTietNguyenLieu (machitiet, macongthuc, manguyenlieu, soluong) VALUES (30, 4, 30, '30g') ON CONFLICT DO NOTHING;
INSERT INTO ChiTietNguyenLieu (machitiet, macongthuc, manguyenlieu, soluong) VALUES (31, 4, 31, '50g') ON CONFLICT DO NOTHING;
INSERT INTO ChiTietNguyenLieu (machitiet, macongthuc, manguyenlieu, soluong) VALUES (32, 4, 32, '30g') ON CONFLICT DO NOTHING;
INSERT INTO ChiTietNguyenLieu (machitiet, macongthuc, manguyenlieu, soluong) VALUES (33, 4, 33, '1/2 quả') ON CONFLICT DO NOTHING;
INSERT INTO ChiTietNguyenLieu (machitiet, macongthuc, manguyenlieu, soluong) VALUES (34, 4, 25, '30g') ON CONFLICT DO NOTHING;
INSERT INTO ChiTietNguyenLieu (machitiet, macongthuc, manguyenlieu, soluong) VALUES (35, 4, 35, '1 nhánh') ON CONFLICT DO NOTHING;
INSERT INTO ChiTietNguyenLieu (machitiet, macongthuc, manguyenlieu, soluong) VALUES (36, 4, 36, '1 quả') ON CONFLICT DO NOTHING;
INSERT INTO ChiTietNguyenLieu (machitiet, macongthuc, manguyenlieu, soluong) VALUES (37, 5, 37, '10 cái') ON CONFLICT DO NOTHING;
INSERT INTO ChiTietNguyenLieu (machitiet, macongthuc, manguyenlieu, soluong) VALUES (38, 5, 38, '200g') ON CONFLICT DO NOTHING;
INSERT INTO ChiTietNguyenLieu (machitiet, macongthuc, manguyenlieu, soluong) VALUES (39, 5, 39, '150g') ON CONFLICT DO NOTHING;
INSERT INTO ChiTietNguyenLieu (machitiet, macongthuc, manguyenlieu, soluong) VALUES (40, 5, 12, '100g') ON CONFLICT DO NOTHING;
INSERT INTO ChiTietNguyenLieu (machitiet, macongthuc, manguyenlieu, soluong) VALUES (41, 5, 41, '100g') ON CONFLICT DO NOTHING;
INSERT INTO ChiTietNguyenLieu (machitiet, macongthuc, manguyenlieu, soluong) VALUES (42, 5, 11, '50g') ON CONFLICT DO NOTHING;
INSERT INTO ChiTietNguyenLieu (machitiet, macongthuc, manguyenlieu, soluong) VALUES (43, 5, 43, '50ml') ON CONFLICT DO NOTHING;
INSERT INTO ChiTietNguyenLieu (machitiet, macongthuc, manguyenlieu, soluong) VALUES (44, 6, 37, '20 cái') ON CONFLICT DO NOTHING;
INSERT INTO ChiTietNguyenLieu (machitiet, macongthuc, manguyenlieu, soluong) VALUES (45, 6, 45, '300g') ON CONFLICT DO NOTHING;
INSERT INTO ChiTietNguyenLieu (machitiet, macongthuc, manguyenlieu, soluong) VALUES (46, 6, 46, '20g') ON CONFLICT DO NOTHING;
INSERT INTO ChiTietNguyenLieu (machitiet, macongthuc, manguyenlieu, soluong) VALUES (47, 6, 47, '50g') ON CONFLICT DO NOTHING;
INSERT INTO ChiTietNguyenLieu (machitiet, macongthuc, manguyenlieu, soluong) VALUES (48, 6, 48, '1 củ') ON CONFLICT DO NOTHING;
INSERT INTO ChiTietNguyenLieu (machitiet, macongthuc, manguyenlieu, soluong) VALUES (49, 6, 22, '2 quả') ON CONFLICT DO NOTHING;
INSERT INTO ChiTietNguyenLieu (machitiet, macongthuc, manguyenlieu, soluong) VALUES (50, 6, 50, '3 củ') ON CONFLICT DO NOTHING;
INSERT INTO ChiTietNguyenLieu (machitiet, macongthuc, manguyenlieu, soluong) VALUES (51, 7, 51, '200g') ON CONFLICT DO NOTHING;
INSERT INTO ChiTietNguyenLieu (machitiet, macongthuc, manguyenlieu, soluong) VALUES (52, 7, 52, '200g') ON CONFLICT DO NOTHING;
INSERT INTO ChiTietNguyenLieu (machitiet, macongthuc, manguyenlieu, soluong) VALUES (53, 7, 12, '300g') ON CONFLICT DO NOTHING;
INSERT INTO ChiTietNguyenLieu (machitiet, macongthuc, manguyenlieu, soluong) VALUES (54, 7, 9, '3 tbsp') ON CONFLICT DO NOTHING;
INSERT INTO ChiTietNguyenLieu (machitiet, macongthuc, manguyenlieu, soluong) VALUES (55, 7, 55, '2 tbsp') ON CONFLICT DO NOTHING;
INSERT INTO ChiTietNguyenLieu (machitiet, macongthuc, manguyenlieu, soluong) VALUES (56, 7, 27, '5 tép') ON CONFLICT DO NOTHING;
INSERT INTO ChiTietNguyenLieu (machitiet, macongthuc, manguyenlieu, soluong) VALUES (57, 7, 57, '100g') ON CONFLICT DO NOTHING;
INSERT INTO ChiTietNguyenLieu (machitiet, macongthuc, manguyenlieu, soluong) VALUES (58, 7, 19, '200g') ON CONFLICT DO NOTHING;
INSERT INTO ChiTietNguyenLieu (machitiet, macongthuc, manguyenlieu, soluong) VALUES (59, 8, 59, '200g') ON CONFLICT DO NOTHING;
INSERT INTO ChiTietNguyenLieu (machitiet, macongthuc, manguyenlieu, soluong) VALUES (60, 8, 38, '150g') ON CONFLICT DO NOTHING;
INSERT INTO ChiTietNguyenLieu (machitiet, macongthuc, manguyenlieu, soluong) VALUES (61, 8, 39, '100g') ON CONFLICT DO NOTHING;
INSERT INTO ChiTietNguyenLieu (machitiet, macongthuc, manguyenlieu, soluong) VALUES (62, 8, 10, '200g') ON CONFLICT DO NOTHING;
INSERT INTO ChiTietNguyenLieu (machitiet, macongthuc, manguyenlieu, soluong) VALUES (63, 8, 63, '100ml') ON CONFLICT DO NOTHING;
INSERT INTO ChiTietNguyenLieu (machitiet, macongthuc, manguyenlieu, soluong) VALUES (64, 8, 64, '1 tsp') ON CONFLICT DO NOTHING;
INSERT INTO ChiTietNguyenLieu (machitiet, macongthuc, manguyenlieu, soluong) VALUES (65, 8, 19, '300g') ON CONFLICT DO NOTHING;
INSERT INTO ChiTietNguyenLieu (machitiet, macongthuc, manguyenlieu, soluong) VALUES (66, 9, 66, '300g') ON CONFLICT DO NOTHING;
INSERT INTO ChiTietNguyenLieu (machitiet, macongthuc, manguyenlieu, soluong) VALUES (67, 9, 38, '150g') ON CONFLICT DO NOTHING;
INSERT INTO ChiTietNguyenLieu (machitiet, macongthuc, manguyenlieu, soluong) VALUES (68, 9, 45, '150g') ON CONFLICT DO NOTHING;
INSERT INTO ChiTietNguyenLieu (machitiet, macongthuc, manguyenlieu, soluong) VALUES (69, 9, 69, '100g') ON CONFLICT DO NOTHING;
INSERT INTO ChiTietNguyenLieu (machitiet, macongthuc, manguyenlieu, soluong) VALUES (70, 9, 70, '500g') ON CONFLICT DO NOTHING;
INSERT INTO ChiTietNguyenLieu (machitiet, macongthuc, manguyenlieu, soluong) VALUES (71, 9, 71, '2 tbsp') ON CONFLICT DO NOTHING;
INSERT INTO ChiTietNguyenLieu (machitiet, macongthuc, manguyenlieu, soluong) VALUES (72, 9, 72, '1 tbsp') ON CONFLICT DO NOTHING;
INSERT INTO ChiTietNguyenLieu (machitiet, macongthuc, manguyenlieu, soluong) VALUES (73, 10, 73, '300g') ON CONFLICT DO NOTHING;
INSERT INTO ChiTietNguyenLieu (machitiet, macongthuc, manguyenlieu, soluong) VALUES (74, 10, 74, '200g') ON CONFLICT DO NOTHING;
INSERT INTO ChiTietNguyenLieu (machitiet, macongthuc, manguyenlieu, soluong) VALUES (75, 10, 38, '150g') ON CONFLICT DO NOTHING;
INSERT INTO ChiTietNguyenLieu (machitiet, macongthuc, manguyenlieu, soluong) VALUES (76, 10, 76, '50g') ON CONFLICT DO NOTHING;
INSERT INTO ChiTietNguyenLieu (machitiet, macongthuc, manguyenlieu, soluong) VALUES (77, 10, 77, '1 tsp') ON CONFLICT DO NOTHING;
INSERT INTO ChiTietNguyenLieu (machitiet, macongthuc, manguyenlieu, soluong) VALUES (78, 10, 37, '4 cái') ON CONFLICT DO NOTHING;
INSERT INTO ChiTietNguyenLieu (machitiet, macongthuc, manguyenlieu, soluong) VALUES (79, 10, 19, '200g') ON CONFLICT DO NOTHING;
INSERT INTO ChiTietNguyenLieu (machitiet, macongthuc, manguyenlieu, soluong) VALUES (80, 11, 80, '300g') ON CONFLICT DO NOTHING;
INSERT INTO ChiTietNguyenLieu (machitiet, macongthuc, manguyenlieu, soluong) VALUES (81, 11, 81, '200g') ON CONFLICT DO NOTHING;
INSERT INTO ChiTietNguyenLieu (machitiet, macongthuc, manguyenlieu, soluong) VALUES (82, 11, 10, '100g') ON CONFLICT DO NOTHING;
INSERT INTO ChiTietNguyenLieu (machitiet, macongthuc, manguyenlieu, soluong) VALUES (83, 11, 19, '150g') ON CONFLICT DO NOTHING;
INSERT INTO ChiTietNguyenLieu (machitiet, macongthuc, manguyenlieu, soluong) VALUES (84, 11, 84, '3 cái') ON CONFLICT DO NOTHING;
INSERT INTO ChiTietNguyenLieu (machitiet, macongthuc, manguyenlieu, soluong) VALUES (85, 11, 85, '100ml') ON CONFLICT DO NOTHING;
INSERT INTO ChiTietNguyenLieu (machitiet, macongthuc, manguyenlieu, soluong) VALUES (86, 12, 12, '400g') ON CONFLICT DO NOTHING;
INSERT INTO ChiTietNguyenLieu (machitiet, macongthuc, manguyenlieu, soluong) VALUES (87, 12, 87, '500g') ON CONFLICT DO NOTHING;
INSERT INTO ChiTietNguyenLieu (machitiet, macongthuc, manguyenlieu, soluong) VALUES (88, 12, 88, '3 quả') ON CONFLICT DO NOTHING;
INSERT INTO ChiTietNguyenLieu (machitiet, macongthuc, manguyenlieu, soluong) VALUES (89, 12, 89, '2 bìa') ON CONFLICT DO NOTHING;
INSERT INTO ChiTietNguyenLieu (machitiet, macongthuc, manguyenlieu, soluong) VALUES (90, 12, 90, '1 tbsp') ON CONFLICT DO NOTHING;
INSERT INTO ChiTietNguyenLieu (machitiet, macongthuc, manguyenlieu, soluong) VALUES (91, 12, 91, '3 cây') ON CONFLICT DO NOTHING;
INSERT INTO ChiTietNguyenLieu (machitiet, macongthuc, manguyenlieu, soluong) VALUES (92, 12, 19, '200g') ON CONFLICT DO NOTHING;
INSERT INTO ChiTietNguyenLieu (machitiet, macongthuc, manguyenlieu, soluong) VALUES (93, 13, 93, '400g') ON CONFLICT DO NOTHING;
INSERT INTO ChiTietNguyenLieu (machitiet, macongthuc, manguyenlieu, soluong) VALUES (94, 13, 94, '1/2 quả') ON CONFLICT DO NOTHING;
INSERT INTO ChiTietNguyenLieu (machitiet, macongthuc, manguyenlieu, soluong) VALUES (95, 13, 88, '2 quả') ON CONFLICT DO NOTHING;
INSERT INTO ChiTietNguyenLieu (machitiet, macongthuc, manguyenlieu, soluong) VALUES (96, 13, 96, '100g') ON CONFLICT DO NOTHING;
INSERT INTO ChiTietNguyenLieu (machitiet, macongthuc, manguyenlieu, soluong) VALUES (97, 13, 10, '100g') ON CONFLICT DO NOTHING;
INSERT INTO ChiTietNguyenLieu (machitiet, macongthuc, manguyenlieu, soluong) VALUES (98, 13, 98, '30g') ON CONFLICT DO NOTHING;
INSERT INTO ChiTietNguyenLieu (machitiet, macongthuc, manguyenlieu, soluong) VALUES (99, 13, 99, '1 bó') ON CONFLICT DO NOTHING;
INSERT INTO ChiTietNguyenLieu (machitiet, macongthuc, manguyenlieu, soluong) VALUES (100, 14, 51, '500g') ON CONFLICT DO NOTHING;
INSERT INTO ChiTietNguyenLieu (machitiet, macongthuc, manguyenlieu, soluong) VALUES (101, 14, 101, '4 quả') ON CONFLICT DO NOTHING;
INSERT INTO ChiTietNguyenLieu (machitiet, macongthuc, manguyenlieu, soluong) VALUES (102, 14, 102, '500ml') ON CONFLICT DO NOTHING;
INSERT INTO ChiTietNguyenLieu (machitiet, macongthuc, manguyenlieu, soluong) VALUES (103, 14, 9, '3 tbsp') ON CONFLICT DO NOTHING;
INSERT INTO ChiTietNguyenLieu (machitiet, macongthuc, manguyenlieu, soluong) VALUES (104, 14, 55, '2 tbsp') ON CONFLICT DO NOTHING;
INSERT INTO ChiTietNguyenLieu (machitiet, macongthuc, manguyenlieu, soluong) VALUES (105, 14, 50, '3 củ') ON CONFLICT DO NOTHING;
INSERT INTO ChiTietNguyenLieu (machitiet, macongthuc, manguyenlieu, soluong) VALUES (106, 14, 27, '5 tép') ON CONFLICT DO NOTHING;
INSERT INTO ChiTietNguyenLieu (machitiet, macongthuc, manguyenlieu, soluong) VALUES (107, 15, 107, '400g') ON CONFLICT DO NOTHING;
INSERT INTO ChiTietNguyenLieu (machitiet, macongthuc, manguyenlieu, soluong) VALUES (108, 15, 9, '3 tbsp') ON CONFLICT DO NOTHING;
INSERT INTO ChiTietNguyenLieu (machitiet, macongthuc, manguyenlieu, soluong) VALUES (109, 15, 55, '1.5 tbsp') ON CONFLICT DO NOTHING;
INSERT INTO ChiTietNguyenLieu (machitiet, macongthuc, manguyenlieu, soluong) VALUES (110, 15, 110, '1 tbsp') ON CONFLICT DO NOTHING;
INSERT INTO ChiTietNguyenLieu (machitiet, macongthuc, manguyenlieu, soluong) VALUES (111, 15, 50, '3 củ') ON CONFLICT DO NOTHING;
INSERT INTO ChiTietNguyenLieu (machitiet, macongthuc, manguyenlieu, soluong) VALUES (112, 15, 27, '4 tép') ON CONFLICT DO NOTHING;
INSERT INTO ChiTietNguyenLieu (machitiet, macongthuc, manguyenlieu, soluong) VALUES (113, 15, 36, '2 quả') ON CONFLICT DO NOTHING;
INSERT INTO ChiTietNguyenLieu (machitiet, macongthuc, manguyenlieu, soluong) VALUES (114, 15, 114, '1 tsp') ON CONFLICT DO NOTHING;
INSERT INTO ChiTietNguyenLieu (machitiet, macongthuc, manguyenlieu, soluong) VALUES (115, 16, 115, '1.2kg') ON CONFLICT DO NOTHING;
INSERT INTO ChiTietNguyenLieu (machitiet, macongthuc, manguyenlieu, soluong) VALUES (116, 16, 116, '3 tbsp') ON CONFLICT DO NOTHING;
INSERT INTO ChiTietNguyenLieu (machitiet, macongthuc, manguyenlieu, soluong) VALUES (117, 16, 9, '2 tbsp') ON CONFLICT DO NOTHING;
INSERT INTO ChiTietNguyenLieu (machitiet, macongthuc, manguyenlieu, soluong) VALUES (118, 16, 27, '5 tép') ON CONFLICT DO NOTHING;
INSERT INTO ChiTietNguyenLieu (machitiet, macongthuc, manguyenlieu, soluong) VALUES (119, 16, 4, '30g') ON CONFLICT DO NOTHING;
INSERT INTO ChiTietNguyenLieu (machitiet, macongthuc, manguyenlieu, soluong) VALUES (120, 16, 120, '1 tsp') ON CONFLICT DO NOTHING;
INSERT INTO ChiTietNguyenLieu (machitiet, macongthuc, manguyenlieu, soluong) VALUES (121, 17, 121, '300g') ON CONFLICT DO NOTHING;
INSERT INTO ChiTietNguyenLieu (machitiet, macongthuc, manguyenlieu, soluong) VALUES (122, 17, 122, '30g') ON CONFLICT DO NOTHING;
INSERT INTO ChiTietNguyenLieu (machitiet, macongthuc, manguyenlieu, soluong) VALUES (123, 17, 27, '5 tép') ON CONFLICT DO NOTHING;
INSERT INTO ChiTietNguyenLieu (machitiet, macongthuc, manguyenlieu, soluong) VALUES (124, 17, 124, '2 tbsp') ON CONFLICT DO NOTHING;
INSERT INTO ChiTietNguyenLieu (machitiet, macongthuc, manguyenlieu, soluong) VALUES (125, 17, 114, '1 tsp') ON CONFLICT DO NOTHING;
INSERT INTO ChiTietNguyenLieu (machitiet, macongthuc, manguyenlieu, soluong) VALUES (126, 17, 5, '1 củ') ON CONFLICT DO NOTHING;
INSERT INTO ChiTietNguyenLieu (machitiet, macongthuc, manguyenlieu, soluong) VALUES (127, 17, 88, '1 quả') ON CONFLICT DO NOTHING;
INSERT INTO ChiTietNguyenLieu (machitiet, macongthuc, manguyenlieu, soluong) VALUES (128, 18, 74, '400g') ON CONFLICT DO NOTHING;
INSERT INTO ChiTietNguyenLieu (machitiet, macongthuc, manguyenlieu, soluong) VALUES (129, 18, 15, '5 cây') ON CONFLICT DO NOTHING;
INSERT INTO ChiTietNguyenLieu (machitiet, macongthuc, manguyenlieu, soluong) VALUES (130, 18, 36, '5 quả') ON CONFLICT DO NOTHING;
INSERT INTO ChiTietNguyenLieu (machitiet, macongthuc, manguyenlieu, soluong) VALUES (131, 18, 9, '2 tbsp') ON CONFLICT DO NOTHING;
INSERT INTO ChiTietNguyenLieu (machitiet, macongthuc, manguyenlieu, soluong) VALUES (132, 18, 55, '1 tbsp') ON CONFLICT DO NOTHING;
INSERT INTO ChiTietNguyenLieu (machitiet, macongthuc, manguyenlieu, soluong) VALUES (133, 18, 27, '3 tép') ON CONFLICT DO NOTHING;
INSERT INTO ChiTietNguyenLieu (machitiet, macongthuc, manguyenlieu, soluong) VALUES (134, 18, 50, '2 củ') ON CONFLICT DO NOTHING;
INSERT INTO ChiTietNguyenLieu (machitiet, macongthuc, manguyenlieu, soluong) VALUES (135, 19, 135, '400g') ON CONFLICT DO NOTHING;
INSERT INTO ChiTietNguyenLieu (machitiet, macongthuc, manguyenlieu, soluong) VALUES (136, 19, 38, '100g') ON CONFLICT DO NOTHING;
INSERT INTO ChiTietNguyenLieu (machitiet, macongthuc, manguyenlieu, soluong) VALUES (137, 19, 137, '2 cây') ON CONFLICT DO NOTHING;
INSERT INTO ChiTietNguyenLieu (machitiet, macongthuc, manguyenlieu, soluong) VALUES (138, 19, 22, '2 quả') ON CONFLICT DO NOTHING;
INSERT INTO ChiTietNguyenLieu (machitiet, macongthuc, manguyenlieu, soluong) VALUES (139, 19, 139, '50g') ON CONFLICT DO NOTHING;
INSERT INTO ChiTietNguyenLieu (machitiet, macongthuc, manguyenlieu, soluong) VALUES (140, 19, 48, '1 củ') ON CONFLICT DO NOTHING;
INSERT INTO ChiTietNguyenLieu (machitiet, macongthuc, manguyenlieu, soluong) VALUES (141, 19, 91, '3 cây') ON CONFLICT DO NOTHING;
INSERT INTO ChiTietNguyenLieu (machitiet, macongthuc, manguyenlieu, soluong) VALUES (142, 20, 142, '200g') ON CONFLICT DO NOTHING;
INSERT INTO ChiTietNguyenLieu (machitiet, macongthuc, manguyenlieu, soluong) VALUES (143, 20, 45, '150g') ON CONFLICT DO NOTHING;
INSERT INTO ChiTietNguyenLieu (machitiet, macongthuc, manguyenlieu, soluong) VALUES (144, 20, 46, '20g') ON CONFLICT DO NOTHING;
INSERT INTO ChiTietNguyenLieu (machitiet, macongthuc, manguyenlieu, soluong) VALUES (145, 20, 145, '3 củ') ON CONFLICT DO NOTHING;
INSERT INTO ChiTietNguyenLieu (machitiet, macongthuc, manguyenlieu, soluong) VALUES (146, 20, 146, '100g') ON CONFLICT DO NOTHING;
INSERT INTO ChiTietNguyenLieu (machitiet, macongthuc, manguyenlieu, soluong) VALUES (147, 20, 9, '2 tbsp') ON CONFLICT DO NOTHING;
INSERT INTO ChiTietNguyenLieu (machitiet, macongthuc, manguyenlieu, soluong) VALUES (148, 20, 10, '100g') ON CONFLICT DO NOTHING;
INSERT INTO ChiTietNguyenLieu (machitiet, macongthuc, manguyenlieu, soluong) VALUES (149, 21, 149, '300g') ON CONFLICT DO NOTHING;
INSERT INTO ChiTietNguyenLieu (machitiet, macongthuc, manguyenlieu, soluong) VALUES (150, 21, 150, '150g') ON CONFLICT DO NOTHING;
INSERT INTO ChiTietNguyenLieu (machitiet, macongthuc, manguyenlieu, soluong) VALUES (151, 21, 50, '5 củ') ON CONFLICT DO NOTHING;
INSERT INTO ChiTietNguyenLieu (machitiet, macongthuc, manguyenlieu, soluong) VALUES (152, 21, 152, '50ml') ON CONFLICT DO NOTHING;
INSERT INTO ChiTietNguyenLieu (machitiet, macongthuc, manguyenlieu, soluong) VALUES (153, 21, 153, '1 tsp') ON CONFLICT DO NOTHING;
INSERT INTO ChiTietNguyenLieu (machitiet, macongthuc, manguyenlieu, soluong) VALUES (154, 22, 154, '500g') ON CONFLICT DO NOTHING;
INSERT INTO ChiTietNguyenLieu (machitiet, macongthuc, manguyenlieu, soluong) VALUES (155, 22, 48, '2 củ') ON CONFLICT DO NOTHING;
INSERT INTO ChiTietNguyenLieu (machitiet, macongthuc, manguyenlieu, soluong) VALUES (156, 22, 15, '4 cây') ON CONFLICT DO NOTHING;
INSERT INTO ChiTietNguyenLieu (machitiet, macongthuc, manguyenlieu, soluong) VALUES (157, 22, 157, '1 tbsp') ON CONFLICT DO NOTHING;
INSERT INTO ChiTietNguyenLieu (machitiet, macongthuc, manguyenlieu, soluong) VALUES (158, 22, 158, '200ml') ON CONFLICT DO NOTHING;
INSERT INTO ChiTietNguyenLieu (machitiet, macongthuc, manguyenlieu, soluong) VALUES (159, 22, 5, '1 củ') ON CONFLICT DO NOTHING;
INSERT INTO ChiTietNguyenLieu (machitiet, macongthuc, manguyenlieu, soluong) VALUES (160, 22, 160, '2 củ') ON CONFLICT DO NOTHING;
INSERT INTO ChiTietNguyenLieu (machitiet, macongthuc, manguyenlieu, soluong) VALUES (161, 23, 38, '300g') ON CONFLICT DO NOTHING;
INSERT INTO ChiTietNguyenLieu (machitiet, macongthuc, manguyenlieu, soluong) VALUES (162, 23, 162, '200g') ON CONFLICT DO NOTHING;
INSERT INTO ChiTietNguyenLieu (machitiet, macongthuc, manguyenlieu, soluong) VALUES (163, 23, 163, '200g') ON CONFLICT DO NOTHING;
INSERT INTO ChiTietNguyenLieu (machitiet, macongthuc, manguyenlieu, soluong) VALUES (164, 23, 15, '3 cây') ON CONFLICT DO NOTHING;
INSERT INTO ChiTietNguyenLieu (machitiet, macongthuc, manguyenlieu, soluong) VALUES (165, 23, 165, '5 lá') ON CONFLICT DO NOTHING;
INSERT INTO ChiTietNguyenLieu (machitiet, macongthuc, manguyenlieu, soluong) VALUES (166, 23, 36, '3 quả') ON CONFLICT DO NOTHING;
INSERT INTO ChiTietNguyenLieu (machitiet, macongthuc, manguyenlieu, soluong) VALUES (167, 23, 88, '2 quả') ON CONFLICT DO NOTHING;
INSERT INTO ChiTietNguyenLieu (machitiet, macongthuc, manguyenlieu, soluong) VALUES (168, 23, 168, '200g') ON CONFLICT DO NOTHING;
INSERT INTO ChiTietNguyenLieu (machitiet, macongthuc, manguyenlieu, soluong) VALUES (169, 24, 169, '1 con') ON CONFLICT DO NOTHING;
INSERT INTO ChiTietNguyenLieu (machitiet, macongthuc, manguyenlieu, soluong) VALUES (170, 24, 170, '1 bó') ON CONFLICT DO NOTHING;
INSERT INTO ChiTietNguyenLieu (machitiet, macongthuc, manguyenlieu, soluong) VALUES (171, 24, 15, '3 cây') ON CONFLICT DO NOTHING;
INSERT INTO ChiTietNguyenLieu (machitiet, macongthuc, manguyenlieu, soluong) VALUES (172, 24, 4, '30g') ON CONFLICT DO NOTHING;
INSERT INTO ChiTietNguyenLieu (machitiet, macongthuc, manguyenlieu, soluong) VALUES (173, 24, 163, '200g') ON CONFLICT DO NOTHING;
INSERT INTO ChiTietNguyenLieu (machitiet, macongthuc, manguyenlieu, soluong) VALUES (174, 24, 168, '200g') ON CONFLICT DO NOTHING;
INSERT INTO ChiTietNguyenLieu (machitiet, macongthuc, manguyenlieu, soluong) VALUES (175, 24, 12, '300g') ON CONFLICT DO NOTHING;
INSERT INTO ChiTietNguyenLieu (machitiet, macongthuc, manguyenlieu, soluong) VALUES (176, 25, 176, '400g') ON CONFLICT DO NOTHING;
INSERT INTO ChiTietNguyenLieu (machitiet, macongthuc, manguyenlieu, soluong) VALUES (177, 25, 177, '30g') ON CONFLICT DO NOTHING;
INSERT INTO ChiTietNguyenLieu (machitiet, macongthuc, manguyenlieu, soluong) VALUES (178, 25, 178, '1 bó') ON CONFLICT DO NOTHING;
INSERT INTO ChiTietNguyenLieu (machitiet, macongthuc, manguyenlieu, soluong) VALUES (179, 25, 91, '1 bó') ON CONFLICT DO NOTHING;
INSERT INTO ChiTietNguyenLieu (machitiet, macongthuc, manguyenlieu, soluong) VALUES (180, 25, 12, '200g') ON CONFLICT DO NOTHING;
INSERT INTO ChiTietNguyenLieu (machitiet, macongthuc, manguyenlieu, soluong) VALUES (181, 25, 90, '2 tbsp') ON CONFLICT DO NOTHING;
INSERT INTO ChiTietNguyenLieu (machitiet, macongthuc, manguyenlieu, soluong) VALUES (182, 25, 76, '50g') ON CONFLICT DO NOTHING;
INSERT INTO ChiTietNguyenLieu (machitiet, macongthuc, manguyenlieu, soluong) VALUES (183, 26, 183, '300g') ON CONFLICT DO NOTHING;
INSERT INTO ChiTietNguyenLieu (machitiet, macongthuc, manguyenlieu, soluong) VALUES (184, 26, 184, '500g') ON CONFLICT DO NOTHING;
INSERT INTO ChiTietNguyenLieu (machitiet, macongthuc, manguyenlieu, soluong) VALUES (185, 26, 91, '3 cây') ON CONFLICT DO NOTHING;
INSERT INTO ChiTietNguyenLieu (machitiet, macongthuc, manguyenlieu, soluong) VALUES (186, 26, 9, '2 tbsp') ON CONFLICT DO NOTHING;
INSERT INTO ChiTietNguyenLieu (machitiet, macongthuc, manguyenlieu, soluong) VALUES (187, 26, 114, '1 tsp') ON CONFLICT DO NOTHING;
INSERT INTO ChiTietNguyenLieu (machitiet, macongthuc, manguyenlieu, soluong) VALUES (188, 27, 39, '300g') ON CONFLICT DO NOTHING;
INSERT INTO ChiTietNguyenLieu (machitiet, macongthuc, manguyenlieu, soluong) VALUES (189, 27, 12, '300g') ON CONFLICT DO NOTHING;
INSERT INTO ChiTietNguyenLieu (machitiet, macongthuc, manguyenlieu, soluong) VALUES (190, 27, 19, '200g') ON CONFLICT DO NOTHING;
INSERT INTO ChiTietNguyenLieu (machitiet, macongthuc, manguyenlieu, soluong) VALUES (191, 27, 76, '30g') ON CONFLICT DO NOTHING;
INSERT INTO ChiTietNguyenLieu (machitiet, macongthuc, manguyenlieu, soluong) VALUES (192, 27, 15, '3 cây') ON CONFLICT DO NOTHING;
INSERT INTO ChiTietNguyenLieu (machitiet, macongthuc, manguyenlieu, soluong) VALUES (193, 27, 9, '3 tbsp') ON CONFLICT DO NOTHING;
INSERT INTO ChiTietNguyenLieu (machitiet, macongthuc, manguyenlieu, soluong) VALUES (194, 28, 1, '400g') ON CONFLICT DO NOTHING;
INSERT INTO ChiTietNguyenLieu (machitiet, macongthuc, manguyenlieu, soluong) VALUES (195, 28, 169, '500g') ON CONFLICT DO NOTHING;
INSERT INTO ChiTietNguyenLieu (machitiet, macongthuc, manguyenlieu, soluong) VALUES (196, 28, 4, '30g') ON CONFLICT DO NOTHING;
INSERT INTO ChiTietNguyenLieu (machitiet, macongthuc, manguyenlieu, soluong) VALUES (197, 28, 5, '1 củ') ON CONFLICT DO NOTHING;
INSERT INTO ChiTietNguyenLieu (machitiet, macongthuc, manguyenlieu, soluong) VALUES (198, 28, 11, '1 bó') ON CONFLICT DO NOTHING;
INSERT INTO ChiTietNguyenLieu (machitiet, macongthuc, manguyenlieu, soluong) VALUES (199, 28, 9, '2 tbsp') ON CONFLICT DO NOTHING;
INSERT INTO ChiTietNguyenLieu (machitiet, macongthuc, manguyenlieu, soluong) VALUES (200, 29, 12, '400g') ON CONFLICT DO NOTHING;
INSERT INTO ChiTietNguyenLieu (machitiet, macongthuc, manguyenlieu, soluong) VALUES (201, 29, 201, '100ml') ON CONFLICT DO NOTHING;
INSERT INTO ChiTietNguyenLieu (machitiet, macongthuc, manguyenlieu, soluong) VALUES (202, 29, 38, '150g') ON CONFLICT DO NOTHING;
INSERT INTO ChiTietNguyenLieu (machitiet, macongthuc, manguyenlieu, soluong) VALUES (203, 29, 162, '100g') ON CONFLICT DO NOTHING;
INSERT INTO ChiTietNguyenLieu (machitiet, macongthuc, manguyenlieu, soluong) VALUES (204, 29, 107, '150g') ON CONFLICT DO NOTHING;
INSERT INTO ChiTietNguyenLieu (machitiet, macongthuc, manguyenlieu, soluong) VALUES (205, 29, 205, '1 quả') ON CONFLICT DO NOTHING;
INSERT INTO ChiTietNguyenLieu (machitiet, macongthuc, manguyenlieu, soluong) VALUES (206, 29, 19, '200g') ON CONFLICT DO NOTHING;
INSERT INTO ChiTietNguyenLieu (machitiet, macongthuc, manguyenlieu, soluong) VALUES (207, 30, 207, '200g') ON CONFLICT DO NOTHING;
INSERT INTO ChiTietNguyenLieu (machitiet, macongthuc, manguyenlieu, soluong) VALUES (208, 30, 208, '300g') ON CONFLICT DO NOTHING;
INSERT INTO ChiTietNguyenLieu (machitiet, macongthuc, manguyenlieu, soluong) VALUES (209, 30, 209, '100g') ON CONFLICT DO NOTHING;
INSERT INTO ChiTietNguyenLieu (machitiet, macongthuc, manguyenlieu, soluong) VALUES (210, 30, 91, '3 cây') ON CONFLICT DO NOTHING;
INSERT INTO ChiTietNguyenLieu (machitiet, macongthuc, manguyenlieu, soluong) VALUES (211, 30, 10, '100g') ON CONFLICT DO NOTHING;
INSERT INTO ChiTietNguyenLieu (machitiet, macongthuc, manguyenlieu, soluong) VALUES (212, 30, 114, '1 tsp') ON CONFLICT DO NOTHING;
INSERT INTO ChiTietNguyenLieu (machitiet, macongthuc, manguyenlieu, soluong) VALUES (213, 31, 207, '200g') ON CONFLICT DO NOTHING;
INSERT INTO ChiTietNguyenLieu (machitiet, macongthuc, manguyenlieu, soluong) VALUES (214, 31, 74, '300g') ON CONFLICT DO NOTHING;
INSERT INTO ChiTietNguyenLieu (machitiet, macongthuc, manguyenlieu, soluong) VALUES (215, 31, 4, '20g') ON CONFLICT DO NOTHING;
INSERT INTO ChiTietNguyenLieu (machitiet, macongthuc, manguyenlieu, soluong) VALUES (216, 31, 91, '3 cây') ON CONFLICT DO NOTHING;
INSERT INTO ChiTietNguyenLieu (machitiet, macongthuc, manguyenlieu, soluong) VALUES (217, 31, 9, '1 tbsp') ON CONFLICT DO NOTHING;
INSERT INTO ChiTietNguyenLieu (machitiet, macongthuc, manguyenlieu, soluong) VALUES (218, 32, 218, '400g') ON CONFLICT DO NOTHING;
INSERT INTO ChiTietNguyenLieu (machitiet, macongthuc, manguyenlieu, soluong) VALUES (219, 32, 27, '5 tép') ON CONFLICT DO NOTHING;
INSERT INTO ChiTietNguyenLieu (machitiet, macongthuc, manguyenlieu, soluong) VALUES (220, 32, 55, '1 tbsp') ON CONFLICT DO NOTHING;
INSERT INTO ChiTietNguyenLieu (machitiet, macongthuc, manguyenlieu, soluong) VALUES (221, 32, 37, '10 cái') ON CONFLICT DO NOTHING;
INSERT INTO ChiTietNguyenLieu (machitiet, macongthuc, manguyenlieu, soluong) VALUES (222, 32, 19, '200g') ON CONFLICT DO NOTHING;
INSERT INTO ChiTietNguyenLieu (machitiet, macongthuc, manguyenlieu, soluong) VALUES (223, 32, 12, '100g') ON CONFLICT DO NOTHING;
INSERT INTO ChiTietNguyenLieu (machitiet, macongthuc, manguyenlieu, soluong) VALUES (224, 33, 2, '200g') ON CONFLICT DO NOTHING;
INSERT INTO ChiTietNguyenLieu (machitiet, macongthuc, manguyenlieu, soluong) VALUES (225, 33, 22, '2 quả') ON CONFLICT DO NOTHING;
INSERT INTO ChiTietNguyenLieu (machitiet, macongthuc, manguyenlieu, soluong) VALUES (226, 33, 30, '30g') ON CONFLICT DO NOTHING;
INSERT INTO ChiTietNguyenLieu (machitiet, macongthuc, manguyenlieu, soluong) VALUES (227, 33, 29, '1 ổ') ON CONFLICT DO NOTHING;
INSERT INTO ChiTietNguyenLieu (machitiet, macongthuc, manguyenlieu, soluong) VALUES (228, 33, 122, '20g') ON CONFLICT DO NOTHING;
INSERT INTO ChiTietNguyenLieu (machitiet, macongthuc, manguyenlieu, soluong) VALUES (229, 33, 124, '1 tbsp') ON CONFLICT DO NOTHING;
INSERT INTO ChiTietNguyenLieu (machitiet, macongthuc, manguyenlieu, soluong) VALUES (230, 34, 207, '300g') ON CONFLICT DO NOTHING;
INSERT INTO ChiTietNguyenLieu (machitiet, macongthuc, manguyenlieu, soluong) VALUES (231, 34, 169, '400g') ON CONFLICT DO NOTHING;
INSERT INTO ChiTietNguyenLieu (machitiet, macongthuc, manguyenlieu, soluong) VALUES (232, 34, 5, '1 củ') ON CONFLICT DO NOTHING;
INSERT INTO ChiTietNguyenLieu (machitiet, macongthuc, manguyenlieu, soluong) VALUES (233, 34, 233, '1 bó') ON CONFLICT DO NOTHING;
INSERT INTO ChiTietNguyenLieu (machitiet, macongthuc, manguyenlieu, soluong) VALUES (234, 34, 77, '1 tsp') ON CONFLICT DO NOTHING;
INSERT INTO ChiTietNguyenLieu (machitiet, macongthuc, manguyenlieu, soluong) VALUES (235, 34, 9, '2 tbsp') ON CONFLICT DO NOTHING;
INSERT INTO ChiTietNguyenLieu (machitiet, macongthuc, manguyenlieu, soluong) VALUES (236, 35, 51, '400g') ON CONFLICT DO NOTHING;
INSERT INTO ChiTietNguyenLieu (machitiet, macongthuc, manguyenlieu, soluong) VALUES (237, 35, 237, '20 quả') ON CONFLICT DO NOTHING;
INSERT INTO ChiTietNguyenLieu (machitiet, macongthuc, manguyenlieu, soluong) VALUES (238, 35, 158, '300ml') ON CONFLICT DO NOTHING;
INSERT INTO ChiTietNguyenLieu (machitiet, macongthuc, manguyenlieu, soluong) VALUES (239, 35, 9, '2 tbsp') ON CONFLICT DO NOTHING;
INSERT INTO ChiTietNguyenLieu (machitiet, macongthuc, manguyenlieu, soluong) VALUES (240, 35, 55, '2 tbsp') ON CONFLICT DO NOTHING;
INSERT INTO ChiTietNguyenLieu (machitiet, macongthuc, manguyenlieu, soluong) VALUES (241, 35, 50, '3 củ') ON CONFLICT DO NOTHING;
INSERT INTO ChiTietNguyenLieu (machitiet, macongthuc, manguyenlieu, soluong) VALUES (242, 36, 74, '300g') ON CONFLICT DO NOTHING;
INSERT INTO ChiTietNguyenLieu (machitiet, macongthuc, manguyenlieu, soluong) VALUES (243, 36, 243, '200g') ON CONFLICT DO NOTHING;
INSERT INTO ChiTietNguyenLieu (machitiet, macongthuc, manguyenlieu, soluong) VALUES (244, 36, 5, '1 củ') ON CONFLICT DO NOTHING;
INSERT INTO ChiTietNguyenLieu (machitiet, macongthuc, manguyenlieu, soluong) VALUES (245, 36, 233, '1 bó') ON CONFLICT DO NOTHING;
INSERT INTO ChiTietNguyenLieu (machitiet, macongthuc, manguyenlieu, soluong) VALUES (246, 36, 76, '30g') ON CONFLICT DO NOTHING;
INSERT INTO ChiTietNguyenLieu (machitiet, macongthuc, manguyenlieu, soluong) VALUES (247, 36, 9, '2 tbsp') ON CONFLICT DO NOTHING;
INSERT INTO ChiTietNguyenLieu (machitiet, macongthuc, manguyenlieu, soluong) VALUES (248, 37, 21, '400g') ON CONFLICT DO NOTHING;
INSERT INTO ChiTietNguyenLieu (machitiet, macongthuc, manguyenlieu, soluong) VALUES (249, 37, 249, '1/2 quả') ON CONFLICT DO NOTHING;
INSERT INTO ChiTietNguyenLieu (machitiet, macongthuc, manguyenlieu, soluong) VALUES (250, 37, 88, '2 quả') ON CONFLICT DO NOTHING;
INSERT INTO ChiTietNguyenLieu (machitiet, macongthuc, manguyenlieu, soluong) VALUES (251, 37, 55, '2 tbsp') ON CONFLICT DO NOTHING;
INSERT INTO ChiTietNguyenLieu (machitiet, macongthuc, manguyenlieu, soluong) VALUES (252, 37, 252, '1 tbsp') ON CONFLICT DO NOTHING;
INSERT INTO ChiTietNguyenLieu (machitiet, macongthuc, manguyenlieu, soluong) VALUES (253, 37, 9, '2 tbsp') ON CONFLICT DO NOTHING;
INSERT INTO ChiTietNguyenLieu (machitiet, macongthuc, manguyenlieu, soluong) VALUES (254, 37, 27, '3 tép') ON CONFLICT DO NOTHING;
INSERT INTO ChiTietNguyenLieu (machitiet, macongthuc, manguyenlieu, soluong) VALUES (255, 38, 168, '300g') ON CONFLICT DO NOTHING;
INSERT INTO ChiTietNguyenLieu (machitiet, macongthuc, manguyenlieu, soluong) VALUES (256, 38, 27, '5 tép') ON CONFLICT DO NOTHING;
INSERT INTO ChiTietNguyenLieu (machitiet, macongthuc, manguyenlieu, soluong) VALUES (257, 38, 9, '1 tbsp') ON CONFLICT DO NOTHING;
INSERT INTO ChiTietNguyenLieu (machitiet, macongthuc, manguyenlieu, soluong) VALUES (258, 38, 55, '1/2 tsp') ON CONFLICT DO NOTHING;
INSERT INTO ChiTietNguyenLieu (machitiet, macongthuc, manguyenlieu, soluong) VALUES (259, 38, 259, '2 tbsp') ON CONFLICT DO NOTHING;
INSERT INTO ChiTietNguyenLieu (machitiet, macongthuc, manguyenlieu, soluong) VALUES (260, 39, 260, '2 bìa') ON CONFLICT DO NOTHING;
INSERT INTO ChiTietNguyenLieu (machitiet, macongthuc, manguyenlieu, soluong) VALUES (261, 39, 88, '3 quả') ON CONFLICT DO NOTHING;
INSERT INTO ChiTietNguyenLieu (machitiet, macongthuc, manguyenlieu, soluong) VALUES (262, 39, 91, '2 cây') ON CONFLICT DO NOTHING;
INSERT INTO ChiTietNguyenLieu (machitiet, macongthuc, manguyenlieu, soluong) VALUES (263, 39, 27, '3 tép') ON CONFLICT DO NOTHING;
INSERT INTO ChiTietNguyenLieu (machitiet, macongthuc, manguyenlieu, soluong) VALUES (264, 39, 9, '1 tbsp') ON CONFLICT DO NOTHING;
INSERT INTO ChiTietNguyenLieu (machitiet, macongthuc, manguyenlieu, soluong) VALUES (265, 40, 265, '3 quả') ON CONFLICT DO NOTHING;
INSERT INTO ChiTietNguyenLieu (machitiet, macongthuc, manguyenlieu, soluong) VALUES (266, 40, 45, '200g') ON CONFLICT DO NOTHING;
INSERT INTO ChiTietNguyenLieu (machitiet, macongthuc, manguyenlieu, soluong) VALUES (267, 40, 46, '10g') ON CONFLICT DO NOTHING;
INSERT INTO ChiTietNguyenLieu (machitiet, macongthuc, manguyenlieu, soluong) VALUES (268, 40, 47, '20g') ON CONFLICT DO NOTHING;
INSERT INTO ChiTietNguyenLieu (machitiet, macongthuc, manguyenlieu, soluong) VALUES (269, 40, 9, '1 tbsp') ON CONFLICT DO NOTHING;
INSERT INTO ChiTietNguyenLieu (machitiet, macongthuc, manguyenlieu, soluong) VALUES (270, 40, 91, '2 cây') ON CONFLICT DO NOTHING;
INSERT INTO ChiTietNguyenLieu (machitiet, macongthuc, manguyenlieu, soluong) VALUES (271, 41, 271, '400g') ON CONFLICT DO NOTHING;
INSERT INTO ChiTietNguyenLieu (machitiet, macongthuc, manguyenlieu, soluong) VALUES (272, 41, 158, '200ml') ON CONFLICT DO NOTHING;
INSERT INTO ChiTietNguyenLieu (machitiet, macongthuc, manguyenlieu, soluong) VALUES (273, 41, 9, '2 tbsp') ON CONFLICT DO NOTHING;
INSERT INTO ChiTietNguyenLieu (machitiet, macongthuc, manguyenlieu, soluong) VALUES (274, 41, 55, '1 tbsp') ON CONFLICT DO NOTHING;
INSERT INTO ChiTietNguyenLieu (machitiet, macongthuc, manguyenlieu, soluong) VALUES (275, 41, 50, '2 củ') ON CONFLICT DO NOTHING;
INSERT INTO ChiTietNguyenLieu (machitiet, macongthuc, manguyenlieu, soluong) VALUES (276, 41, 27, '3 tép') ON CONFLICT DO NOTHING;
INSERT INTO ChiTietNguyenLieu (machitiet, macongthuc, manguyenlieu, soluong) VALUES (277, 41, 114, '1 tsp') ON CONFLICT DO NOTHING;
INSERT INTO ChiTietNguyenLieu (machitiet, macongthuc, manguyenlieu, soluong) VALUES (278, 42, 74, '400g') ON CONFLICT DO NOTHING;
INSERT INTO ChiTietNguyenLieu (machitiet, macongthuc, manguyenlieu, soluong) VALUES (279, 42, 4, '50g') ON CONFLICT DO NOTHING;
INSERT INTO ChiTietNguyenLieu (machitiet, macongthuc, manguyenlieu, soluong) VALUES (280, 42, 9, '2 tbsp') ON CONFLICT DO NOTHING;
INSERT INTO ChiTietNguyenLieu (machitiet, macongthuc, manguyenlieu, soluong) VALUES (281, 42, 55, '1 tbsp') ON CONFLICT DO NOTHING;
INSERT INTO ChiTietNguyenLieu (machitiet, macongthuc, manguyenlieu, soluong) VALUES (282, 42, 50, '2 củ') ON CONFLICT DO NOTHING;
INSERT INTO ChiTietNguyenLieu (machitiet, macongthuc, manguyenlieu, soluong) VALUES (283, 42, 114, '1 tsp') ON CONFLICT DO NOTHING;
INSERT INTO ChiTietNguyenLieu (machitiet, macongthuc, manguyenlieu, soluong) VALUES (284, 43, 142, '200g') ON CONFLICT DO NOTHING;
INSERT INTO ChiTietNguyenLieu (machitiet, macongthuc, manguyenlieu, soluong) VALUES (285, 43, 285, '50g') ON CONFLICT DO NOTHING;
INSERT INTO ChiTietNguyenLieu (machitiet, macongthuc, manguyenlieu, soluong) VALUES (286, 43, 71, '2 tbsp') ON CONFLICT DO NOTHING;
INSERT INTO ChiTietNguyenLieu (machitiet, macongthuc, manguyenlieu, soluong) VALUES (287, 43, 152, '30ml') ON CONFLICT DO NOTHING;
INSERT INTO ChiTietNguyenLieu (machitiet, macongthuc, manguyenlieu, soluong) VALUES (288, 43, 9, '2 tbsp') ON CONFLICT DO NOTHING;
INSERT INTO ChiTietNguyenLieu (machitiet, macongthuc, manguyenlieu, soluong) VALUES (289, 44, 37, '5 cái') ON CONFLICT DO NOTHING;
INSERT INTO ChiTietNguyenLieu (machitiet, macongthuc, manguyenlieu, soluong) VALUES (290, 44, 237, '5 quả') ON CONFLICT DO NOTHING;
INSERT INTO ChiTietNguyenLieu (machitiet, macongthuc, manguyenlieu, soluong) VALUES (291, 44, 291, '30g') ON CONFLICT DO NOTHING;
INSERT INTO ChiTietNguyenLieu (machitiet, macongthuc, manguyenlieu, soluong) VALUES (292, 44, 292, '1/2 quả') ON CONFLICT DO NOTHING;
INSERT INTO ChiTietNguyenLieu (machitiet, macongthuc, manguyenlieu, soluong) VALUES (293, 44, 233, '1 nhánh') ON CONFLICT DO NOTHING;
INSERT INTO ChiTietNguyenLieu (machitiet, macongthuc, manguyenlieu, soluong) VALUES (294, 44, 294, '1 tbsp') ON CONFLICT DO NOTHING;
INSERT INTO ChiTietNguyenLieu (machitiet, macongthuc, manguyenlieu, soluong) VALUES (295, 45, 295, '200g') ON CONFLICT DO NOTHING;
INSERT INTO ChiTietNguyenLieu (machitiet, macongthuc, manguyenlieu, soluong) VALUES (296, 45, 260, '3 bìa') ON CONFLICT DO NOTHING;
INSERT INTO ChiTietNguyenLieu (machitiet, macongthuc, manguyenlieu, soluong) VALUES (297, 45, 297, '100g') ON CONFLICT DO NOTHING;
INSERT INTO ChiTietNguyenLieu (machitiet, macongthuc, manguyenlieu, soluong) VALUES (298, 45, 298, '100g') ON CONFLICT DO NOTHING;
INSERT INTO ChiTietNguyenLieu (machitiet, macongthuc, manguyenlieu, soluong) VALUES (299, 45, 90, '2 tbsp') ON CONFLICT DO NOTHING;
INSERT INTO ChiTietNguyenLieu (machitiet, macongthuc, manguyenlieu, soluong) VALUES (300, 45, 300, '1 quả') ON CONFLICT DO NOTHING;
INSERT INTO ChiTietNguyenLieu (machitiet, macongthuc, manguyenlieu, soluong) VALUES (301, 45, 36, '2 quả') ON CONFLICT DO NOTHING;
INSERT INTO ChiTietNguyenLieu (machitiet, macongthuc, manguyenlieu, soluong) VALUES (302, 46, 135, '300g') ON CONFLICT DO NOTHING;
INSERT INTO ChiTietNguyenLieu (machitiet, macongthuc, manguyenlieu, soluong) VALUES (303, 46, 303, '500g') ON CONFLICT DO NOTHING;
INSERT INTO ChiTietNguyenLieu (machitiet, macongthuc, manguyenlieu, soluong) VALUES (304, 46, 19, '200g') ON CONFLICT DO NOTHING;
INSERT INTO ChiTietNguyenLieu (machitiet, macongthuc, manguyenlieu, soluong) VALUES (305, 46, 76, '30g') ON CONFLICT DO NOTHING;
INSERT INTO ChiTietNguyenLieu (machitiet, macongthuc, manguyenlieu, soluong) VALUES (306, 46, 16, '1 tbsp') ON CONFLICT DO NOTHING;
INSERT INTO ChiTietNguyenLieu (machitiet, macongthuc, manguyenlieu, soluong) VALUES (307, 46, 36, '3 quả') ON CONFLICT DO NOTHING;
INSERT INTO ChiTietNguyenLieu (machitiet, macongthuc, manguyenlieu, soluong) VALUES (308, 47, 142, '200g') ON CONFLICT DO NOTHING;
INSERT INTO ChiTietNguyenLieu (machitiet, macongthuc, manguyenlieu, soluong) VALUES (309, 47, 63, '100ml') ON CONFLICT DO NOTHING;
INSERT INTO ChiTietNguyenLieu (machitiet, macongthuc, manguyenlieu, soluong) VALUES (310, 47, 38, '200g') ON CONFLICT DO NOTHING;
INSERT INTO ChiTietNguyenLieu (machitiet, macongthuc, manguyenlieu, soluong) VALUES (311, 47, 64, '1 tsp') ON CONFLICT DO NOTHING;
INSERT INTO ChiTietNguyenLieu (machitiet, macongthuc, manguyenlieu, soluong) VALUES (312, 47, 91, '3 cây') ON CONFLICT DO NOTHING;
INSERT INTO ChiTietNguyenLieu (machitiet, macongthuc, manguyenlieu, soluong) VALUES (313, 47, 19, '200g') ON CONFLICT DO NOTHING;
INSERT INTO ChiTietNguyenLieu (machitiet, macongthuc, manguyenlieu, soluong) VALUES (314, 48, 314, '1kg') ON CONFLICT DO NOTHING;
INSERT INTO ChiTietNguyenLieu (machitiet, macongthuc, manguyenlieu, soluong) VALUES (315, 48, 120, '1 tbsp') ON CONFLICT DO NOTHING;
INSERT INTO ChiTietNguyenLieu (machitiet, macongthuc, manguyenlieu, soluong) VALUES (316, 48, 153, '2 tbsp') ON CONFLICT DO NOTHING;
INSERT INTO ChiTietNguyenLieu (machitiet, macongthuc, manguyenlieu, soluong) VALUES (317, 48, 27, '5 tép') ON CONFLICT DO NOTHING;
INSERT INTO ChiTietNguyenLieu (machitiet, macongthuc, manguyenlieu, soluong) VALUES (318, 48, 252, '1 tbsp') ON CONFLICT DO NOTHING;
INSERT INTO ChiTietNguyenLieu (machitiet, macongthuc, manguyenlieu, soluong) VALUES (319, 49, 12, '400g') ON CONFLICT DO NOTHING;
INSERT INTO ChiTietNguyenLieu (machitiet, macongthuc, manguyenlieu, soluong) VALUES (320, 49, 93, '400g') ON CONFLICT DO NOTHING;
INSERT INTO ChiTietNguyenLieu (machitiet, macongthuc, manguyenlieu, soluong) VALUES (321, 49, 321, '50ml') ON CONFLICT DO NOTHING;
INSERT INTO ChiTietNguyenLieu (machitiet, macongthuc, manguyenlieu, soluong) VALUES (322, 49, 205, '1 quả') ON CONFLICT DO NOTHING;
INSERT INTO ChiTietNguyenLieu (machitiet, macongthuc, manguyenlieu, soluong) VALUES (323, 49, 19, '200g') ON CONFLICT DO NOTHING;
INSERT INTO ChiTietNguyenLieu (machitiet, macongthuc, manguyenlieu, soluong) VALUES (324, 49, 94, '1/4 quả') ON CONFLICT DO NOTHING;
INSERT INTO ChiTietNguyenLieu (machitiet, macongthuc, manguyenlieu, soluong) VALUES (325, 50, 325, '4 cái') ON CONFLICT DO NOTHING;
INSERT INTO ChiTietNguyenLieu (machitiet, macongthuc, manguyenlieu, soluong) VALUES (326, 50, 9, '3 tbsp') ON CONFLICT DO NOTHING;
INSERT INTO ChiTietNguyenLieu (machitiet, macongthuc, manguyenlieu, soluong) VALUES (327, 50, 55, '2 tbsp') ON CONFLICT DO NOTHING;
INSERT INTO ChiTietNguyenLieu (machitiet, macongthuc, manguyenlieu, soluong) VALUES (328, 50, 27, '5 tép') ON CONFLICT DO NOTHING;
INSERT INTO ChiTietNguyenLieu (machitiet, macongthuc, manguyenlieu, soluong) VALUES (329, 50, 36, '2 quả') ON CONFLICT DO NOTHING;
INSERT INTO ChiTietNguyenLieu (machitiet, macongthuc, manguyenlieu, soluong) VALUES (330, 50, 71, '2 tbsp') ON CONFLICT DO NOTHING;
INSERT INTO ChiTietNguyenLieu (machitiet, macongthuc, manguyenlieu, soluong) VALUES (331, 51, 331, '300g') ON CONFLICT DO NOTHING;
INSERT INTO ChiTietNguyenLieu (machitiet, macongthuc, manguyenlieu, soluong) VALUES (332, 51, 332, '150g') ON CONFLICT DO NOTHING;
INSERT INTO ChiTietNguyenLieu (machitiet, macongthuc, manguyenlieu, soluong) VALUES (333, 51, 37, '1 xấp') ON CONFLICT DO NOTHING;
INSERT INTO ChiTietNguyenLieu (machitiet, macongthuc, manguyenlieu, soluong) VALUES (334, 51, 334, '50g') ON CONFLICT DO NOTHING;
INSERT INTO ChiTietNguyenLieu (machitiet, macongthuc, manguyenlieu, soluong) VALUES (335, 51, 335, '2 quả') ON CONFLICT DO NOTHING;
INSERT INTO ChiTietNguyenLieu (machitiet, macongthuc, manguyenlieu, soluong) VALUES (336, 51, 336, '100g') ON CONFLICT DO NOTHING;

-- LichSu (3 records)
INSERT INTO LichSu (malichsu, manguoidung, duongdananh, tenmonan, dochinhxac, thoigian, calo, danhgianguoidung, khuyennghikehoach) VALUES (1, 1, 'data:image/jpeg;base64,/9j/4AAQSkZJRgABAQEAYABgAAD/2wBDAAoHBwgHBgoICAgLCgoLDhgQDg0NDh0VFhEYIx8lJCIfIiEmKzcvJik0KSEiMEExNDk7Pj4+JS5ESUM8SDc9Pjv/2wBDAQoLCw4NDhwQEBw7KCIoOzs7Ozs7Ozs7Ozs7Ozs7Ozs7Ozs7Ozs7Ozs7Ozs7Ozs7Ozs7Ozs7Ozs7Ozs7Ozs7Ozv/wAARCAGSAlgDASIAAhEBAxEB/8QAHAAAAQUBAQEAAAAAAAAAAAAABAACAwUGAQcI/8QAPxAAAgEDAwIFAgQFAwIGAgMBAQIDAAQREiExBUEGEyJRYTJxFEKBkSNSocHRB2KxFeEkM0NygvBT8RY0g5L/xAAaAQACAwEBAAAAAAAAAAAAAAACAwABBAUG/8QAMBEAAwABBAIBAwMDBAIDAAAAAAECEQMSITEEQSITMlEFYXEUQoEVobHhkdFSwfD/2gAMAwEAAhEDEQA/AM1eOt3baRsxG9DWEUsAw2cDiu3Ja1kGVOM1Z2ckVzDsAGrg1TUYxwei2rdkr5rUXjaTzTltHtFxuMUQ0b212rjdc7irwWhv4FWKNnYjbAoXVNKURuU9zMt5SyksRkinbKVyCQDWy6f4Bu5m1St5ansNzWjsPAfTrcAyp5jDf1Vqnx7pZfBkvyol8cmLtumxX9mrRIS2NiFqOLwz1ZrhWjt2Kg8ttXq9t0qztECRxKoHYCiVSNeEX9qdPiynmnkzV5tYxKMIvg+4urdVcKjY5FT2XgDyXLvMxz2FbcNjjFd1UydDTl5wKrytV+zM/wD8IsZMGVSxx3NTw+CekwsGEC5HcitCKcKZMTPSF1q3XbK1PD9gigeQuB/tqZOjWSfTAoP2o0V0DFEpldIB1T7ZCvTbYY/hL+1SLYW68Rr+1TrxThRJIHLIRZW//wCNf2rv4OD/APGv7VOK7RJIgObK3P8A6a/tTG6fbNzGv7UVmlUcovLAH6RZuDmFf2oSbw102XObdT+lXJpuN6FzPtE3UumZe58D9Mm4jx9tqq7n/T5Ap/Dysp+d63mK4RmlVoxS5QydfUjqjyi48FdStmLALKo9tjVZcWstoSksLofkV7SyK3IzQN30q1ulKyRKc+4rPfiRX2vBpjzbX3LJ40FUMXJwKUbqXwgrcdb8EqyNJZnSedPY1i3sZLKZkmQo6/HNYNTRvT+46GnrxqL4kM2UkyRzTI1Ly7bA1IXLSDXuAaUrKsildvtS/wBh5yUGJtI3yKbGis+HOxpr63cHmuSKNIPf2q/WCmSXIWJgE4NTQSKqHUO1CsjSAY3PzUiZRWU8ipzgoIthA5Znx9jUDENKypjTnalDpIYEb0xcJI2+9V7IkEa41QoB6vtTrZowrax6u1CIWZzj9Kc6GMhmNEmlwVjJLJauS0gICntSjaJI8t9R+Kja5kYCMNhTT3gCoCWB+KrK9kwzjQOyl1OBUtqYkVnl+r3xUDPLsithTSkR0j3NXx0VyJ42nuC8RwopyECUCQZArkZdFARsE1xw4Uu3NX1wTsfchJmVItvek8bIFD7jbiuRKp9YbDfNOeZnB1H6amCZwUvW00XuR9LLtTek9PuOp3i29uhZmO5HCj3NWi9Nk61MlvH9eoAMRwO9ej9E8P2fQLIJAgaRh65CN2NMq1MHC8nTc6r/AHJOkWEfSenxWqepkHqb3NE3t4lpZtO5xpGw9zSyTwN6z/ie9URpag7j1NWCrfZUTl4KgX8lze6mY6WbOKJv5NS4+KqrVv42rPFF3cvpB+KOZxDGUvmhqNhac0uKHWT07Go3kOaXMj2FCfDc0VbXRjdXHINVCvqbmikbFMSw8gNtll1DqRdcA81XJMQCe5qNzrJJpi+rAFOy2wekTo7O1FRxbjNNtoCFBIoxEGajyUR6MLkcUZHCBBr7mh2HqA7UYpLqqCqbwi2ExM72wjRdTNsPipWdLO38sPlm3c/NNuHFjZ6wRqxuM1n7i9eViS39az6/FL8lSuch090oBXVmq+S5JO29QBnmcIoJJNHW9mqTKzDOkb/JrPhI1aOheq8z0DIl1PsiED3O1RvazLNoZtQG7Yq/BGnYYoZkwzMBknmo210dCfBhppvkn6ZYR3AWR1IROB71eIqIMIgH2FVvTLuMRlJCF08VLN1REYqpXFOmoU5ZyNXRqLctdBkz+WmWYCq+S/CFsPtQF3fu7Hcmq15mZiSaB6nPxFbPbLC5lWcnLsM1XywhCSshNMMulclsVC9zqUqN6pU3yVtDrV/cg0qrUmZWxSos0HsRTXQSdd13IrtjaO0gSFGZmOygVOIHdlQDLMcCvQPC3h1LWBZ5VDSMMkkcV0tDTrVeE+Dr6+rGitzKzovgqS5ZZL3vuFFbiy6DaWUaoiKCB2FTRusZXAwF7UarBlBHBFdjT0ohYlHF1Ne9R/JgTp5TaQMe2KjJJo6eMOue4oTTRNYYkZSxT9NcJUd6ohwDNPFRmRF5IqNrlF75oHUrthKafSCgMU4UAb5VqJ+qIvLCgerC9jJ0rfotQa6pFUcnWNK+g5pkfWJXOCpAoX5EJ4GLxbazg0asKcGHvVGt+7DnFP8Ax7j81V/UwD9Cy7BHvSzWbn6zPE2ylhRFv1Z5FBIwaP8AqYLfjWlkvKVVY6g2K6vU0DYLCrXkQwPo3+CyJpUEt6rb5qZLlG70a1JfsBxS7RNSpiyq3enBgeKPKYDTR2mtXSaad6oojYZ2IyKyfizokd1atNGoV0GQQK1zDAqp6zKkdlKznA0mguVUtUMiqm05PI2lVGZCPUu1Dpqkchtvap3i13jyDGksTTblkdl8vY98VxWknhHoE32xrS+W+k7ikiFpS0mQp4Bp8VsrMHdvp3wa7cyrMoRFOpdthVcBPs5M6QqCm5rqbDzJBhajWIYw+zD3pr3Lupg0bdjUS/BT7JncMyiHG/tUZQwygzDY8GmRMIGUMMHtmi5is+knGO9XxkjFauk0rRooyVyDUU4bzypI0qdsmibZYo7yLRjOdzVT4iBg6oyqx3GQM0yJTOb5GvejqZXKYTIHkdVjUg+4FOd5bdlErFlqqtryaOVWDlgDwe9Wsk4mdXfBU+1VU7Rvj+Utatr4Y9HN3MFjGnHenTB7eULIdQ9qaziGRXi9JpySGafMo1Ch/g1++R0SG5lJQ6QB3qB3kjlZJGyPtU0xdJC0B07bgU6FEdC8w9R7mrn9imRRo05YodKqKHLOkjIxzWi8OdF/6hes8h02y8gH6j7Vcy+GrR+projCxruwzzUdKTNXkRNbWDeEbPTA10yFWY4XIxtWj807qeKlSJEVURQqqMADtUUyDXt3rLqN9o5mpbunTHElIXkBA0qTk1551G6e5uHkc5Jb9q23U5vJ6fLlsZXFefyHLMT70ueWFpp4yOSUpxyaIWcTRlTzigC2DT7Z8TAdjTpDpeyVXOrHtT235qORgkp9qTPnGKmOcDZeZTJUUDFShwoqFWIXamqxY1XJOCbXljUluuW396HQEtvRkeFwRRyyqktoSjIFB7UsaWPtQ9m38UI30mi2hcltPqCjNN3LblgTDqtqIS4MgFWUDw20fnzvpVRtVQrETZO2ORUfV7hhaAZ2balbkuS6lp4foI6n1tL1dEKaVB+o8mqouzsFG5JwKCjfGParnpdvv+IlG35Qe9Z7p53UFo6datKZDLO0EMYZhlmG/wAUSqhM10HNNZhWdtdnoolRKmejrOcUzOo13mkBvVbmxy4GshCkg0GXYOQeasQoK70FdII2De9V0YPM0987l2iF2zUDMFrryYGaGdyxo5nLOM2jkzluDtUS/VT2Ga6iZIpkrALxgmsYfPuFBGw5pVZ9MgVBr/MaVaYlYF5KvpCLJ1GEMAV1DevVLZVWBMcYrx+wuJLeVXwcq2QRXqHQerRX9ouGGoDBGdxXS8G1Kcvs3fqEVSVLovGgR1BAAbGxFRwyGJij7D/ip4yCoB5FMuUGnX3FdR/k5JNkYzkYoG4mRScHvQk12UUqGwPvVVc3+Cd+aya3kzBo09CrZaSXyLtqAoOW/wBzhs1Tvch2yXwaaJkUZZx+9YNTybrpnQjxJnsOe8d32O1Oe69O1Vxu4Rw6/vUE3V7eEeo5rH9bD5Zp+hnhSHvO75wcUFIjuxOs/vQj9YjdfRQcvVZE3XJq510n2aI0Kxwi5jV0O7ZoqOVhyKyp8QSLtjenJ1uR/j9autZd4Crxr9mu/EYpG6KisjJ1qVPUeKSdZmdchqr6yxnAP9JXZrfxCuN+aXnFeKyLdWuFBIYfvTF8Qzq2CM49qKdaX6J/S1jg15unY7Zp0Tktl6zMXiNjjKHNFR9eVuVxRPXj+Bb8e16NQtzoXapEu8kb4rNDrkQ3Y4qe26xbTMEVxq+9FNpr4sXXjNLLRpfxoQZLcVPB1FX4aqJUedh5ZZgaNgsHUhs6RWqK1M/Ex3Gkp+TL1Jw/BqQsFXJNVLXcFouZJFGPc1Q9U8Z28GpIm1NwMVuV7Z+RznO6sSa/8TAqs8sioq7nUcCsH4y8SxXZ/DWhzGBh296zXUvEVzfsUaUop/KDVTcXeldIcMfvWPW16qdso2+P46T3USST5YCM7Hmp4IcDUd+9BWkyOfWKdc38aOFjbFYKmukdPcgosJJdA9Puae0aQKXVgze1NtpYmhLkjViho0M0rYfAzxmpsa7L3ekTKDKweQEClOsaspi3bPvSkuTCnllM/IpttEr+vOkg5qumTORSo/peVML71M/4c240H1fBplzePJiLSCOM122SJGHmDA+ap8E5aHWkLo6y7HfvQnii3AvY5SSSyjb2o+XWrBYjlfbFV/iCRnnjzkhVA/WnabeTl/qCW2WV0aAaasrcYiLAatJ4qtjf0g1Y2raImc7hjipeTH4WfrLAQ863CqqrpPvRUSm2h1smrbtXIkt2ty2BqxTEE7qyjLJS8/4O/wCzlvdRyXBMi6V7A96KmEd06w242JGfih0SNgyFcMKm6XbSLeqw2XO+aLc9ou+E6RoenOLR0gQaVXAOO5q06m7oqTRt2wSKpJW8qXWRnBq1mnV+jK4/M1ZKtvOTg1Tp5DbCcvGCTk4ogBSWdvpXc1T9MmzGVJ77Ub1G4Fv01mBwW2qqrIK5KnxNcKsWhG9Lf1rIPvxRnUL5rqXBbKrsKAJJNSU+2bJ4nA0ikoKyK3zT8+4rqqGdfvTZfJK6J5Y9ahwN6jRaLyqpj4oXUFY+1FSxyDFf2kqjArmjDZA2NIOO1SI3vS8jex6KuKmRRjamIgO4p6+k4okyYwydHCkN3Bq5syXRmPBFUaRl3VV31HFaWFBHEqjbC4pWpTxtNGjOK3FZf25VjIg++KIPTILywWOVfUVyCORU8pBAyMjO9Tw4ZV7Ggm8vb+DTWks7n7Mq/QpLa5VWbVFn6virZMABVGFAwBR92BvkbVW6wj6CeeKTqU6Zt8bRiJbldkxOOKbyc1zVqro2HzSnRqSwdXY1IozUYNSKc4FFLyVQgcDeg7zGkZo0ioniVmDMMkcZqVkTU7paXsqGHq3FNKBtitHXNuZJ18sdt6etoAfUMmjmjm/0dOmkVjQMu6jIqSGNlZSy4HzVoIVAAAAprw/FH9RrpDp/T5/uodBMkWCTtxgUqGCEuPYdqVGtamsi68LQh4qnkzyTvEw1p6T3q2s+ptaMJbdtLcke9ASqjjBWuogVds1pV4acmhwqWGb7o/jGG4VUn9LDYk1pI723uk9MgII968XDyQy6xnGau7DqUmkFJGU+2a6ej5VVOKOVr+Ik8yeiz9MjmyUcqT7VTXnh+81FoXVh7NVfbeIL2HGWDrVjB4rI2ljIplTo39yFTetpP48lDedM63GW02moe6mqe5g6yhPmW0oHwteiR+JbR/r2+9EJ1fp0o3ZN/cUmvE0q6o1x+o6k/dCZ5K81xCfXBKD8qa6LgyruhHwRXrfndKm+pYj9wK4bfo78xw/sKW/0+X1Q5fqs/wB0f7nkgDZwBiusjkYJr1g9P6K3/pRfsK4emdGP/pRfsKD/AE+/VIJfq0L+xnkn4casjc01g8fCmvWf+mdFXcRRfsK4bLoq/wDpQ/sKteBfukF/q8vuGeUhndcFC36U+OB34jb/AP5Nep6Oix8JEP0FNa76RHwsf6AVf9DxzQFfqyf2wzyyaxvWbEVtKw+FNTWvQ+qSj/8ApSAn+YYr0h+udNj4CftQ0viuyQehVP2FGvF00sVQL/VNRrEwY+Hwj1iQ5ESp/wC41Y23gnqDEefcIg9lGaspvGaDIRKrp/F90+dC4ovoePPfIm/O8mukkWaeDrNFH4iYtjnfFTx9M6F071BE1DueayU/X72fOZCo+KAlu55T/EkZv1op+lH2yJq/Ivir4NzP4msLRSsQBxxiqO+8ZXD5WEaR71mmf3NRM+Kj1LfXAE6MrvkKu+q3V2WLytv2zVXc3KwqWJ1NUdzeJGpyd6rJZvxDZLVEm3ljVKXCHPe62LliKZI5cB0fJ+9DzIwGQMipIAjDB9JFG5XYSp5wGQyskf8AuxUTv5kmDs2ahmWVDqU5UU+By7Kx7UtylyFNtvDLa2ZEiOs4ppfSxaN8UJJKWwhGBRFska6dZ2pNSux80FrrePU5BPzSinUjTxXJlGpRG2xHFS2kIRtTjK0pjMiijV5fqwPmpbjUrBBhvmnXbQPp8k6T8VGkEhOsvnHvS+cheshNvKyR6Sm+fag+txM8gyPqUEGrG3uofKZSoyo3oa2uku5jE6F2GcADNN06brk5P6hSzMoo0hJt9YP0t6h7VaQIEt0L/SxzmjLfw31O4uJFt7dlhcZLOQgH71eN4Wu2sViIhDou66v70V5a4Qnw0p1N1cIp547f8IvkuNRHvXLeR4rchsKccmp5vD17bW7TeU2lNyAcn74qpmmd20A6mPb2pPKeMG3yfKnTWJ5ZK1wkbFz6mPapbDqsq3kQcKqlwCMdqAd1RQqjUx5+KFabyXDNksGBCirUtrByb8nUt5dG8uQHVj771NO5TpECcAgmgvO8yzSQbakB/pRF05ewgxxorBWUmimyTorEs2ex2rviS6ItTGMgAfvXelJojZztmqzrUjXMjIhJ0g1fOQo5ZnVfIOe1NW6i1YLAHNcQFWIIqvuYtMhIHetkTNPDN2jE3WGWjyKqhtQK+4pguE1LhhzVejOFK5JU9jT0TUOKvYpNK8XPDZcGQNghs5HvTHGDk0EisO5ohQ+MFiaGqIvArOZoLhTUpNFQ2+ugoWdOO9WlrOjJggBgOKXul9lX42pCz2PNo6rld6YsMhYqFy3tUzX6tFpCkNTrT69bP6sVE4bwgK0rlZpEljCVkDuNOk96uQ+eOMVXrgOT7mjk/wDK52rK6bto6M6anTnBDIx1EDYVNC5G3xUT+kjJzmuB9C5G4pKe2sjtuZSCpQrwk1SXClp0AHfn2q2VtUOM9qAlIBz3oqarDH6KxlDdeltJ/Sng4oaViQGHY1LE4Zc96VSyaHLRL2p6E964oroGeKk5QDJC+cACuhNqSKFG/NPFOlZ7Et46GBAGzXWAxXTuabUwkWcCgZprDNPPxUM8mhCe9R9BTlslsoFZyXGwG1Km2jyCMZOO9KmRq6aWKXJzfI0NStRvKMzBE88ZdWBHzUf4n8MxDjaooZ/KGmNyF9qFmSaaXc5FbEkqwx7zjIf50cuWGMGo0lMUhKtgfehlR49tYHxUNy7hSVGT8Vc5TwimlSyX1v1RVwrN+9WMN3HIuQRvXnTvdhvQxx96NtOqXcGNe4rat0rsxVEt8I3wZGHakVTOxxWYtuvI2AzaT81Yx9URwMNRKl7FPTZalSOHb966WkHErfvVeL4H81P/ABYI5qbkL20GGSccTN+9cM1xn/zW/eg/xQ/mrhuhU3Im1/gKaa4//K371G0sx5kb96Ga5B70xrke9TcibWEPJIeXb96iZn7uf3qFrgHvUbXA96rKC2slY/P9ajYgVA0+O9MaYH81WXtZOzCo2f2qFphnmuKZJDhI2c/7VJqcvovGOx7Pnmo2f5omPo3Vrn/y7OQ54LDFGQ+COuXGNSJED/MaKYt+hdXE9sopLhEHqNAXF6TslbuL/TC5mUfiLwLnkKtH2/8ApX01MedPJJ7jVinToV7F15EJnk1w5dd85qOJHGMod/YV7jB/p90GEDNqr47sc1ZQeGujwABLKIY49Ipi0/QqvIWeEeDrZXU0Z8uCRjjbSpNKDw31yZsx2E+PcoRX0DJD06wgaaVIYo0GSzAACm9Pu7e/Qy20DLD+R2TSHPwPb5olEp4yBXkU3wjxe38FeIZlA/CMoP8AM1WC/wCnfWygJWOL3y1eyhVHAFB9VZ0tvQOTuR2oLmZh01nBX17PNrb/AE06i4BluEH/ALRmrCH/AE0lyNd3gewWtZYX5DCORs+xq1RwwyDseKzxenaykX/UajXZi4v9OYFxrunY/pRaeALFPrmdv/lWszQs96sbFEQyNnBxwKuq0p5clrV1q4llGngXpSHJUsR7mnP4Y6NCxBQs3dV3o6a5Yj+I+kH8oOKhN7EnCjPc0t60PqUhqWp7psrH8MdJmk3gMaj6lVsavvR1vY2tgnl2tukI49CgE/rUj3SyHb+tcS49eCACSBnOc0tuM5bL2tvOByNhSNON/fIpIFDYb0g8nHFdeVTtkHHtXfSQO9W6WSsMdpTToILL+Y5zmsV4g8Pw2Mj3dqjrCxJdVXVp+ftW1V9IyUyPamO6OxAHqA9WR/TFKvkqom52s8guZY0Yi2ywPLHtQTO7HSO9ekdV8JWN4mqBFtZS2Syg4Pvt7mqiTwE4XMN2rMQCFZcE/sak4Rkrx7T45JOmN5/SIcncLpJ+1W3UUjh6fbgE6gvFVdv0y76T01UuE0lXIypyCD3o3qj644QD+UVz9VYpoFpysMP6OGYq7AaRwp70D1ZYk6oVAVdQOQKtLBVS3Q8bb1metzrJ1RnR9lGOaqeeA5WSrv7UwzMy7qxyDQE0WtcjZh/WtFbhJ7dkcasjaqi4t/LZgPpzT5rDNOjbmkwCOHJopIMDipYYAcMKNS3zvVVqcnoYnKTAlhxipkjGrFFNDp7U3Rj4pNWaJk4kYyBxUyoFI/5pioRipAppToPYiRVTNERINQwaGUGp4jgj3pVUwtqfDD0VdXyKLhYMuk0Ghwc+9SI+M96Gaw8i7nKwSOxVsHsajJxqGe/FckfU1Rs+D81TpNlKcInRzuuwAoWdvV8U5Gw7Z7jeo5TqqbhunOGRMdWR2rls3qZfY107rsN6ZErLMSQQD3q0x1LKD0OCMVKuBvUAOME1IG23NUmIqSXVk0g2ai153HFJWONjRqgdpKGyN+K7qHbiog1It2FTcVtHO4XNCO/nyhV+kHepJmAUsd/YUrZMLnHNVVehiSmdwSihVAHFKkPalSxRg06ZJEuszbUVCjOuA6s33oZmFwpAfIPzUlpYQwtrkuSu/Bbau08Wvl2ZOZ+3oiuunXEjZEjIfim29lJGdMlwGPs1X6WkN1EBFchjj3qovuimOXU0jc8qatW0ttcIHCp5nsFuunzaS6YYHutVT20sTFnkx8GtClxHCgiMhJ43oW7sUmXWpyDRxquXh9FVG7+SlcM65RgSO4oiwuXD+W76W7ZNPNskAwVNQvbCQ60JUitM3L76M9RXrsu1MwXIOoe9IXMi8g1WW/UpLRdD+sCjouuWj+mVNJ+RRqJroRV3P3ImF2w5yKd+MNSQva3bBYsux4CrmrW28JXt3gx27KD3YYqfQr0D9eF2UpvDTTdVs7X/AE5d2BubjSO4UVd2fgPpFtgyRmVh3Y5o58e/YFeVC6PMVmmmOmON3Psqk1YW3QesXZHl2bqD3favWbfpNjagCG2Rceyii1RVGAoA+BTJ8efbE15df2o8ztvAHUp8G4mSIewGTVxbf6d2qYNxcPIe4BxW0xXadOjE+hNa917KK28IdItsYtlYjuwzVnF02zgA8u3RfsoonFLemKZXSEuqrtjAiJsFUfpVb1LxF0vpF3Ha305ieVdS+kkYzjJI4q1NYj/UdOntawGfzEvAD5DquVZc7qx/rQatOYdSC/yaq66paWfTvx8kga39OHT1AgnGRiiHnRbZrgHUgTUCu+pcZ2rxSLqd3b2T2RnY2zkFoycqCOCPavS/BPU4+odBSB21SQDSyt3Xsft2pGl5H1K24wVNZKfqvidp/EFrJ0+4ZoYsDTuoOfqyPftVv4m8UTdGnt4LaNHZ1DuX7L7DHesl4gsEs+uTRW6nCvlQDxnf+9BOJLiZXmdpG7szk4A7ZrK9e53T7yLdNNhXVb+76vfG8lUrGpAVGJKKB2x3rS9OtOs9bgiuGvja24YBVT0nA29IGwqr6P0uTqk6IyssEbZZ22X7KO5Nb1NEcaxxqFVRpVQNgKvSe6nVPgKZb5ZKiqiKuonSAMk7muPodCjEEEb0EL22luGt0uEaZBlkVskU7WVp1eRxhIakUt/bm0uC8edJOx9qN6df60CO3qFT3MK3ETK++RtntVVDavG7PrwqnYjvXM3VN5lcBxFVWEW0t075SLYDlveq2/v47NcF8MTyBk5qG/6qlpbthwWxzmsXeX9xc6nAdgxPqIJAonVUzp6ejx+3/JfzdQeeQsHIX5/v7U6Cd2VlPqIx+9U/SpUVVeUSM52DKBoI7/ar62k9LOiIFOy+9XOlzyxlYnhIkZ51vwrKghCDfPqLfaiGVZAHJYKu2wxiq+4ucbg5P5cbVAt25U5clPYHYmjqP2K28ZLiEJAqyOGZW2ABo220tpY/TVLHdCWBhjAxgf5o+xc6Rncc4qRPyEWngJv5QraIxghdXNBtch4ozq1ahnbkfemX7I7DLEAKTkHaqa2llDqqldIbvyfig1a20xunCqMl6JGZQAzMo3AO/wB6eAoBUgMFHoG+CfvQ1s7qocsMk8L2o63u/LdQGVlZvVkYx81Iw8MXafQ4WyTQ6ZUHqXJU7qDjis7dxOiqkiaWQ4Iz27VrJp1G4RSoG+kd6oetooZXXYONz8ileTKayjLqTunIg6G205xlcCs0OlyX/UpEQ6VUAs3YfNWjyg2x3+napuj3SODBGmqR39WBvxtWSM7jPBAvT7W2KqGeTT9RzyadJHYtE2IFJ+amv4ns5w7/AEtsynt81VTTBJGUHKtuKc/i+R0TurBA9okT6kGFY5A9qIjjyvFItlQOwFTwMjRgrvnms9vDPQ+Je6Nr9ETxCoWjwaNKg8nemlATSHWWdCQTRTlX3qcpgHbNRtseKoNPI0rgU5djTdWBk1wP+lTGSw5G1KG96kDYO1DQSYGlj9qnByNqmMrBGhMMsN64A2oEjauqPVvTmYY2pXC7B/YY2FO3JpzIqgMx3PaurEWXWxx3FdWF5mXCkqOTVrP4K3JexkMW5Zl9Paky+bNoXZRzRbQMdKIMZOPtTja+Qhxuf+aJJtC/qrOc8gbrqfSu5pFcMF5NTrF5OXcZLf0qJV065W2J4BqYYU1+BvA22ri5rsKGRGcnY8CoxIocrnihrPYa5ykTatqQOOaiJ1HauSPpGkbs1VL5L2iOZZdIHpXmi4xp2GwxUMCaVBPNErU3ZYuq9HVFKnDalVismKgXp1qi60YH7GrBLPp9/GfL7jjNdtriK5AS4twh+QKe9noy1vMqg9vauw6/yzL/ALAyWH4CQmNGZR7GiDf20nomjZTjlhQMq9TikJMqume1RyX6qumYgE8mqct+8hLnk5dJZtKdGkHtmotTKmlQpFNFgepSj8LrdjwFBNaTpXgS/mVTKfLXuW3NNjRpr45F3rRC+TRm2KNFl1Cn5FRw9LuOoEpaRu5P8qnFepWXgXpsABuF85v9/FX1t0+0s0CW8CRqOAq4rbp+HS5p4MGr+oT1KyeRdN/0v6tdSh7qVYkJzgnJrX2H+l/SINLXQadhyG4rcgADalW9aco51690Vlj4f6b09QttaRpjuFFWCoqjAUAfAp9KmYEixSxSpVOCjlKu1yoQ5SpUqhYs0qVcqFCqu64nS36a/wD1gotqCMs/5W7EEcGrGo7m1gvbd7e5jWWKRdLowyCKqk3LSIeZX3h/pLMJundQjuoWOyh8MPgjv96K8P20nSrj8RA7KFUhlP0sPbFXTeBILWdpuny+k/THJ+X7Go5IJLWYQTx+W2MA9j/mubWnUVuxgXSaeQGZPxF811IQXlYk54Gau+l+GrZrcXF0udQyqk4H3NVOgNNBCRuW0kfJOKtvE3UlSNen2532LlTxjhdqCHMq6rn/AO2DOOWyHqDJ0Jxqk2bdETk/pVXN1rqPUyERHit8+pYjhmHyx/tUT29xcs011rMrYwZFIJA7b1I7JCiguyqo2wf7Uim221wiOn/AfbT9O6Uqtb2E7zEHSzMCc/ftU3R7m96hey3V04jhiUqsYOFyf+ce9VAaSTDI5Y52wMGrXp3T3KK9wMsRgAcCgqnuQ/Rmrr9g6SdrhtMbaUB5x9VVHVeqLCPJjzttt3q4udFtanSADwBWWvJYYSzyqrHsp/5oLz7fZ19KZzhIDlke50vL6Uz9ROM/auXQmlt0S0jxCzFWwOfb9K7bxrdK13cgiINpRAPqPt8AVNeXzjps/kRqWVDoVdtPz+lO0p2zljLr5JSB3cqQRR9PiAebYuycL/3q7iVLXp6mXZmUZAG5qi8KWsNzfn8Uz+cwLIuNieSTV31OC4Vm9YkC5GOMD70dVUy6lZZEodqaZVzXDzzMoGk5yMdhSlu4m0xh1BRQCaqJLm5e4ZNfloFOdC6tvvVNZXryBZn1hZSyqx7sPamxNuM0grqFe2X/AAbexu2VipGUz37CrqCREUuSUjVMsfc9sVjegTvcRNKXLKGI0tsavIHMloUdiBn6c/0oJbTwxGpKzwWE06XTMuDpYelhtpqvntHicPEDuv0+/wD3qZJYknW18zTKyatDNuRUqF3mCbaeDntQ1CpcoqbcdAts9yr6wjA6tIVu5+BR8F15jDGxzgr7Gh7m5mjPlRRozICS2SpIqGwkbzADHpLHUrMeV+PeslS4rCH8XO7Boo3LxbgBvbNB9VtXmsCUBLDcBe5FGQKyqGK5wDkHgiiEQaBheNwp3p7h0nkx1hraefS3TxxtE4KnO9XPguLXNcXBGcYVfvVN4giMN3caMelzxWp8GQeT0OOQ41SksazacLOTAlisFp1OwS8tGVx6gCVb2rBSwvHclHyCpxXpLsCpJrGdWRB1JwMA6QTV6+MJo1aDSrkAd1WAkflHamWkmhASfSxyfiuTzqlmUAGpjuahRgulSdsUi0nJ0/F3J5RZB9RyDkU4N7mgVkVTsx+1P83PestS0duZbXIWzoBtULsDvURf5prMRVbWNUo6zA0wE5rjNmmHPajSJtC4sOyqeO9GogU7cUBaFtWAM5FH6iNiP1pdPaVSa4JWKlMg4IpsMRkJJ4piLqbc7HtU0OQ2lcnPal5TwKrMp4JkjaRSqDOKsooljhAAAwKggXylwRgnmpWf080+MQs+zBqN08LoeqqvqPNMZQxz2BrqNqGM4rg+oio6WAFlMikQPyNhVdIpkn05wq81azDSmByRVdMFhBY8nk1VpmnRpkE7qgCLt2AoOVDHIpJ+rmiEUvJ5jDYfTmouoOEhVu+qgnl4/JtjhqUSFgq5B3p0EJZtbc9s0yzTzFBI/WraGDalvh4QGpajgbBbhlJJpz2xX6T+9ErpjXGK4xzVOkuDDvpvIMEI5FKp2wFJPFKr3MLczGpf2oyJrds+4Wo3/BTZMZdGPADGr/pXROqdV0vNaLbRHuw9R/StVYeEunWjB3iWST+ZhnevSR4l1+yOdfl6cfuzAWHQuq35CwI/lk/U/FaSy/04tnZX6lIZWG+ldhW2jiSNQqIqgdgKfW/T8WIeXyzBqeZd8TwgGx6PYdOjVLW3SNVHZaNAxXaValKRibb7FSpUqsoVKlSqyCpUqVUWKuV2kahRyuGu0qhDlKlSqFipYrhNItiqyUKlmml6aX+amSEmapvE+lOl/iThWiZdLewJwatC5qg8XXES9MW3kcK0jBgM9lpGvW3TplV9pRi7QTxzxqzMuGX7itB4f6W2o9RuwTLJkxhtyAfzH5NZRbuFGURuTpGzAcVLP1/qaxlEvG08ZBrk6FzF7r/wJmkmbrqVzYxWxS+dArDZTux+1ZWC2F4xaJGWEsdLOPUw+396b0jpkkzC7vmaRm3VWJP6mtDDHpJJ5otXXeq8JYOhp6Cpbr/8EVr0qKFVdUGr3o1kCDYcLk1Kp0rgcgVDM5VSTnOMGpMyuh+cLC6KfqMjysVAwoGT9qzEk0dzK8c2GVThlHatCqvPJM4yd9KqfaqW68P3y3z/AIWMNGw1MzOAM/y1NjayhsVKeGyYdPS4sgkT+Wi7hscfYUK9olhEAzyS8EupwD+1TWamS3062jbVg6j9JqVwscSgSguoyx400dQ6nC4YyaU1zyFdNmt2tj5bAFTySCx+9VviG8SO3Cec6sx30t2+aq7jojlI7iO7nabzNTKp2ddW9aN1s4ZNCwByMH04ehfyna30WkotUuSie0ebw5PNbo2tlKqoQhn27ZrGs19HJadPlttLWisVRQRgsc5JNeg3fW7ZwyCIq42XURpX9BWY6ndQQF7y4mEh2BVfqb2Aop10p2zy2MWhVXvrhE9j6IlQ+pyMqqd2qyj/ABTRowjYliAqgf1rN2PXEmna4eERWq/U5J1H7Y4/Sr9+qI6L5ThUZQwZe4oLm5l1XZImbrbI2SJFv1uJJQ8qZXbtn/vV0k5EBYnS6jJyKy0U2u71uxCq2oEnbPzV7YP+JZlPqVgRt71NF01yD5ETFYRPLO7qxXcshU4HP296FjLpMjtk6W5J5ouwR5leIjOnI1e1AQxPddTKI38JDv7ZpeuuEytL2jZWAZ7XLE4xlR70YsscUGtyMnZRj+goSHTFbqpOn0jJ7AUFcX63EumPZUU6CTjUaY6cykZlO6mZ7qHSr155Qtu8qMxIcD334rR+HFeHpMMEiNG8YKlWGDzUKXbrkEZyMZNFRTrIiq2VOdmU70mFMvhgPxl2mH3c4htHkO+lffk1grud5riWRm9THetldILu08guUGdmGDv81mb/AMP39nHLIE/ELoLakGoj7ig1Jqnxyip03NJMz090j4Ub470xJm7nNBMHDEFSDncEU9GI5qnCSweg0YmF8SyjkOanSQDk1Xo/FEo3vWepNksLDg0i2agVqk3NK24HIRY9q6nqO9NzjvXUJ1VPQWSxs0CNk4O1EnBf1DA+1CwsRoPFWMwUQBtt9gKW5blsTbxS/chfSMYIPzRFq2hwzAf4oRFDZIOMVJrYkAcDkik5w9wNTlbS3yruD2O9dddWy81XG5CABTkiiUusEFhTHSrhmGtKlygpIdC5J3PallVBJODUUt2vY7DehGuNbH1bUTqIfBU6dVyyeeXG5O3aq2ZmuXAG4B3pTTNI2hTzXUHlphdz3NKqm+TZEbFn2PUrqC9l7Cq7qb+bNHEg/Nk4o/KrGc+3NQWVr51yZpNwD6QaKHh5YctTm36LGythHECwxtRYbHHFM152GwFOQAnkD70qq5xJiqm26o7zyaY76QSdgO5pSXdvb51SKSPyjc1V3PUHuiVQaE9u5qTDb4Fukua6CJrwSEKvAO596VAI4U0qd9H9xb8nDxM8HpwVVGAAPtXa7ilivcnmjlLiu1w81CxUqVKrIKlSpVChUqVKqLFSpUqhBUq5qppcCoUOrmqonlAqNpCeKEmScv8ANMaQVFqY0gpNXkrI5pD2rhcmkFroWhJkbua6FNP0/FIkKpYkKAMknsKmSyC5nis7d7iZtKRrlj/asJ1O4fqk5nkXBb6R/KvYVczSTeKOpfh7ctHYwNl2x9Xz9z2H61D1vpgtL0Q20WIpEGgAZ3Gx/wDvzXN8q7ud0/av9xdp0sIomsnWIyxR4hixqlLfUT2Hz8Vo7TotiywS2/8AHjeLLNKpyWJ5A7YpvTuis0ai53RSGCHgGtBFGkaBVAGBiss5qcNGrQ0dvypHI7dUUbDakPQdt6kfJOAMKO3vUGoaiB71dJJcG2W2SpqY7kjHAqO+l027DYBV7U9HXVvvtjAqO9j1WjkgA6TuDzTdNfFi6fyKnpedLCTJBycj3+arX61NDLeat1jQsre59jVp01tMTZYKuMb1mvELNb2dwIkZmlPIHbvTcfBYKWHTyVUHV2Zjh8sSdak7En+9T2LXVzLiZCUVs5J5HYVR2yB2D/S2fUD3rV9NaOABzHrbGkr245qp/c03SXQ6cXjvH+HjY6QQFQYz+vtQXUpLjp9kVZVE0oxhsjSPmrGTqa2gZs4xvhv7GqXqvXLa/kGsMNtLtzpHxUrSl8+y41qyk1wU00kfmM087SMo5QaVG1VkSJ1G8WOSR1j1ZIVMMR+vFWLJHM58qQsvCqxA/emXUyKAhRg2wyu2e3Pei04UrL7C1tar4ksp4unra+TDDGuE0rgAn7/eq+1L2sTJKokZRhcbY9qktLZLl1yzEqMHIqeWzPm7+nA+kn1b1VrdwyaVbFwRxLJIxdjhcY223xtWj6YZGWMFgqopVdvnf9aq4IQ8Q05yuzFtgDj/ABRUDSAiGNudwPml4mWVdOy4a8ECvFEuppcn1Db7miuidORLdriX6Q22fzGqrp9pJeXiqz6tC+sjOlR/LV/f3S2FkdOCsS+le2o8Cgr5Pc/QH2ravfZX9c66luPw8aanYesKcae+DWdfrkzqfLQxpqwWVcn7ZNQ3NzGspa4dnmlLM2+N6q5bxHl0DIUbHAGRtvjtRTCa+RaeOEXlt1Z2kUG4ffYhjzVzBfsqbqGUHJIrzwzuZNQZtSn0/wC2rSw6/PCAk41tsM8ZHzQVpL0HSeMo30d+jrgKVJ4NFR35gYFX7c74P+Ky0XVI5wBErLqGfVtVnaSTKuXjYq3cmlVNZwmDwvuCr/oVh1pjMytBcMPVJEBhj7lTzWdu/B/VbdmMUa3CDcFDhj/8TvWqR0RlKkgnsO1XFtLrQE99qH5qsV/5GzrVCzL/AMM8l0vFI0ciMjKcMrDBB+1To4A5rf8AiTw7F1eDz41VLpB6XAxrH8rf5rz7yCjsrAqykhlPYih1JUs6Xj+ROpOemTo2TvtUwbHG9QKrkbNt7U9EkB4zWVpG2aTJBjNOUbgjimamHKEV0SALup/ahaYaoOicEDfcUajB1GckDkVULMqjYEn7UZbyMI1Y/Ue3vS2sd9EeGgxlUkBO9NDNGCpG5rmWicMOMZHxXUbzZNzj3pVTh4YGOP2ORsrEluO1S6yx52FIxK7ELgAcmmPEUOFbP60DnjPorM0x7yltj9NRO/AB3NNLlfSd/mnBVAydzzUxgJSpHKug55Yjc0vM0bHvUBnxnue1OhQu2p+OwNRr2y3OFmiRY3uGyfSvz3opcQoAGwBUTOEG+wFCy3DyZVAce9RZrhAbavj0GS3wjQsoLY7Cq2Tqk03pB0qewoiCEn6u/NBixJuGycKG2x3ooULOTNry5+04HLbk705X0ggc0WtvEu2Mn5peWi8IKJWvRhpPOaIEbC5PNKiVRCclRSqC3Syem0qVKvdHAEfiuUqVQgqVKlUKFSpUqogq4TikWqNnAqsljy1MaTFQtKTxTMlqoolaXPFRl2akFpwSqIN0k04J709VrukVCDAlPC1Dc3ltZoXuJkiUfzNWfv8Ax50u1JSHVcMOyjA/ehq5n7mC2l2aYLSxWPs/FvUOpK0kUCQQqcam9RJ9gKe/W7p1ybplxzpUClPyYRSpM1tUXiTqiJZtZwSqZpNmCnJVfb9ap5ep3E6Ya4dkPGluabY2AuLgXEkq6ExhAgGSO5Pesuv5TqXMrsZEVdYkv+mvB0vp8VrboZWA1O3Gpjyf7VIzS3Th5QAqjZaihUj1ZzvsDRgOlcnG/NZXrXa2t4S9HRnRmOlyPRsoQqgY4qMMwyp5+aStjgbEZprKzSDO23FRvOC8YY9ndlwPpGxoZ2VXODkD2ohnC7D1H4oWR13VMH+ZjQXSwXKFHJoZsk4O4p7szqVJ9J4B9qgUKrHOdWMDFdaYhdOM7bUzQbxhgai5yiuiyrPGCAFbv3oXqds90i6RpZWzgH6viu30whvsDK6hkgVxJwyliWYrxtsK1xSawJpNPJQ3nS0SMumpJVOpieGHtiqlupzwvoTLM2+BWzLJcHQyAvjnjH2rO9S6QlurPboXZm3I30jPtUqV3gOLb4YBdO8sLPNIxYqCyr2qKHpsFzEsgdmVm/KM4+9OR45XKB8aQVOdv0o/pXT9N+qlP4IXUSDucdqVupLKNS2dUMXodvFZiYT5Vm0qCv1H+1DTdKO+FYBcHLdvY1o7x4xp9AEceWXK534qsleSSUtq16gCc7g44o51N3YO3D4K+BbiMuiAHWMZxgn5zTbxpdJcqVZcLq5PtsaJdxEW1kBuQqnBoO5uJJGjSWNwmSUCrqZqXVznAxS2shMLKkaMzMqkerGMGjrCBbhmLllRRqVmHOOTQvT7Oa6nUXFu0aKMjVtn9KvGsmMaW8bhUY+tx9RA7Af0pLbqsl00pwuwvplyIum+hEiUsfKXhmA5ZvjO9Ut/fv1GbCFjEh2BP1Hu1c6zfGS4FjbaVVVCsV7KOF/Xk0ZbdK8my81+44FR06pJegVKlbn7Mb1aQNdtGHYOrekrwc8/0/5rlv015NQJbBbIx8e1WUdisk813dIYxEWZwF1FQOw96uelRQ3Fm960XlRq2BqOWP8A3rZPyQmq29FPbdI0KSd8DJyO1GQ9Mt5EyVBZcYOM6d6Ia7iup1iht2VdWHZm3I+PapLnp0jrm1kaGRG2fOdS+x96m2fQO6vbHJ0y2t1VmdUYnbJyW/Sre3VHj0hvSozuOaqrOC8ZmjuykgTcPj1NRjTt+HaO3JDsCNQH0/NUoS5wC6beMg8HV3kv5kCAwq2FAGGXG361eWV0y4KMGOcYJ5/TtVBYWK2oaR2DNnI2/rUgLpcLcK7HUc880ikp7NCSro3FvL5yrnbbdTWJ8WdJa0vzeRI3kzbvgbK3/etBZXyuMhxk7Fc7qaM6nbf9S6TPblcyMh0dssNxQVCqcImldaV5Z5uh4IFEKSfioVR0ZkdSrKSrKRwRU6D3rlXwduaRIq5FPWMtsV2+1dQCiEOBSuQ9zIkgx+UAfapFwm2Kc74Xao8kbn9qXTbY6OVlkhcnneurKAd1/aoixrmaibGLGOSdnGCVYg+xqBmcHPP610c07GTUbT9FzhEWt2O4xj3rrGQg6V/rT6WsZwu5P9Kia/AW78IbZRtqLOozmiXf1HSABXUjOkZO/eu+WaGq3CqpVWWRlNW7HPxTlULwBT1U0iMcUDyVn0OUbFjwBQOss5b5om4fyoCpOC2wFBp8UcrjJl1aWcBIbKjFTKupRjmoYsdzVjbIjAE96bEZOfdLJBDbFmGR3pVaIY42wCM42pU9aax2Za1OTYGuUqVeyOQKlSFKoQVKuE4prsBvQ5KHFqjZ8Ux5McVCzljQkJGlzxUZJbmlpp6pUKyMCk09Vp4XA3oC/wCudO6ahNxcLq7KpyTUdKVllNh+muO6RKWd1RRyWOKxHU/HryI0fT4/Lztrbn9qyl11W9umLXFzJJnsW2rPfkxLxPIFXKPS7/xb0mwBzOJGH5U3rK9S/wBQLufUljGsK/zNu1Zq3s7m9YLFC8h/2rmrix8LTO2u7dY1GxVWy1Zb8q646LU3fS4KO5vru8kLzzPIzH8zE/0ojpnRLi8mEkoaKEe4wW+3xWrt+kWdqypa26ySA5DuckfNWEdt5VwTIdWE9VITdPJVRtfLyU7tbWsCq5dIo91RRjX8Z7Csr1TxBdMsqQ6Io2JVVVc6R969FSGCaIoUVk4wygiq688P9EmZVnsk1NsrRhgf6cVezD3Nhqm0pSMn4Z6lNdf+Ad0YkejWcbe33rd2qCBAg+obbcV5jd2VlaeKVs7W7ZYTIFMjKQ0Tf0zg969F6cLu1iEV9Ms8ikhZFGNSjjPzSPIhT80dDwly+C6iCopLNuBU6lZFU5xkce1AxNlSx2yOaIWTOMDfuT3oIpYwa7l5Jm0o2ewHamtIigZyP9o5pih2lCqMqPqJ7UniYtvj5OKYtz6AeF2Ru+tguCq53OdzXH0KukbGpHChcqukge/JodtbSHOx5qqnaWnk47hVKkYPc96h1MGJbjtUhXJOefmuOEZcFgCODVy2mDSyAXcCzsWb6gMhu4oF9cOEKH3HfNWLhxkjBUHcio3KuBkb+/tWqKWciql4wBsx05Bxt6mqKO6WFtLKCBwudzRk1szIWUatPGBxVFMVW4VmOhkbIyNyaduFKSTq3SEuLhZ7PTGzEM64wD/uFBtfGwlNuqssijcsOfkVZG7LFcMScb6qbMkdy6mVVYgYGqguZrodFOfu5Ka861K8TqxHqXTn2FQdMe5umXyUeVuCFBNae36f05XDvZxEgfy5B/SrFA0MZeNEt0ztpUDP7UtaaS7Der6SA4OnOn8S8VMafpIBJOO9NhTp0DmQwq7qdtO+P0oLqnWUtyy+YGYnCg7sf0oW0sus3gEiBYI2P1u2G/Yb0FUk/ihkxVLNMseq9WkgiIgjSNnGVZxwPfFUF54ke1hKRTNcXb/VIRhUz2AoLrCXFrNIlxIzSo+ksSdx2I+KpIwTICQef3qRO75UMUylhGp8NxvPeqrNqZjqZm3z7mt/eIkPTpGKjSqEgHudJ2rI+DrfNw0rDfSAK2PVIXayABIAYkj3GNqTL+bYGr2kY+0csG8wDDYUjGQRirVpIksGt0IVCAcYxx/eqSSTyZ/L8w6c4K+2wp8t0pTQzgajhcnOqtMaj24QF6OXljUVp5PT/CQHUNJwW+5p7362qnMjNpI+o5z8UyZJvIV4AWGSCAfcY3qZbW0S0AmkWW4K6nGr9MD7Uu96p0nwhq2bMPsMW/SS381EJzsGAwM/egzeyorMmCoJVmCnANRvdvYWSxxyvcLuyxtgFR3AON8VE3VrK6sy0cqxvEup0YgY96dFOllMQ5UvlBKXjupDPgsMAcCi7EsyMhOD2PuPiqTpU9v1NXeNiCrAaeCR71dJldQAyV9O1E4/IzcsfElS5aK4LoAqsTgfrWg6X1NZRoc8Hn2rPBItKMJVDA4KFvVTwXjbVCw1Kc7Hn3rK8w+OgqStfuFeK+lrHIvUIEOHbTKF4z2b9az6NqFby2aPqXTGRxlXUqwP2rz2887p15LayplomxkHkdj+1Z9bTTrcvY3Q1Wp216DEJWpFfA9zVYOpLjBRv3rjdV0rhI8N7k1lrSp9G2dRFwoYrqO4ppbLZ7VUxdZkwsZRQM7tVquWw5PpNIvSqH8jXpWrXB0nauKuTXTpAG9InOw7UoedANOUgc9qY0iqN2AxQNzelmCxHjYn3o5irZa7CZbnDaEGWoi1i0+tt2NCWNuWbU+5+atUUADFDqUp+MlVSxhDhtXAxzXR80tOTtSsiuDoxjJpskiRxmRiD/KPc025uYrSLXKc52Ve5rPyTzXb6UyFJOBninaek75fRk1teY4XYdJMZpCzuM9hninxt8igoumNnU76m9gaJSxdtkLA9gN6bSjpM59611y1gKR1U70ZDKdsGgYukdQWJpJGUAbqrHdq5FPp2YFSNiDVOKjkyvVT4LdXJOTzSqvW/wBJwELfJpVW5ityPTKVI0q9wYRUia4TUTvigbIOdwtQPISdqazljTahWRc05VoO/wCrWPTIy91cKh7LnJP6Vkepf6iAMyWcHpH0sx5+aXWpM9sF0l2bt5IoELyuqKOWY4qgv/GfT7bUlqGuHX+X6R+tec3nW+odWnzcXDMCdlBwq/pXI3EalCc55rPWu6+3gW7/AAaO98W9QvQyl/JQ/lT/ADVDKWuJOWdyfuTXIo3u51hi3ZzgD2+a0VpbxdLUiGMyznYuR3/sK5+vr7fufI/xvFvyK44SKuz8PXdyytL/AOHiP5mXJ/armz8OWNuzPJruGB21bL+1FJftAo8xTqI3IGwNSnqMLqFdNQb6mAwaw15O73g7Efp8RztySxOkMAj1rGi7KFGD9hihobn8WzLEfKiTYsRqdj2AHApjr5gDwb6TkK35fn5ono6wPK7NKXmPqfSuEWj0ad0pz/2Br6UzLuv8IsLS2MMRcphsbDPHv+tcktmmt5Y9WGkUjPtUdxduOsW1lG3pVGkkx9sAUQ88dtAZJnVFVvUzHGK6M7VO1ejk2qbzXsxfRurTWF9ddNvz5TRnKqx5Hx7+9ExeJOn3ZYC6ETBtOl9ifbFXfW+kWvU7dbnQv4iJdUUq8ke2e4rAR2ZsfECPIA0asWZhwwI4/rQVKTw+go03SzPeS8614f6d1J/Nt3W3uFOp3xkSHPf5q+SVEaL1alChQc/VtiqzqCpIuuJ10soYHhv/AG+xxTbiCUWdvcRMxEY9SgZIOc5NKubpOezpacxNZXBpVcD0nYE4AJ7UXFp0qR24FUVheC5t0kBLNp32q3idsjftk4rPFYrDNNzlZCEnRGZ24B4HvXFczNk+kD3PFQZVcZXYnfvSZm0YTjjArSqeMGfas5JmZFwwbSBxnvUDEBi4wAR2prD0F2IAx780wuCpPb3oaf5LSQnbLMx4AxULtleK67jTknSoOCfc0M7jSXZiF7fNA3gJLIvNCEk+rfce/wAUK82pjjYZ2ANNml1DbI349vihteG3FUqZe1YLNHCKFDbkZIPAqFUDPrcqxU50kZoQSlc77dsVE96UBAPPOK0LWeBT0/wHs6MzEqucYKhRTBDAjBhGhbPBqpe/KLg7N2I71Ct4431YH3qVrU+i50/yXxcRvkxKuewG36VWdX6o4VUUn1MVRc/Uf8UJP1GTQdTkqu254qKw6fN1Cf8AETuVTGldvpX4HuaB6lNYGzpzL3Ud6ZYebcNKdLyk+uVvyj2X2rSR4tYgka57ktyajgS3tYljiTOnknck+9PaZGX+I2GJ45zSHnOW+RlVu6XBQeL7OS6tFu40B8oYkI5x2NY2A5cZPevTJLhERt1dCMOGxpx7b1591CFLPqTrGuIWbUvwPatOlWZclSbrw4qRIr/TqGK0k7q0ao5ysnpyTwe1Y/oFwGUIXKjAOMZrUsjSW+cgY9S759VImnNcgakrsz/UbJEcvo0KzEt6chsd6oHtx+KadmGkHKrnGfitv1G1S6szKh0un1A9j3rKOEZismkNjj4+1aoxNEinU4ZDYPLdOyF2j0ZLFjhSKIktrVmW5YqrqunUG2IzT4ERYgobU2dxjkVMluv4dkCKVbJYEZ0054pNIpra1QHcgDpLyD64CGQ4zkZ0n9KoOrWUE0CyWIXzn3fSvOfvWt6W0hgaO8hgkTQVZUz6lO2TnvVXZdJRppELvpTLKqD617DPak+O3DcsbrKb+S6Kvw/0qRJXFw7xsybIhOT3yT2rTdLufKZkZGkYLnIyxzxjNRC2azSS4Kfh1RS3qfUx+M+1HeHOpwdSj85NKqGKlQNyw5zR07u93WBe6I02u8gF5bFOuRszsnnR6iuchSNsU+9S4tGUIWC5yzEcr8UddQrJ1eJ19QTUNxzvVy1mrwAMgfV3PNBU7qZU6m3bki8PX6hViDFvk0H4zsER4eoD06zofAznbINMt4/+n9V0RKRGw3JNXnW4Ev8Ao7xu5UAKysOQRS6+1p+gbnN/H2ecPEJHxGcD2amSW00YyyNj3AyKvofD8jqXtrhJGUamR/SwHv8AauXXT+oQIrz27IjHCsN0P6ikc4ylwT62ppPbSM4SFq46feo0ISSQKy/zHmg79EEhARUIHbvUPT7YXV4kbNpTlm9gKqpm55Nmj5U43SXjM7yKkMbSEnB0jNEiwvGXDqsC+7nf9qJhv7ayiWC1UKqj9SfmgrzqUk2dTCsu2UK1P1S3xKSHHoEVy2W6o225CoAuanPROmwYL3jlvcAVTy9UMURUPk+woVOqur65MtjhaelVLowPzNdPO5mshs7K3jGbhgvYsu9QyXFmmdM6kA7ZO5rK3XWJbg+piF7AdqghlaR9tznigfjzXNItefrr+42RlQr6ZFO3vXcuFwisxz2G1UMFylq6yXADhd1j7H70RN4iuLhgq+hRsFXbFJfiz2maF+qamMNIMm6fNcyBnVR2BZth+lIWFvAMyzKT/KlVTdSlz6pD+9MN+rfU+/3py0sLBmrzdSuuDRQT2cKhFjBAHJ70n6qqZESKv2FZ38aApwc00XQP5qJQkZquqfLL5uoO64ZiSfmmLEZSXCHDb8VTJdZbberIdTm/DKgbTp4oLlNckVYWQpLNnkC/SO5PalQ9rLNM2zFidjSrM9qeCbz1OuE4FdNQTTJCjPI6qo5ZjgCvbNiRO+mh5JFRS7sFUcknGKzvWPG1hY6ktz+IkGw0n0g/esL1TxH1HqrsXmMcfZFOAKRetM9cg1SR6B1Hxb0rp4ZfO81x+VN/61k+p+O7261Jaqtuh223Y1k3k9R31e5pi62YYBAPes1at1whLumT3F3NcyF5XZ2J3ZmyahCEnB2qdNEeHI1EdjTHYFix4JzQbV2wBaiFCrtXUcq25yaaWyuBsPerno/SYZgJrvIRt0Hv8n4pd1MLLG6Wjete2Q7w5Zu4kvH9KhdKE8k9yK0cKOFwI9THgAVHbtZQQqA6sw2C52P6Ufb3ELoEDKjtlWYDgfFc6tupeWz0Olp/Q01MohCCZWLouobYI+r4FP8A+nxsisU0j3ouFEK+U5JKuQfc/OanVYlmVRMrj2Y4x/minx5ay+Qq1WnwUsvTnVWdHZBxqwafazQdLstJXzJmJbSRtn5Pf7VfPG7IdC6WwQFY5DCqO/TLZKhWPIxwOealaf8AT/KQHS11troVhs8vUpU0yzsFVT+Vfb9aD8RX0DdOuYzIofSCFzvnO21BXPV5o7hQygpCjBUB21Y2JrMXc0k8rvI2pmOd6udTctqFT4V1qbqeEuv/AEWFt1e7S2NrDessRX6XGdJPKg0HO7sw8z1Mp3OcVUSSMGxqx7VKlwzgBjqPv3NMc1g1/SmXlIube7fR5YXUDnYnv70TD1y5tFZEOlWXdcZyaqIY5JpEjhTU54Uc1pYeiFwsl2+tjyi/Tn5pe5xymC4l8NEfSeoSm8DNGFil3OkYVT8VqkfSuSdsZBqna1jt1XEagDtjajLeRZVVMjUOx4xSHbq/3D2raHLOHKqp4HIFdabQpDbg749zQmtU1KNtzuKhedR6fqA9/wDmnK8CdmQueUBV3GO4zxQzz4GnkYz96Hd9Xz8VEzkKSyNjP70LtthKESTXTvjO6rsPioHlkmIQDYcCoJDgEluTx7VE9w0cb4dgcbn2oU+eRm3jCFM+iUAPnTzvSLqF1lhhuB3oHzC4YlvnftULz5zv9snaiTLchkt1vgNhRQctydWM/ahnnByMjmoJJwpIHPuaNclKAhptTbtnFQvdKisx47A0K84X/wDdctl86YPJjy1PB/MfamTLfLI0pLOwtXuGW4uSFTlUPLfJq9Ep0rhl0j8q9qpHu0U+kjJG+o0PJ1QKy+lh2wdqFy6fCA5o0jykkM8mx7LtQk1/bo5B1YPYHis5J1eRvSHIXvjmhxehmOpmNX9OglOPZd3V3E7BUctqPqJXtVXfOsqEHLAfST2qNrhCvpyG70HPOc6c5FHpw8hPCRadEv3t5gpfVpwPnFb+1uBPbK0ZJbO4H9a8i89o3DISrA6lNa/wz4gVmWJ30sTup7H/ABV62lS+ci3ysGxu3S3lgkYlUnbS59j2qnv7CL8ZKkmVkBwR8HuKseu2T9U8P3NvA2JlXXGQe6nIx996rDMfEPhyDqMahbmJfLuFB3DLtk/ejU5jchEvFACwTWk7B0Yrj/4n2+xqwtbpXDIFweFLDBJ9jTonMfTUSV11FcDV/eque5e3kUOUVucj6T9qitDFLouoreOOLMSANIfWud6BkQ2zERk6mbIYHOB3BoBuqXUcqyQBZF1AMrHAHyDV7bJHM0VxINRbfTnH/wBNMlKnn2VW6Fh9MrJem9Q6o7SeXiHThMt6Wo6Dok3TrI2/TbiOORm1NqXkncjPberBy6Iy276dzx2NRT3UtpCXZNTkHTv3+aNrasCm3TRA8E0DLJcN/GGA2j6Qe5FWVrNPLbqTljwAexB71RR9Te6mZ50AZhgADt9qv+myIqqrjOBsRSVS3cBVLS5Kq+mkg6wutAyugA08jetNtJ00kAltB2wM5G/ehntIZWikKKWwcnHeiZWeDp74GWVCVI23ocbabfRKpUpx2VVqltOrROTGxcN5uCoYDfGBxVst1GbYwxt5yMukwvjJ7bHvVJL1OzuV1yRyLMTjGdDE8ZPaozdkXEZjYhkwMqMHI2xil1rKFhYf/I1abv7v+is8Q9HtrWCS6ijlyzLyc+V7gj/g1W9PsA6iSC5RmIwVOxrYKxmgaSRQ7K2l0Y/WCODms/1rpv8A0y1W96a8ixu+HQqD5fznnGdt6VOaWALmtOcyuPZA9hdo5xA7Y/MvBqGWwvnQssZAHJLAVUv1W7ViXuJDkY+o0PN1GR10+axX+XUaudF54OZVPPQc1tLGxLxs57BTq/4qFpCDhlKn2K4oOO5dWBV2U/BxRZv5yMGTWDyGANMctFTS9iSMztpA/pxUlsEgJyfUDzTIr9olKBEIPO2KjaeJiWMIOfZyKra3wVVJ9CuLstIcPt70O1+UBVMk+9KRYGG0Zzn+YmoHt+6Jn4U06ZkWI3Mjtuxp6SNyWz+tQJFK5wEYfFGQ2MrYyh/U0V7UimdWfA5zUyNI7YUVKnTnC6gmr4FWdh064kwfJVVH5mNZ6r/4omWM6dYSTsCXCjPLcCtXB0roqqv4i4dmC7heCarUsJFxhhxuanW3K8v+goFp55ovKLJIrCHV5BYb7ZFKhFh0blWyO7UqH6MfgvcX3XPGnTulK0cb/iJh+VDkD7mvOeseKOo9YlPmyMkfZFOFFVTOzsc5ZjzTkgklbBGBXXq7tmeqqhjTArpILGmBJJThRhasUs4UQOXGruDxUbzKjKAoAA7VW3H3A4GQ20cS6pPU3cGm3GMnSAq9gKbJKHG5/QGo2clcHAWreEsIoiLNnPPxTlbI3I+1NyW2UYHvRtl0m4vV1IoVRyzbCl08csKYu3tlZYKqO+w442rVWhdrOLUmk6QCCMVN0zp3T7FR5o86bnVj0rR85E0AkYAKAQCBXO8m4udsnd8Hxr0G6r2VbsUG2Rg1FJ1Oe1bUoDDkZzTpmGnuCTsaDmGrCk7E4J+/esUSnR2VhrkvLDxJDMqkvpmz6lO3/wC60Ft1KC/tWhkdUm7ds/avMLrpzxuzo+rG4JP96ksL28gw6sxVW3UnIPxW+Yc8y8r8Cb0JrlcHq0F6YVEN0Mt+V8/UDQXUVjZQgJAJOlvf71WdK8QW90qrO6q+nSFYZKH7d6KmdU1SRurxYP6fde1L1bqo2v8A7X/syTp7b/BRdShKM0m5ZTuDtmqW4hCrqKkahlcirq/ZtTGQjLLlQpztVKH1xMrsTpOFz2FZ9LODcvtKqaMfrUaNpYAc52p90/q0jck4AArTdD8LhIlurtVklIDJE2dIPbPzXQTxOWLtqVyWvR+kR2ESvNvM6gsV5Gewq2RA+cqcdgaGW0uJgHR/4ynB1HCrijZHWIKjgZ21Fe5PzWPvLYh8tYY0IrgoclccDigZ/Q2pTgrxjarAqHiAD4GSCPeg7iNUYBxnPcc0FzUrcg47wyNZldfq9RH7VEqvqxpyTyRTHYxesjKE+39aSXRicPGuoEHbNVLT5ZbnHRIyOuGbOM5BzQ91M2nSDx7nk0nuPOYuHGc7knGPvQd1dRKGxIrsP5d6Zj8ApPPJBPM4UnOkA0G11lCpDH3OeajmuVmYZ4+9Ds65xnamKeOQx814gyoJGfcUK9zlcgnFNl0nJ5A96HeQD+wpswi+SQ3OGIPftmo5LtFPqbDHagrm7RDtgsahjt7m5YEIxB7AVpnSWMvhAO30g9X85gAcDuTRaJOEYRRgqvLMRn9BTLHpNwRlkZfuKLfplymHKsq+9Lq4TwmTa32CXMrpEpOoBtlJGKBluZ5MCR2YKMDUc7VdfgZJlUuSw7A9qil6SyYYI2nvkcVU6sLgvYU6xuw1YOPenCJl3Bq6isY3GgEg9tqgnsGj1NGwZf8AiiWqmytiRWYddyKayam1EfajHQMoBHqHOKhkGhQNG+aOayC0DvD5n0jcCmKj2xEwfSynYK1ELN5IbA9RGBkZxQsoZsMTuSc06W3wxdI9B8KeLY7/AE2txhLlBjnZwO4+fitLbWFnYtcTQx6VuzqlVT6SR3xXi0R8qUOrMrA5BU4xW68M+MWuNNjfMBKuyOxwH+D7H/ml3DjNR0Lqdxqr+3hubNkWNSGGFdACVqqW1R7RYpbVmZTp14yPk+9WNx0trlBJa3D2kxOoMp9Lfcd6rpeudf6STHLZ284X82kjV87UpTPdcEndjbPIO3To4GLoiu2CRn3xXLRnWAxSErnuNiMUTbeMre5lC9Q6asPbzIzkg/I9qtIYem3wDxTxsWP8wBxUxtfxrJbqlxUlWriBjIszNqwCCcrtQ09488iqUYgkDatTH0S1IOlVK7ZVSNP6U5eh2mrW0QTHfVTFNtAPUhHnvUpLpr+2t7fUHkkDMyqcaa3HS+lBLdTI7MwYMD7/ABRL9Os7dNelVx+Y09Z5JwILZSq8FzyftUpLK3LkCrdLE9BCqGYKOVpTuiW8jMNQVCSrDIz22qeKFLeLBGWI3JNVHVLgx24UatUr849qC3tnPsCE6rBxzbX0BWS0jM2rIIBzjtwdqqPwFzAxUnIPA1bgDfc0dapIG1lSwBwQvJH2qxW1a5gIG7Z+o7DGPes1TWqs45NU19N4zwAdOLzTpbMdev1EMwUtirtbSKdZEkRfIkGkqRnUvfNAQ2nk9QhYRqXU4IOwara1mVpmRl8tG2VTvg996PQlY213kHWtt5nrB434tsk6B12WwZ2ZNIeJjzpbcA/I4qkZ0fdHDfGa1X+rKK/ipGDZP4ZQQBxuawTAjiujMS1wcu6xWCx1up96ely4IBzVUssinKsaKgvvUPMTUPcVdaXAG5MuLecN6XGR80R5UbDO4+xoG3uLVyNMmlvZhijVZcfUD9jWO05fRRPb2sbyKoVmLHG5rWWPh63SAFo1ZiMnPaovCvRouoR62cq68FhxWuh6WlugZ5GZuwzVzOeWDyZlej630xwKoHJxUv8A0+OAaSgLe5G1aEyJHqKpnH9aEnWa+bEaBVHfipUrHBaQBB0qR1Lxxqwxk47VIthLp3TGOwq3soXswAcP7hTT7hHnkZtOhT+VapabxkmSqht0wxkdY9I45JNdT0NlEBbszdqPFmo7b1xrfHAqbMIhXtG8jF3Ysx5JpUc0PxSqtqIefww28JD6cNjB75qOd0RWKtv8UO80mrQTlahYtqy3Fb9yQh02NMjM/cZO4zTZGGnJzXGcMwWNcnjNT21hJOwDAqoO5bigTdPgHkDLalwqnNdRGJw5IPf4q4W3t7ZezMRvn3oO60Odvq7nirc47LwT9MtLdyZLh1Ea7A5+o+1XELtLkWrgqm2lRsoqmheNBbQPtrI5+T3rUdPuLSAMnlgAndlxmubrVVNt9HpfF050tOWly1kjtkBTU5Ib+UCjUctbvHIigNsFP/NShreZgYvUun6ccU5YdBXVjSckDOD+9Y6muzU7VdlRN01tLNGxZl+pf8UG1jJIpypGO+KvZsKRjKlTkMp7/FCtfSQzDzyWX296CcZ7wGqrHHJUI0Txm3kRS2rZjyam/BQLZukOkOx9LnuecfHFSX9jHdWzXFrhZVbIQc4/vVAL+dNUMr6WVsaW71qhU+SfcuBXNne3ESyq2CpwMekj5o+wvLlIik7yKy+k5Gc0KlzrbDuVUcqG5/WrO0uw8ASXSFySSxBbH3ptpXOGgapyvyCz3hOe4xjNV6XMZWZTkuCMe2K51O+hWRlhKnSMalOdVAWUMs0qgjDTEKuTgAe9SNFTLbC35SLzw3038d1AXUy5hjb054Zv+1by4mjjiRhpwoyQNjWPXqA6YUhtirJGNwNwT/eoJ/FsjSY8ts6sbHI/al1Wpb+CE1Dqss1b3cbqTHcaX50kYoT8fJq0u2k55JrMy9ZmnZ2dQVAy2k4IpR9aUNoeNnj9z2pNaN1z0HMzPBqRfuG1A7DcCupfvczqsi6V2w3+aoPx0TY8qQjJ+ht8frRMF4EQq+oADUpFBtqeKGOVjKXJb9TnjRNABIUgs3bPsKpJ5CVZ0YlO2cjb2p094Z0SPUdLtqIxT7+FktkO2SMhQN1+9T3kCZ2rDKz8Tq9AOMndSeTTXZVXdtJHAPNVt6zK2tW3B5FDDqTfTKCe2RWyNJucyVSww9541I3PzgVA92g43P61GZFlQMpBHuK7a9Plv5RHCuSfqYjZaNRM80T+CE3Ek8gSONnYngb0bD0G9u3COvkqRksRk4rSdN6DBZABpArYyzEbn4x7VcJFAFwHJPGdNJvylP2IvavZl7LwnDBhnUs3Opt8CruHpdvbqoEahtjkirNY4lkVHmOp9kUgg1KtgVVn161BxhRmst3q280A3K4yArCurSEX9amNqrqMqMAce1EiBN1RWYY5xjeopCYNOHyCNwNiPuKFNrlgN56Anto1bUQF9qAu7fG+vIPbNXFwqvER+YEGqu5QOoOM6TggCr3BzyyneBUcEalbncUQkLXVmyhd4zk/amSPqYqyEHG2B2pJO1urBG9JBzTpr8hVL9FVJH5UjA70LMyasEbn27UZdTGZ2cgA8AAYBqucAksea1RyBXAPOiqx225oVpAQUO+ODU050qcHfvXLLpV/1SQLaWzyD8zAYVfueK2wlty2Ip88ATPhzpomwsZ7xtSBgvIfHf4rX9L/ANPQreZ1GTzO4SLYfqe9aJOkW9uqqkaoqjACjaka3mxCxHL/ACXMZeaK7ofVuo9NhSC91SRhgBIx9Sj5rXLLa3UeH0up4I3xVFNYIVAAByfpBpKj24U27+Wc7qwyrfesc+RSeWgtTSiuZ4YZe+G7eXLxIpz7UGvhl14jwfvRkPV0gkVJXaI8FsEoT9/81cW99C6KzOhVuGVsg1on6Vvngz1WrCx2UMXSOpWbareR0B7B8ijkXrGMSS5BHBUVctPHgA8HjauJNAi6i5Y+2DtTlpxL4pia1LruQCDpVzO4e4csfdjx+lW0UMVsmhApYDeg36m7YSKNlJPLCpbZXd8yPuvqq5qJeJ5f5ApW18h87srFAmWYbk+1U/U7WS4ljLoUZThV1as5+B3q2GppS31A5045p9uha9Mjr6o1GF9x/mqcO3hlzSjlA1h02ZVJOpTGwLHGMnarcrDaanCY1EsVYZOaY0wKFI3bU2Wyex9j70FNcTXJWNHCg/UQP71o+GlPx5YHyt5fRYOEuYCdSerOMjih2e2iIRcasAEj3HehShGUJwFAwB/zUccaiQMwbismp5Dzjbz+R06a/PB5j/qR/H8SMVdZCIUVlU5Kkdj/AM1jHgYHGk1reuOlx1e8uAcq8raSR24FU7xrvmmxqOUkzlatp3W3op/IJPFPW3PAFWIiU8DenaAnYZpn1WLdAAt9J33NERhkIKkipQmo0VDb62UBckml1eeytzNL4b8QXVtiEKpUjkjitp/12GW30pEVfGC2c5rEdPtViUe3c+9F3E/krlHx7Y7mgltdFLUaZrFndkWOOH0ncs2+TRsKs0ao4GVOSRtmsDa+JLuyY5YMpb6WGa0/SvE9pflULeVIdtJOQfsadNR7GqkzSIiBRsK6UTPFDJMGUEMCvuDThJjc07CLJTGu+KikRdNSB9Vccgqc0DlFoEZRSrr7NSpDnks8oeUMcImpvc9qdHYT3A1sNK+9WUFvBbu2F1lR34qZ7hGVsenA+kbZrUo90Z8fkrktooDv6iOTUpulUaR+bbaoncOxA5O+/tQki6WJL6Qam7HROiWdyxGD37HiooFL3Kod8nOCahZ3JCxg5qa2gkZvNBIK9/Y0qt1J4D02t87uskN1OHv4nO+lx+gzWo6c4ZmePSoAONuaw/V1uIHUnZSdWB70V0zr26xTsUA2znANIrSrYmj0yuK6ZqHeWGcvEDpXdxnj7VbWF+ly6mR1UIOM87cVU2/VOntEMN5jMoD7/wDFcurZkT8TauqsclkJxgVkrSaWZGblXxZdXKgt/DywxnHbFVV+xZW2JbOFBNdseoPMukn1ADUuf6UrpmdixXTnuBuazVOHkZOZeGU46lPYsQQSucYzvU/k9O6zD6JRFOBvq5J+agu7YyqxO5U7Hjaqa9iaBlaJ2DDfKnFa9OZrp4ZV8dBN/wBDubU/WXHYo2RQcFhdsS0jsiDsWxq+KjXrHUbc+mYnHZhqoS76xf3DZecg+ygCt0RqNYyhFakrstHitrZcyOoA3wdqHturRydXt1TJUuFYgbAHaqNEuL+fQuqRvk5xWisOgtAquQQ4IJb5oqmNOfm8sXOpdv4rCLLq80ccjJbhjp/NxQ0dwq27aIAzNgF23IP9qtbeySaZvNwMjUc8sfaqa8heGVlQldyGA778Vi03P2mpvK4LOFbaWAO+lWzuQdsmmxwq0roNOnSdOoYB+M+9VUbyG3caW9LBiR/Sj45XSQawsirhm0tnVn3pm1y20C0mv3Cms7XTGUZ2kZcjTgBfj53qC6upenqiXJ1agThR+1T+daTIHBSJ1Ybn6T9x2pdWeW46azyeQERtmQjcHjH7VNqr7lkpU8kUfiqGCNfw40yY0tqUHb4ox+sv1CyMjqVCncacZArFB0NyqNspYBse2a1l9cx29gEiQEzIMljnSB/eh1tCJ2pLsKay2V1zcQys3l6sc4Yb1WTMN6LhVtLyHAVRgZ5JqukYs5wNs7U7ThJ4RVVxkM6P02XqV2Y0do0VdTsvYVvOmWy2yra2qkkDdm3OfcmqbwxayQdLDhSZbhsqpH5eB/mttY2qWdopcAyMMsw3yfasXlXV24XSIsRGfbGw2CLlJCzNt6m71P8A9OCqMkBcZNNecIwb6iPmkvU0Lepl1KBgHtWRTpcqkA6t8ydms5hMZFmZCE0qQBsPg1HG8liCVdmZjqbJzq+aKXqcbwldSk4wAO5qk6hcSLLh1eNeffI+Ku1KWZZemqp7aRaw31tO5JfTMSSQThT/AIoO6nSZzgqGXYq1VFteIs486PVE2zMMgr859qbfXVrBeBInLLjKtn+lVU3UoatNTeEE3Fw8MeoMDkYx/aq97vOCG9R5+Kgu7/zDkD0geocb1WPOxyQcVcaT7Y1Ssch88xWTUCcHvmgJ5yzEBt/jvTGuC6kFsgc5oGWYAnHtWvT0/wAgU8Esk7EEZqBnJ27mi+n9FvOqetF8uEn63Gx+3vWtsOh21hGCIRISNpG3b/tTNTUjSX5YjmmUXRPC8N3CLvqTMAWysIOnK/7u+/tW8tYYYkjS2REjVcLGowAPtQkWhICjD0tuWwM1NAoQBo30jPc81i1PIvUrl8BOFKCxcmInCD7kZxXElSWMkoBg747D9Kjcs2ctlcb6RjNdgdIjlVVidtzxQKsPD6FuW1wNZ0YggergKO9MWEuQJF0lTsBRKRoSWxjHG/NdcgscLjtTJrjkFlRcweVqQ+tSc452oRdUTf8Ah3MSk5GngH7VazIWU/lZtvehGtRpbJEZQZzjOr2qmm3wHNJLkmsprqGRUuXaVZRsQc/qD71YPPcQldKhkbdHYbEfPsarLa4dVWNwGVWzpYZB+avbNWliZUdtBOSGOc4rToNX8UZ9ZbfkSW7uzKxCsAuolRvmp3XzCqDC5O7Y5NNgj0YEg0gKcgcURGiyqqDCsre3FdGY+ODHVeyCaGcOsca6Ax9T+w71O1yhf8ONKsq4yDuwp87uJSoPpYaSAdqEeFI7hXf6mOnOc4qVmcqSLFfcTxIoYMxwNwc9jTkRYVZD6vVlW98+9dQq0WkaWZW1agOfio7mXRHjG5434oaamSTLpkjGMyKp0nG7Ee1A9cuh0/pV1djSCiELkck7D/mnq+hGZsBQuME1k/G3WQbdemxtlmYNJ/tA4X+9YquaeMcsZacS6yYmdy+WY5JNBldZqZxqbY534paQi6jz2p09HFIXwg53qIsXY092LMSd6Sgc4o0UPj42G9XnTLTQA7rnIyfigLC31uHZePpGP61oFYQwKpAA5JocZBol81AuI8L2FV124XfPG5NNnuCrF9W3Ye1Vc920raP+KnJSQpZmkc4o6zj8hdbEq334FD20KKut/fYUy8u2AMafqRVdllnD4nven3AEL6kHKNuDWksPHVnOqrdwtE3dk9QrzxMscmp40aVtAHpHJo5qp+1hqnJ7FYX1pfxh7aZXU9uD+1Eup7CvLbO6ksCrxuUK8AHitN0vxzDqW36kulsbSL/cU6dRPihk2macoW5FKnWt7Z3ih7e4jkB/lYZpU7ZL5GHlz3Klj79qEklDtqDYPG1MeYu2I0b234zRUHTJHQPM+hTyMUOXXRn5BGkkZtCLqPb3oi26VPO7ebqTC53q1tRa2rEpFqY7ENvT55iXLgkBhvjmjUJc0Xt/IA9rDaKqhdTj83NCmdo2bACgn6RtRs0qOpHcbZzVfONR22HFSqS6L66GPMk6lHRWUjfIziqi66b5WZTjSSdh2o92WNd2x3p880U/RSQCGD6VwKz1TTTRt8Gvm5f4KWxneJ2iUkqDqX4q4t+oOEYv6wx3VjzVbaRt5kiqhf051AcAVG02hsjBFDqSqrg7UU0XiXsUTJcJ6HBywPDfFaDpl7DfRPOzAsoJ0sd815690zFgw27VNY9VNsGUMQwOV3/oaVfjulldkdpPDNfdMNJ/KG7VRXQ1k7YA4qzmvPP6fHcGPGtc4zVE9zqZi5wBwKRo6dJsbVZQFMg1H2qAW7TzrDEpd2OFFSXEw1HBG9ajwh0pFiN/OMu+0akcL7/rXQd/TjfRka3VgI6R0GGwt1Z1BkO7sR3q8hsYWUELnPJxRWq1RgjuCTv+tdbqVvAjMx9K/wAp7VyKurp1T5Y9J4xKBHgjVCg0seBqXg/BqnurKN1eeZmRlGGU7KfYj/FXH/VulzqVRzGf94oW/t0uLdZEfWq59JPpb2q5dTXyCngyU8ulA0aspT0sM/UKYkocK6kZXnHarkt0/wAxoZYFjbTgNq2Y996Hu+mRiIXMEoZQMtEvpKj4963TUtYZKbXoCM4ct5kY0nlgOK7DcW2tYpXZoCvBGCp/vSWzkmRmRdSqdR3wcfaoZrRkbUJMMvKEYb9Peinb0Dl54KeTVNcs6rhVcAKOQM1qr60cLCisGXgHGCRzvVRHYEws6rhvqyTxuKuL+50ImNPpQZx74q9e9zlSFpy03kBvpUWMQoAqgY+/zVZGGaRYVOWdgoP3OK7dXOoknnNQdMkefrdpFGMkzKP603S02pbA1LlM9b6Zbi3iWQLlVUKo9gKJuL9UY4fIO4QdqhuZxbRLGhBGNsHiqW6u0twWZst/LnJY1wG6bxPY6Z3vLD7u48zL6gqjk5wBWd6h1KZpNMTsqgbsOWNRTXF1ctl20ryFFFrbW8dvFPLIpZ8kIw9RI/L9vmtGlo4rdXIzcpWCoa7vfVmeVRjIOs4NH2HUbpbMeZI0kJbDIxyR8im3F3aqhTyFXWMHbJX7UFLcpa6fw8jMrLkgjGD7Vq275xgm78oOv7s22GgcssgHfA+2KClu4o5EeVgcoWCq2cNwATVbd3z3BOrOleABQZV5GZs7AZx7U2NFKfkVWpjovfx5njOQAc5OO9RmfK47iq63YrhR3G+fepXk0KWHA71T00nhF78okaZtWlQWZjgKBuTWk6L4WeRlnvY9RxlYs7L8t7/apfDPQBBbr1G6UGWQZjVvyqe/3rQoZZWVFRtIOAQOay6/kbXsgV93OSVLfQFEjqiKQNjx9gKnNkhGY7hHDDG5wSTUT2iIhaZmY42XP96qGu0XYMQ2cHJ2rHzPFT/uXK3fay5exfSwJ1MM+le4981Gi6Aynb2qvN9cKrFGJBXdlOciiIOqJdRLBKUODgFThh+tTbL5SwE1aXPIW8hTB1YXHaoXljbJXYnjBpl4wgZULhlx6WHf5oFTrlJRfT7Hik1lVgKZTWSzS7cOuXzvj/6aNd2KqurKqOOxqjmlVFChGVvv2+akhvnj0hzlRjAx2o4qpeGLuMrKLF3DMWZVUd8bU5AlzGzhtIQbg8frUE88DWzuWYt+XTggjPv70PYNJK72qJ/FZSSrgjIXfH7f81pma3fnJnazOesBS2qFwBkZ3Vsc1edLiZIHV1wwGBtx71UW1tKLFZpNSAP6VZ85Xvj7VcG/RGZIwurABYb7Vu8aJl7q4MutTfxXIWcPAy49WCAQePinIwRQ4Glm3IzwcVXm7DtsQpJwc8fNS69aHLaeSGFbXqT6Mux+yczK/qOkldwe+ajkwzK5bIY5x/ehw7IpUuuN8t7VW3F+dLOhCqoClmOwHvWa9ZY5HTDb4LF7lLdWaIkIvp1HuahluESEzTNpUcE9z8VlLvxDJPKbbpyeYE9LS/lz/epbSOQprunaRuxYkhftWHV1KfZtjQ2rNFo/UZJlAWNtJzpwcfrmgD0d5pTIYISzHLFhqJPzmrGCJFh8wL6VO4buaJggS4VXEmCrepcHPwPtSY0bp5b5YdXCXXRQS9HtlbTLZRj5Xb9cihrjwnY3i67ed4GP0q/qXP8AzitnLbRGJRIWwAdRU5we2KC8tEXDorsyllZXxt2GP7Vp+jqQ8quDPX0NVYqOTAXnhDq1opcQefGozqhOrb7c1V29q80ukqQFOCCMHNeuQXEaKqqWKk/On9DQ9/0jp3UmZmVYpgu7quD+vvRrVx9zMGp4aabgw0arAq5+rjHtUU932J2zx70d1vpdz0qXEo1I30yLup/wazlzPp1YOok809YrlHMqKmttIlubrU2Bye1NtYNchY8cnNCwI8r5bjuasGmW2QgD1Ece1Rr8AnL2XQNIIG22O1V6sXbc5yaU05lbJOc0lHYc1eMILBMoZsIg3NWFsiwJqcgbUNboEXUWwe/zUN7ctwDtxUUoHvgnurzV9LZ9hQS6nfPvUCszNk1LrCDbmra44CwHxXUlsB5cjK3urYpVXGRmOByaVDsZfJs47dIkUBFLcmmSzoM63AB5UHai/EVnddKZiELR8qRWKuL+SViBmtm9Lj2H0Xc1/DCNn3G+xoJutsrHHqBqpYM5y7E/rSYqi4z+9BVMrLD5OpO4ONs0M907DdiBQjXCqNtzUBkd23zih+TIpCnnwP5mPvTrPqMtk5YIskbH1IwyDQoUDnc1KqFx8f0qmljDGTTit09mkhltL2H/AME6xs31oQBv7VWXVjGFkLsFdWwQBjeqpopIZRJAzRspyGU4ouXrRmTRdxqrn6nA+qg+k08y8nW0PKi+K4YBLHEsvlyFl1bhiO1SWvT0uZFaDVIrc/7aZdzQsGUKsi49OTnFD215LaKVgfQGHGa1Lc547CqpV5p8GiuhJbWixFtKKNgDsaoZ7gBmJoafqMjj+LIzY4BbigzLJcSKkaszMcKAMkmpp6DXNF35U7dshlukvUL1beBS7ytpVa9LRZLNIYUAZVRVYD4G9VHQfDrdJtDcMf8AxTqCzH8qnkCr2KbzmVChZQBvXN83Wm7UT0h+hFTLqvY1rZ3TWVbBOy45oS6jRLeSSUFFAwqnfereeR0ICIVXA7HtxVResLuJxJpCqv1H/FZIlKkaNzaKxOnXFyQLc+YGGTtgr+lReZ1DpMuJUdoe6ndQPcVYokkUUciXAVmwBpJ9K/b2qv8AFl+5aACQqpXJCnZiK3ylVqUuwap4zTBb1VuB5iavJk4Yj6arRc3/AE6dWSYkK2ysNQ+32oyzu2aJY39SSKWC/wAu9RXiqwAAzp2zTozFbWuAaaucotYfE9ndKq3NssUi8smVx9iKluB+OXzBMskarlHIAYj+U45rJTrhjj96vvC3ha76urXEs721juGYNgv7gfHzV3pRM7s4QidRqsYCk0QRj16mxhvTxVdeTyyErEjN8kVpbu56J0d/JS0Eqrtq1Z496ntepdBuY9f4XywDp1KeCfesk018sZRrV8YwYJrG5m20MM+4q28MdKeDrUM0y6Vj1N9zit+vSLK7RTaurk4Kqp5pt10NrefzI10tn8o247Grvy72OcYTFbYdZfZXXl75g1qNLDsKqWImnQHcaskmrS/QImsKFY/Gwqqi9Vwqn7msOlKRqVJzlE9zcpbq2I1Zm4PsPis7c3zyTFVyuCe+asuqXCoGZSW7AUFZWqnU0mNWM+rtmt2hKmNzBquAVI7i4kCpqYn+tHJ0qXS3mMEK7HLcGrWEJbW7TJHhnBUHgAf5qFxrXWXOl13Zu/xRfVz0Dhso7u0eCQoJ0Y4BODnPxUNs7rIY8K2edqJ6lD5coWIMzFQ247/apI7P8KiPIMuy6t/c8Vo3Lbli6nkFRSkrcbCop5fSFJwKJnVUUlvqbc1TzzhpMA+kHmiid7yDd7ZPWLW9dre0t1GkhFBz22GTRcvU44WIG+kftWPbqYszC+rVmMcHsRTI5ZblZZS8mkqSCOK5f0L3NjFMtcmiu+tpkgSAADbLZ/Ws1eeILUszJAZJM/UzYUn7d6q7q3dU1u7FmGdOORQDQqM63PuMVr0vGhPc3kvdMrElza+J7yG5V20mM8ouwA+K0UPUukdUKsJxbzEEuznHq/xWDZ0VSq77812BAsZZtgeBmm348UspYA3vOUegq7wzeQ8nmLj0tnI+N/ailfQxVmI22wKzvh+5a5sWhb64vTv3XtV5E6yRBT/5iDck8iuRr6bi2vwaN6aDij3GCNKlVAzjbFceGZhLcGJkZVVXUnnjLAe2KmXMdtHKGUCQ6G1DIAI/4qReoxKYWAUiIsDuRnbj9dv2rRGlOPkZauk/iFWlzYPb3du8AikXSQxGpmGM5+T9u1VUyRw3cdxFdMrtHpZXOSWxgkn57fFMuPMMpucrCzHSQh2Ix/iglV5ZFQE5U8AZyKfVPG1LoXKSbrPZoEv3ECJG+pUA06gNvcVAL90BBb/40C1wqTxxsjFc5YD6s1FLMqzLGGVs/UzHf/tWeqp+ylK/Bcw3LPknI34zVilwERfWFHc+1Z5LtEyWZQo+o52/eqy/8QTXUht7FWVVU65GXKg/HvRw6fIDnc8I0XU+uW9rbySa8uvpRBuzH4FY/X1Hq5Z5xIlvqyUBI+2afYIfMZ5HMjty77nP9qtUNwiMoTVngo2x+TVVeOl/k0RKno5Z26ppSNNA40gb1bmwnK4iBk7lVOT+1C2SSSszSB1/3K3FXlpC6XAeJtSMuSxH0/H3pUTvZWpbTK2V7mOLQ7tE5UAxtsWHbc7VNbzszITqjK+lxq07/wD3vV49sbmIpeIGUAhHO/6g1XN0RkuSBL/DdAoIAJU42/StFaFzip/7ETrTSao6lzBKxUwkKfSFRsbf3olzEqq+lVXgBvUQfegn6Xd2oWSA+YoHrUKdSkdhRFtMs6Mkoy3DBh/93qTVy3NcP+CqUP5S8jY7hJ2aMopxtlRiiWg1uHVlLjJwp3HwagDRh9bKqqvpBxpJ+9OZtTrJExUHhs4+4P8Aal1KfD5IqafBx4kuGeKSMSIylXVhkGvOfEPhybpd4GRmltZD6HI+k/yt816fBGyoJw3pY4bV327VPc9HhvbeW3uY1dJVwxA4J3BHyKbo6dy/2EeRMak4fZ46mi3jzkfHzVfcT+Y2xzk1aeJuk3PROovaTglfqjftIvYiqNVOcnitWMdnHcuXySouwJqaJPzHn/iokZRue3ApPcYGAee1TBTJ5LoohRf3oYuXbJ3HzUerVvvTwdK5I2qYRFI8MFXP7U3UCdsZqPWXb2FODKvNTAWCdFUbnk0qjVxpyTtSqYIe99TsY723aORQwI9uK8s8Q+GjZTsyJpXkMBsa9hdciqrqdhHcxMjqGHbIrbqaStZXY5pNYPB5yYmK/mB3GOKHZnc1tfEnhVo3ae3QsOSAKyTwujFChUjkEVmXxeH2A5wQCPG53NPVC3Ax9qkRN96lVc7Y2qqooiVFXnepVTPFSCNFxk/tXHdEHP7UDeSjugMNx+tQypCq5bDfFMe6Ztl2FMVdRJarUtF5A57ZJj6U0/IoGSwdeGJH3q8EWR9OBTvw4K8DNPnVqeC99IzTWzg7g1svBvSVhQ30qapX2jBH0j3qvNqjflyauuk3ccMawhtM6nSuptmHtQ+RrVem5n2avEqd63Gjmik8lpZNWhfqI32+1BJeKI/QwznBwdzVjdn8JaRvM6s0q7DfaqV7ZV1OudTc6R71x9mDuTaosYetldMborFTq9TfUfmgbiVXeRh9LNqCk4A74+1VFwskbAOhBHBpouwQFIJYHO/tTlpvtBTUJh4uGcaF1atwcEALWe8QMXu4UJbJQZJ/KSat0ZfMUg5B7iqrrroeoKTg6EXTg5/etWhxqLC9Aa3MCsF8m7VXwyhSACewqW5YtGXC4BbffgYqqiuC87MfbHNF3M+mJU4AHGf61oqXuTETSU4QT0XpTdb6tHaAMIh6pWXsg5/xW36xfLZQfgrXTHEqhVVe1VXhOI9P6LLfOgDXZwrZ3VV4/c0Bd3D3E7OWzk7D4rBr09TU2ep/5Hac8bmAXOqWdQVZwD6hVhEqm3CR2xDYy2k5Bqoe9eO4KoiN2GoZz9xVpHfu8AWWzRVyCrKpUKPuOc1oqPiky5p5ykSJfXtpKGti0QHKruBV9YeKp0YLdasnAZmyVJ/tVBF1K5MhWLUiNgjSuBtV4l3bX9pG/UbRUY+lmbADf7gNuw7UqtOaXIVUvaJuptrdin/lkllVcHAPH6VQySvbszacsw2PGKdPo6dd+d06YSRlcvGTnTv9J/7Va21xZdaX6kV84ZWwuk+2KR9Nw89ot1tX7GQmuXllUPtvx71PDchZwS2O1aC58GyzszQAhQ2NRP0mqa48JdXiJdEVxqwu+C3bYVrlxc/gB3Ocomur1vIVDkkDNDL1Riul/UBjSeNOO1Mj6P1fWElUKgYKWY8e/wC1GT9It7FW8yQTN/Mpxjb2odsQsZyHvyCN1CIu0nlsG0lV0nAyeSfeuLcPJmeTZVGFDd6TtZKgPlnUNyS2arL+8e4bQgwq7YHFNid7wkDVY5Br+9aRiqtkdyO9BRp5kqq7aVZgC3sPepxbMfURmnLbn+X+lbJcysIyVNU8s0NzYtJEmhy6hcBtiSMc1yK6aJVgcABQBzgN96E6deXFqyhyzxDYq3YfFW99aW9/At1ancLhx3zWKm4rFdGlVnoqup9TuruVRKw9Oyqq4AH6UHLG5jDu+NWwUdqlltiGJJyR7mm6lLDWdxx8GmzSxwBh9M7HaI0ZZ9WFH5TTXRIm1LnBGwO4FHxQqYGd4yygcjOKEK7szErt6QBVTbbDU4LHoivD1CNWbBlGCo/N3BrUyRvbMrnPq2O2M1hunXjW/VreVGOpHDE+4zxXonVbhZIEG2QuRisHmzhpv2XFfLBwTY6cyjSxDk4P5fagGuSluymFdYfUGycY/lx7UdriSIxlNRZAScZ5FVc7KJB5TspXOpmPP2pUV8VyW1y+Aj8TE0bOgZckEoxz98HsKht5wjs5DAsBpOe2aq7u4Cxs5bAU4BB3NQ2928+p3UqhI0gn6sU/bVTuFtJGka/0RaQgLKTrZdiR7VSz9UhtcvKwZmOVVdzVb1HrGotDZAlw2Wk1ekbcCg7azeRtcrlmO5J3pk6CU7rYrdziSxe9nviASUiDZVFPP3q0sEwm76SeCO1AQWWpVxkk8adiKvbSyWFV1bn3I4pOpc9IYs4HLZuUD6DKpOMqN6fDdPb5BQj1YK43FFRs7ONDaccY2qwa2idVkKeY5XL4IBz3P22rPzWdoarb9xDaXqRsjuhCsfbBxWj6XJbMyzJMqrpw64IwxpttZ9Nfp4WQRyEAHdwGT4GeP70JPbW9hMJbW6VowATFqAZcj9jWuNO9HFPDX/Bmq51MyspmmmdNOl9LK35g3A/tQbwQq6yLIQh3ZQdWr71WxXzuNAGnJ3LHOT/ag5JnjlZQ+U4Iyefin35cPnbkROhS4yXN5drEodEYBt1KvuD7/aq14EZvPjiLszAu2sgqe/3qRZNduWf1NjdgPap+nw6yHjRmV1DMgIH670tutWl/+wWmokfBbfiF86QBtJ0tgc/pRMdhrw49IBG5HHyBXZLh7CJhDbBk1asrjjvn5xk0FB1drkMFJiVXYov05WtD09OFiuWL3XXRaeSZrNoY2WNlJXdc7j/7zT4maC3QysVZcKw7cVWwXZSVfNdlaRsFm3Gcb71JfXTalDqRFnC6Tyff9aLdDW7p9EmaztMt/qnNbydKhUqvmrIGjY/UAdmX7cGvKw+rGTgf81tf9SrhHvLG3VgQsbOQPZjgf8VhpHVcgfoKqc38mYtfCrCJWmABAPqxTVbUck0MpJqRc4+KtyJwEhgqk1E0xY4qJ3PA4pgYjmpMkCQ+FxmuqdRyf3odWLNxtUgy7BRU2kCI18xufSP60qkgUIdzj3NKqwUfRlRugZcEVJSI963jykv7TOXCZ/mGOax/WPDEV2rS2y4fkgV6NJGGU5qourR4WMkYOnuKVcTa5I1k8jm6Lc2rHMZZR3G9CSARA6hpx7816xcdNtr9Q5HlyDhl23/vWO8Q+FZ4w0ka6sdwNjWStOp/dAOcGLecscLtUYRnO5qd7d4XKOhDA4wRTljzzt8VScpcFEKppO25qZEHJ3qVYxnYYFPCqvO9U6XoEYFxzxXTjTvtXHmRdhue1RKHdstxQcsg4sX9Krj3NJbfJDZOQcgjsakRcHcbd6mjXnar6LnsFY334qCZ7iWVYmyFZzx3Faa28S2a482zmDHYqFyB85FVJ0IupsAf81BLfBFKov60NVvwsGmdao7NAz9P6nE8kWSw+qJhhlHuKq7jpWzLEQ35lY8/aqdvMc61dlYj6lOKS3N9CCBNrX2arWn+GaY8pY+XBK8NzZsSwwEOdPvmq67kjlmZyuktuR81PdX1y8SgI2rPq9WxFVrzXAbU6jA/mrRpw85YVeTLWMnRpiDFds8mh5p2kcLk7nFMmuHcn0/tQxZywbgg5Fa4h9sTWt6R6RdzrD062ton1KsaqFB423zVY9nfvGXEbKvGrHFLoniO2uF8u6tImmKhWZgQDjuPY1eQtaujGAPEzN6WViQPjFcm5ejTTXOTq6eorhKTNJbS205Z1LHB3xmtN0G7sihW4aWPCHSyvsAOwH71D1FWSNTJGuuQZDrww+R2NUMrtGx0NoDfl53q5urefYanjHo2VglrLFMboKoAKuZpMK5J2IzxgDY1Q9YWJJibfqSywomERnyy57L7/faqeTqly4VHGvSMKCcgUKxlmbVgj7CnzNYxSIklWUyWW7EKsyPl2PY7ChjLLIwkRisinIZTg/eruz8O/iWiY5nkkw3lIcALj8zdvkCrQzv0WCa2a3tVUjAKqGMedtm5Jx71e6J/kpuqfBX9O67ePGS8zmVNmBY4I96nm8V31uVEi6gdwQxFZ9rpYLoSIcjcMM/UKuEgS+g1jZSudOM0q4mXua4Yqljogm8U3s5Mbxq6k7b0M907th3BbH0rwB7ZqOK2LTuAMkA4/SoVjkVmdRkFsH4piiP7URVXTJhbvOwIXI454oyPpcMCiS7chSfSF5aoVuGhXYEN/SuzXxmgVHVsKCVOfegzb66DaLSx6b0+9BaCUAryjciuzdFETepQF51YrMPc+WQyOVYfmU4NXfSPE7uy2l+cq3pWT2P+7/NVejqYzLItRS8MmbpmhcgalbYMBXLISWlwysuYn2ZSNvg1olSMRNIjnUoyV7N9vioJhG4AxpZhx71j+pXVDFUvooOp2hhdgBtjIIPIqqWAs2S4Vc844rUXtuXgXzAwZBjOORVGweJmCsFHIHzWjRvjBKWUTxZjtmUOSpG2Rs1AyuSzFVyxGOKKicyIVbLKv1BTQk0gMvlRZ06tieTTZn5ZJP4LTw70Rrib8TMp0r9BxyfetHO4E0cZw2GC4xvihOmXKW1gqawrKNyTgGobed7md7uRiVjJCj3NYtdu6y/Rcy02G3b6pGZPSM4zVTd3YwV1Asf5dqXUr8RqxDYP3rMXXU3cskWfVsW70Xj+PVc+irtSuQ+9v4YhjBkb8ozwaCS4muFwzMqfyrtQkMDu2ptyeat7Oyd2ACE+1dGlGnJmlVT5HWsKoq6EXb/bViobCs6j9BRNtY6ACVG9WMNijMMoTn2rmamumzRMKUAQSlWwMkdsVorPWbcPJqJAyMnbFQ/9LCKuFVlY8Abij7a2bywEkUaR6Uc4Lfas/NP4l05SGJEZGfzInKNuXTGSB7A8GupIyelGZVBOCw3Io50ka38lXWNwPpAxrGeM9zih7hnhiZERW0sCSR6lHA3FFU7ZzkVNbnyiW2d5omkIDY9OQADgcUwqbq4CIjaVGAGGCT3qeDC2aIupWZgrMTsuRnmppVtrGzZ4kaWRWBLhjhNsZyO2femRpOpTbF1amnhA8jvDOFiLyrE2khlyWOOKfaIt0JJhlHRRhc7Ee5J4plrdaLtXkfByS4I3Kt3HvnPNEWqwpdJHOjKJWZWAyMoOGz/enRozTz+/QF25WCwsolmt91wHcDcYwo759iSN6NnKWyBGVVbTpRuyj2278UG1zDE7xQSLpYKFfJOkDsaHuLtPIw7qz6sKNWcAbgkd66K2ac4XZje6qBbm/uXuJrQzrEwzoDnHbGN/eg7C9ZrdZ58tKoIHGGwe/wCud+9AX8wupw7q30nXyck96YryskSyNpUjSXYY+2awVqN55NKhYRcLfvcys4jYLIoIUk6duSMf/eKlkmedkCh1jUggFtxVTA9x5DvliralVmOyLn6h3+KZf9ci6ZbGWVsMi+heNX+aU6t/H8jVKXJi/GF81z1+cs2Vjwi5GMAD/NZtpNTU/qd+bu8luDsZXLY9smhFbNdeI2wkzj3irdBit37U5nJOO1Qq3p2p2vAqtotj9Q9q6BqIqIEsdqkBCLvuarAJIWVVwOakiTg/rUKLn596lV9I+1VghPK2FwN6VQCQHnfNKoVg+l6RpUq1jxVG6BlIIyDUlKoQp7qyeMl4eOSooeOZZAUlUMOCrCr1lBqvvOmrNl09LjgjvQOSzN9V8I2V/mSIKjEcVj7/AMK3lm50rqUHAyME16Mkktu+iUEY7+9FjyblNEiK6nsRSa0ZrmXhguUzxie2ltsh0K9sYoJ3dtgMCvX7/wALW10jeUFGd9Lbj96yXUfCH4bUzo8S55VdS/0rNWncP5LIDnBjkj/U1KqY53NWrdKjQ4F3CMHhm0mut0lkAYOkgxnKHI/eluitrK3Gmo2uAmcc+wp1yzqzKB6QcYFDCF2bLZFWlu7IhPM8pxkge1JI99xmpljAB/5qVY8YxsKLKXQWMkSqPY/anMmBk4Ap7yJENsZ+aDmuHk9I/eqWWRrApnhTIHqNATKZSe49qnER7/0p6pjbgUyWpYPJXfg9R3qM2o9v0q2YBtgP1pCEauN6Z9Vk3NFULQqcjY/FXHS+py2yGKZmKH6SexpvkDjGTUE6Iq474oapai20N09a9OlUmmsriG7Z0umZkVCQOCD8VHfdKUWepdLFjqRweR3X71m7Hqk9hKzlTIrrhlY1d9F8QR3LNZ3GUSTdQex+DWe9DUh7p6R2dPy41FjOGVKxIkjK7Mv8pPY/NTw3LrE0QbKM2rTjlverPqlsqy+XcJsN0bjUv3ph8NyK2u1mWSPRqVmIBzjOn70yaVzljm1JbdL6mlh0ad0VFfTgNj1ZrEXvVLi8kZnbAJzpzVrIZY1aN1ZTjSysMb1Ux2ytcMjcBqLQmZdVXIOo3t+IKnmO4CKzMewFbDw6rf8ATpUnTEkWWUH+WpOmWtlaQLKHjYqfUrfUfsaffdS6dbRaUkJ5xoA3FDrW9RbJQmF8uWVtqgTqLIW+pW/aorVHN5IqaSuwKk4z80B07qgl66NS5EoZVweCeKnuFe0vgpYqGOM+3saJ6dS9r7aLi5ptr0Xj9MZ9LIFH0qQTk0HcWlxcalS3RdB0kquf0zxTbJJbmcotwVXlmDYxRYjvLRmQXCEagQc5BpU7pNGUzOXdjLHn0MudyCp2/WmpaqihpGzngVrJ3uGgZLyNXDjBddxjP9KpLhFA23GPSAtOWq3wA9NPkNserGK1WGVmxHkKT3FWNvdx3ch05LAZbPIPasu2AdO6rjDHGcGrTo7JassrNh2O3sPvSNTTnDpE3JPBfpMbhCsp1MvpyBsy/wCap+pWjxs3pGknYjg1bKHaD+HuzcaRz8/1qGRPxMWHbTpOAzbDPz7VmTc1lBzWUUls6LE8IXBxvQrRFWDlQAGyWrSQ+H4j/EN5GzkbKh2+xJqtvLWRF0OBpVvrU81onUTrgKaXRAzSBgASQ2AAO+aOu7tOmWCozAMu5H8xNAy3sNo4lcqAg2X+ZsVL0zobdeu1u+o3axI26Q76sdvtV7E/lXE/8kvU28TyykubmW/ck5QYwFWibHpzEjNs5HuFzXp3S/CHS4ojpUHI+sirROiW0ONDICw9KhAMj3q616a2xPH8iVUp5fLPOILS2BU3Fs8a45VcfvVhBYqYlkgdWDbBSdx9xW2uOiqqqQmocFlGxzwTVXc9LRZNBh0t2KnH71z9XUpPFI0RUV0UcAdGOUAGcHIzj7VYQnyyrOWXfjFEtaNboySLqOnbP1D4zTYkVHilJ1rk+iUEfptyPnakbXTGVUtZQY3lCIsyMxZfTh8EGo4nl06G0yRHOnXsUPuO4/vTSmgMiTqEbfSp1HHtg8EVHcSpgaSxUDADHOfery5YlynwStckgoCG3DMwXio2mDsxK7EgkDt/2oZVLxzziVV8tVbBbdgTjA+anR2tY4rglv4pwocD0kHbI77UcxV4z0BTmegyFzHgLg4XsMbd9+M1NduIbdraNtP4ogO/Ckdhn3opWeGcI6W3lyKJkZz6FU8qvvUd09raSnTEsisqsmojZvzL7YwdueK6WnoVMPDMFWnWQaS1nn6daum8yxyqoU5YquDjHOTXbS4nvrKG5eVlFm4UHHq0sME47jIqyglji6qHjZZGlUhE1gaVbuT2Pbb7d6oOqX8FrdlbORSSjJJ5bEiTJ3bBG29PqImd2f2BVOntCbrqEanVbswIAWRiB/EYfA9v71AkksrAA6ioIC49zVSlxIrKxOvUctVjYTOsxdlDFeBwKyVTussPG1YQRN0i5EpdiiRLgM2sDHx8mn9V6U4VY43DQ6w2oKdenHJP2qaPq9skrRvFrmU5LM/fsQO9DdW8XrAkckaKHVTq1LyffFMUae14ZN15RVdZ6jb2FuIy5DYwzD8y+2K896p1Sa/lBdyVUaVXOyipOr9Un6rePPK5JZiQOBVY2w2571o0dGZ5fYjW1qr4rogdSXrqLjtUoTIzinaABxitLrgxt4ODYV0ZPNLnmnKu9ACOUADJpE6jk/pXD6uOBTgv61MAki+nvS15am78U5V+KpsgvppVJoBpUGS8H0xilXa4a2DRH4pUqWKhBVwjNdpVCA89tHOpV1z81WSWcts2qM6l/wCKujTWUGqwQqYbkjCsMH2NFqySrpcBs9iKU9ikuSBpb+lCMk9s2+So71XXZCG/8N9Ov1JeFVY9wMVnbnwVJaSGWxkI915DD2IrWxXQbY7H5olXVxil1EUDtPLr7oxViZ4mgfuyjKE/2qrbpEjMPLdJCeMMM/tXsE9lb3KFXRTn4rPdT8GW85Z4sK3xWetBr7WTB54/TriJS8iNj35oWR2A0qDn7Vprnw51Lp8heF2wOx3BH2NV8yI2ReWrRN3eIbH/AONIcXL5KyZ542Y5Y700R6Tk7Grp+mMyl7Z1m74XkfcVXywyKxV0KnO4xir3LooFOkbDc1zRqOTvU3kn2rpUKPar3Irsi0hdztXGYDk4H9TTXlVeNz71AVdzuTVpNkwSPMeE700QltzuakSPSN//AN0/Tjk4HtV5S6LZA9ujDAG+N80LNZaTqU4I3yO1WDMqjI5I4qMq77naiVUuik2iw6X1iK6hXp/VGwFGlJu4+DV7YJHFLHHHOsqq2pG7D75rHyWyOvG9KCS8tDhGYr7atx9qXcK+ZeGdDR8vjbRtuo2kU07uUEjMd2YD23NYeVlSWRi6qoYjbc1PddWupbTQk7htWGXUcgVUrGAGZxgc5amaOlSTdM11qztxJyWaVwzM7Ig+cZoF52caV9I++5qe8uVnCxxLpRd+N2NCrCx7YrfKUrk593l4TOxyvFKsiHDKQQR2IrY36C+s7e+jwRIoZiB+bvmsb5ZBrR+G73CSdMmPpfLR57NjcUvyZblVPa/4D8fUU3h+wvU8Kh411as5PvU1r1No2y4LMdsnt96c9yI1ERiAUYDEDntT4kifLMNA+TjNc51n0ddNI5ddQkuoSiZRSMEcg063spJ7ZmC6mK6VBNR3VzBGoRGDNjZgNhVZP1t4WxG7ah2U4x96kxdcSiquZWWEy2JiZo3cHjIB2BprYjtzGM5Y8ls71UN1S6lYhVzk8AEmrC1jvrzTGIVDNgbjcCtDipXyaM++bfBd9E6k6KqXIZdvQSNm+AatLmA+p3wplGSOAAOPtXZenJHYwdPQAuqjOd8HkmmXFnLawEyTsy6T6W33/wAVzrqapuTRKxh5MreSSQSMI5WUA/lY1VzTyM2S7k/LGj79gSQT996qXbU5rqaKTnIjWvD4ZLaRG6vYomYnUwzk9q2U0axqqsSjKBkA74+MVQeGLZJrmWZ//TUBfuatZmZmLagCxxWfyqzaleiaHE7vyWXT/EXVLdvLizNCvKsNx+tX0HiuM4FyjRsOFYZAP3qntb+GwVEjjVmXcsV3Jqa8vxewSeZbxrIE0uyj6j2OPesTU2/waHhPlGjtvEKMw0ShsjjVxVivUra5h/juok+pWXkH5FeRXD6HxG7Kw5I2xU8XVOoIqkTsT7MM5FX9C0uKz/JeyK5XB6UbyC5ZoHkAUnZyO/8AigrpDCzI77MoGx+odsVTdDvGu+nSPIMyxtpJA7VNPdFlHmBi3CgjaslzW5zXaCSUvgYXCMzBiVUc08XKtb61xhTg7nJz/wAVVTXRjnMJYqx78ds4q9sZfIs7OCSJWjuAykkZEgJDKc/BLA07S0HTw+CatqZz2I20RsU8p9VwzhlQnJQD6hgDB7H7Uuqya7aG6E7SNcgM6lNOlht/Y0rzqg6eymyngLRLqLFcsw+kr7ZAG+PmobOS3vFeC4ZmV8Mhh9QTUc7Dt8j71v8ApzK2rs59XT+THW9+3kLG507hlDnlhxp9ts/FSJfxyXYWW68pWjYuvK6tsBffb7VTXsr2KCAyI8eoMGQhj+jcj7UGsutjcCFWxhV0MRg+4H9auXU/Fkal8l5cui24uLV2KshDtrwdXtjkf3qujndn8tAGGAoz/X7UK1xcEs0g1Nq1PnGNWOc9qkg3PmHSNW5X2A7UF4dcArhFlDp0rltKh9/YgVYyzx20LOQAdXvnUCNjtxVRLcJo0B1C6M6QeM1Rda6+qL5EJDPpCu3YfapMVXxlA1SXyYb1LrccLag2GHGk75rO33VZr9yzsdPAUGq15XkbUWLH3Jrmo8D9TWuNCY5fYi9Z0sLoIDAn+9dSMNv/AFNRxqW54o+FFVNcgy2PSv8Ac0dMQ2RiAKuX29l7mh3QszEUS8jMxOcn3rgOdztVZAYIEbPFTpESO/ycVOkBc5PpFF+QqKFJwOcCpuBK1kw2O1dVAKO8qPV6lLL7A4zXFttTnQuBn74qnSKwDrFv75p4i24o1LZVU5/U1xoxqwP2peSA6xAfalRkFsXcav0UClQ5ZD6FrhrtKugNOUqVKoQVKlSqEOUq7iuYxVEEFzXHRWGOfvTl4pGoRAc1gjZZPSf6UKyTQdiR8VbEU1lDDcVWCFelz2O1EJKrjtXJLRHyQNJ9xUDW0qHKHI+KhMBDxpIuGUEfaq286HbXKn0KCfiiUndNmFTpOrDmqaT7B2mLv/CJRjJDlWHBU4NUd1YX1sCssazqP513/cb16plH53oeaxgnUhkB/SlVozRW08jeO0c6ZInt3PLH1LQF10q4VfMUeZEeHQ6hXqd/4Wt5wSiAE1nbnwvdWbs9q7Ie+ng/cd6z1oVPMk/k8+aDSdxiurFp3OwrUXVoynTd2YJG2uMaT+o4qtl6X52r8LIr6T9DHSx/Q0tulwysFU7Bd6j1sW9Ix8mipbGWJiJEZWH8wqPyiO1FLRCJEz6jufmnqhPNP0Y+cVG8unYbmpnPRRJpVdztULsW9KD9qSq7kknaplQDBFTH5ICNbB9yPV71C/TUfdmLH5NWbLpG/wClDu+Wxj7AcUU3S6L3NcFebONOw/bmmPBqyAMCjSjO29dEHc/tR767bByyv/CBq6lq8bK6EqynIYdjVjoGdxv7VxiiDLbkdqv6lFqqHJ1BjOn4lAMkKWUc/cU3qt8zP5aZKqMJ9qHkPm0hKqBVljWTH5mzx+lUpWU8HR0PK420wZHmk9CLljRVp0Ke4bLqSM75ou06h0m2IJjy3cEHAPxRL+J4k2giB1dwdhUqtTqJNO6H20yzsPD9rCqvMygZ2A5+1WTXVhYMzgpp0+lfzA/NY+TrdxcfSyoPinpE10MySZPLEnJPzWWtOnzbDmpb4NHa9Q8xX6jryGYqoccAd6qb/qs84bU+Ixzt9R+9A3k6WqLEsuIlG+DzVJedVaUaIxpUHbNM0vG3VuS4L1NaYnnsfe3QZiNWar2n5AH61EzMx9RJrldWYmVg5t6lU8mz8JRselzyHHqkIBPwKM0g3KqDpywzkZxQnhVseH5u2JsHfnYUUr6rpVIx6sqM4x+tcfyM/Wo6OhzEnbuYLIwCnVn7b1E1y8salWxjYr70r59bEkgnO7A81WtdCGUYbCnYmhiNy4NFPC5C5bZmfUMkcnbt3q06Yluk6rcoGQLqUDlqqoXa4dmL4GRnG+RVzdRW0LLJb3DZ0bq22kgf3qWnjDZJrKRZdJngkvXt7VFAdCzKBjDDbGKb1BHWVgzBSzZIA+ke1C+F7bVJP1Fiw8vCqwPBJ3z8VZ9R/iu07nOdIz2PxWXVlTZN2KMf1eR0uDhssrDJ1ZOR71cW15JN05baSZV0EOuttlzjJB7faqDrlx5lxnSigbKqKAMf3rvmkQLlvyjvW+U1EtC7rcsMt7m9EzDzQH0gDWuxkA2oa2vZIEd4XdWXdtJ0kj70LbXCq4JGoA5045FOmukM0gt1ZIWGQrYJH6jtV7W+TNTSeCRZkeVWkDaS2WKnfJ71PAJrfqJeF9egFdQ+nce/b/NCOyR2CBZGaV31FBwoA2J+a4LpE0vG7qSPVn3Bq9gp0GzzszsJEVWGFOkbE++e9Na4WJdbsuDnGDzigJeoJCwd2DDJY57ntVRd373JABKqBgD3oo0XTyDVqVyF33V3kLJG5A4LfFVTOWJyd+5NNLV3djWuYmVhGaqdPLO57dqkij1bniuxw5wTxRaKoI9OcUNUDk7EqIAzDJ7CpHYuxJP6VzTqOTz/AMVLHAXx2HvSWyiIJ6vc1NHAzbtxUyQoq4xj/k08gBRjgbVWQWMB8vjANMZyTk09lZtlGalhgXVlss38oFU6YIyNHcjOy0Wioi7fqfapEsJnTW6iKPnU50iopbqytdkY3D+y7KP1/wAVCDkhknb0q2nG5A3pzNa2zaGbW/dE9TfqeBQrXl7ft5Mf8ONttEYwD9zya13hjwbrZZrlPkKRRTDplqSDoHh+66rIryJ+Ht85Kr9Tfc0q9LtbVLWJUjUKAO1KtC01gPaWtKuBs12mEOUq7XKhBUsUqVQgsUqXNIioQQpUgcV2qIjhpUqRqEEaaVBp1LFQhG0SOMFQfvQ72a8oSvxRVKpggAyTR8Ake4rqXDDZhg0bgU1okflQf0qEIEmVu9OIR1wQD+lNa0XlCRUbQzJx6qhMEVz0q2uVIZBk98VQX/g6KXLxgA9q0gmdPrQj9KetwjfFBUzXYLk85u+g9StNh/FRfyuuoYqpmhhDabmyaBs/WhJA/SvXWCSDBUEfIoG66JZ3SnVGuT8UmtCX0TDPJLjpbyKWtXWVBzp5H6UB+EZW9anI23FemXvgtCxe3dkYbgqcGqW96P1G2yJYEuVHdlw37ikVp3PRWDG+XjjiuO6puP3NXj2Fq+oOGtGBwFcEqf1qvn6PcIS4XzE7MhyKDc08UisFY7u7YGw96SxZ3JyaI8godJBUjsRXQmkfPeiyvRTIlUDtilkAc4Hua7IdK79u1DO7udzxUXLJgc8ijIXn396gbLbk7Zruk5NSBMgY5o0kiEegnYfvTGgLqe1FrHjnj2pN6RnGB71W7DIVr9OL7gih2sHTOh9/irZmLDA2FR6D2GfmmTq2glVIqGS5Thv6V0XV8gwrY27LVwIuNv1rhhBOy0z6y/uQa1a/JQSvcTNmQsx+aiZWHIIq+dUTYAE0K0AdjkYpk6y/ALtvsqdJroU1YPZgDP8ASmfhT7Uxaksvci+8N3MUXSpFb1SK5YqPkbGu2zGTqqmTONyQD2xVNZubW4Vtyp9LDPIq+sIXl6gromVwSPkYrFrSpqq/J0fH1FUqfwPv9mIwQue9UlyupcHcsav+ooSxYkAKKAsrP8ZPrbOhWGfkUrRpTOTXqVmcFfbSzQMoIbSO/wAe1FzX7YOT29Oa0qdGt5YmAGOy6uaz/VunrBfmGIs7adRQAnSvzRqp1K5QmacLGS28I9Sge2u7CdzqkGpFzsx7/rRsiSQQSPO6hlGFUHJx2yawut7eYMPQVOQR2o+fqM8sK6pCQR70Or4+6909MONVJcg/Up/MlY/NSJNmBckn04BFVs76n5780TGx8lSfatThKEhLvNMMS4dmBLnURjV71JG6bu2NI7E81XGQavtXXuAsYycDO3zQbMsVVIMlugrBYznuTQlxeBWwDlvYGgnnZycelai44p06aXZnq/wTPKztqY59hXNRb5qNVLH5oyC2ZsEjajpzKFZ9sjSNmI2oyK2wATU8NtpA2oqK1eRgqjP9qRVkyCiDC1JHbu7aUXOe9WsHSmK65dl5x70UEjhXCD9hS22yFfF08KMucn29qlMQX6RUwV5mwiMwXnHAqUw20C67y7RBn6E9Tf4peX6IA+WSdhk/apoenXE5JCHSOTwB+tcl6/aQrosbMMw/9SY6v2FV111O9vm/jzsV7KvpUfoKva/YLpFs6dOsh/4q6DMP/TiGpv34FCv1vQCljarCP539bn+1VQT3qWOJ5GCopJParwvQI+a4uLph50ryHsGbYfpRnTei3F/Iqoh0nvirfonhh7l1eVPT7V6J0rosNrGoVADj2p06bfLLRT+H/CUVqqySIGb5Fa+CBIkCqMAVJHGqrgCpABWhSkuAlwcC0q6T2FKrwWFFSvFINjmiWi9qiaP4qiDAwNdpjKQdq5rI5qEH0qSuDSyKhBUqVKoQVLOKVLFUQWaVKkDUILFLiu1zGTUIKuEe1dxSNQg3FLTTqRqEOHFc2pVyoQ4yKw3FRvbo35QP6VLXKmCA7WoH0uwppimThg1FZru1TBALXKv1If0pNJG4xIv6EUYVFcZEYbqD+lUTBUXXSbC7Uh41ye4qguvBigl7OZo259LYrZNbRsfpx9qY1oB9DsP60NRFdoraeb3vQ+rW4Ou3juFH5imGP6iqqVIAQk9m9u3BYbivWWtpcbMrD2YUJcdLjnUiW2R89xSK8eX0VtZ4/d9Kn0mSL+KnOpN8VXNCytupB+dq9ZufCVuxZ7dXgY914qmvfC14uc28VwvvjQ1KcXPXJW08/WP33qRV08D71ornoqwZ8yyuoj7hdS/0quuOlSMM27K6+w2b9qB1WeUVhlY0g7bmomy7f2ol7OWMkPGy++RSWInOE4+KvgmCFU96doVeefapXUxjJ9P3oV5S2yDNRc9EwPchRk7fFDu7PsuakCM25pBBj5okkiYIFhLAsfucmkVxwKnZQFBPb2py2k8ylo4HZfcKcCr3FNMDK803QWY52H2op4WjbTIpU+xFRkjtvRKiYZD5K9u9EWVzcWMoePJAz6fb7VwBjwMU5QwGAcD4qOsrDDjdLymFyXkMy65WkJY+pWHapIeq2yMvllVUEAA4H70EqZ2OT75rjWcTDJVc/IoNsYwav6m32Xi9dRHZ/NUjV2PPvQUd+i9cm6h5yESKVXBzgYxpx9qq36dB2Un7UO3TkDZUFGHBzRRMTnFMt66faLO/t7OZi6tpJ3KqNv0qvmtY09ELswAGSff4rgiuUAXzFZRxq5p0ImjYsJN+PStHOZX3ZDetGAM2za9JX75pTyojBARnjGeKLlFw+cSHeg26bO7ZALE87U6amnmmLrVnHxB/MHb1E/0qNmZjuSaso+iXLkZXSPc7VYW3hqR8ZO383AH6mjdyuhFVnszyozcA0TDYu+MKce9a228N2qtpku7dMbnLg0fF07oluoMt3G5+XH/FLeq30Bkylv00ZAALN7AZq2tuiXLjaMov+4YxV1/1jo9jtBoYjnSuaEn8VoSQkbEdtsUt032ysj4eixREGV9WORRKrbxD+Gg9thVHP4lun+iKJPY6cmgZOp3sxOqdgD2XYUP8E3JGjnnRFLSOqD2Y5quuOq2qEaFaVhzn6apGLucuzH/3HNLTQ/yR0wy46tczgqCI1/lWgmJdssSx9yadppwXPAq1+wPLGKuKeo9qljtpJGwFJz8Vd9M8PSTspdDj5FWpbLSKu06fLdOqqhwfitp0PwwqFXdMn5FW3SegJCq5QDHfFae2tVjUYUU6IXstIhsenpAgAWrJECLSVQBT6ftCR2lmuUqss6aVKlUIWy8V1vppUqpkB25qNu9KlVEIzTkpUqhB1KlSqEEK7SpVRDlKlSqEHCkKVKoX6EKaaVKoUKlSpVCCFcNKlUIcpGlSqEOd65SpVCHa72pUqhY010UqVUQXvXDSpVZBpprcClSqSWMkVSp2H7UD1OytCN7WE/8A+YpUqVZXsz91bQYH8CPj+QVV+TEGH8NOT+UUqVYq7BKXqsMXkr/DTn+UVnwo1cDmlSqT0U+zjd6Y3elSoiix6VDE8x1Ro23dQabfXEyXUYWZ1G2wY0qVV7IEdWVTErEAtp5xvVFJ9RpUqkBCX6qlXmlSoqLFJ3+9Nj3YUqVD6IGOo0cDigZOaVKgnsFkYpDkUqVOXRYXCq6hsP2q0iVcjYftSpVRSJGUANgAVm+ozSk48x+f5jSpUa7IwanLSpVbFj1prc0qVUQR+qktKlUZaHiu0qVCUOXmioVGobClSopCL3parqXYftWy6aq6RsP2pUqfJZobYDQNqLWlSp66LRJXaVKrCEa5SpVCHRSpUqhD/9k=', 'cha_gio', '95.00', '2026-05-19 23:03:13', '0.00', NULL, NULL) ON CONFLICT DO NOTHING;
INSERT INTO LichSu (malichsu, manguoidung, duongdananh, tenmonan, dochinhxac, thoigian, calo, danhgianguoidung, khuyennghikehoach) VALUES (2, 1, 'data:image/jpeg;base64,/9j/4AAQSkZJRgABAQEAYABgAAD/2wBDAAoHBwgHBgoICAgLCgoLDhgQDg0NDh0VFhEYIx8lJCIfIiEmKzcvJik0KSEiMEExNDk7Pj4+JS5ESUM8SDc9Pjv/2wBDAQoLCw4NDhwQEBw7KCIoOzs7Ozs7Ozs7Ozs7Ozs7Ozs7Ozs7Ozs7Ozs7Ozs7Ozs7Ozs7Ozs7Ozs7Ozs7Ozs7Ozv/wAARCAGSAlgDASIAAhEBAxEB/8QAHAAAAQUBAQEAAAAAAAAAAAAABAACAwUGAQcI/8QAPxAAAgEDAwIFAgQFAwIGAgMBAQIDAAQREiExBUEGEyJRYTJxFEKBkSNSocHRB2KxFeEkM0NygvBT8RY0g5L/xAAaAQACAwEBAAAAAAAAAAAAAAACAwABBAUG/8QAMBEAAwABBAIBAwMDBAIDAAAAAAECEQMSITEEQSITMlEFYXEUQoEVobHhkdFSwfD/2gAMAwEAAhEDEQA/AM1eOt3baRsxG9DWEUsAw2cDiu3Ja1kGVOM1Z2ckVzDsAGrg1TUYxwei2rdkr5rUXjaTzTltHtFxuMUQ0b212rjdc7irwWhv4FWKNnYjbAoXVNKURuU9zMt5SyksRkinbKVyCQDWy6f4Bu5m1St5ansNzWjsPAfTrcAyp5jDf1Vqnx7pZfBkvyol8cmLtumxX9mrRIS2NiFqOLwz1ZrhWjt2Kg8ttXq9t0qztECRxKoHYCiVSNeEX9qdPiynmnkzV5tYxKMIvg+4urdVcKjY5FT2XgDyXLvMxz2FbcNjjFd1UydDTl5wKrytV+zM/wD8IsZMGVSxx3NTw+CekwsGEC5HcitCKcKZMTPSF1q3XbK1PD9gigeQuB/tqZOjWSfTAoP2o0V0DFEpldIB1T7ZCvTbYY/hL+1SLYW68Rr+1TrxThRJIHLIRZW//wCNf2rv4OD/APGv7VOK7RJIgObK3P8A6a/tTG6fbNzGv7UVmlUcovLAH6RZuDmFf2oSbw102XObdT+lXJpuN6FzPtE3UumZe58D9Mm4jx9tqq7n/T5Ap/Dysp+d63mK4RmlVoxS5QydfUjqjyi48FdStmLALKo9tjVZcWstoSksLofkV7SyK3IzQN30q1ulKyRKc+4rPfiRX2vBpjzbX3LJ40FUMXJwKUbqXwgrcdb8EqyNJZnSedPY1i3sZLKZkmQo6/HNYNTRvT+46GnrxqL4kM2UkyRzTI1Ly7bA1IXLSDXuAaUrKsildvtS/wBh5yUGJtI3yKbGis+HOxpr63cHmuSKNIPf2q/WCmSXIWJgE4NTQSKqHUO1CsjSAY3PzUiZRWU8ipzgoIthA5Znx9jUDENKypjTnalDpIYEb0xcJI2+9V7IkEa41QoB6vtTrZowrax6u1CIWZzj9Kc6GMhmNEmlwVjJLJauS0gICntSjaJI8t9R+Kja5kYCMNhTT3gCoCWB+KrK9kwzjQOyl1OBUtqYkVnl+r3xUDPLsithTSkR0j3NXx0VyJ42nuC8RwopyECUCQZArkZdFARsE1xw4Uu3NX1wTsfchJmVItvek8bIFD7jbiuRKp9YbDfNOeZnB1H6amCZwUvW00XuR9LLtTek9PuOp3i29uhZmO5HCj3NWi9Nk61MlvH9eoAMRwO9ej9E8P2fQLIJAgaRh65CN2NMq1MHC8nTc6r/AHJOkWEfSenxWqepkHqb3NE3t4lpZtO5xpGw9zSyTwN6z/ie9URpag7j1NWCrfZUTl4KgX8lze6mY6WbOKJv5NS4+KqrVv42rPFF3cvpB+KOZxDGUvmhqNhac0uKHWT07Go3kOaXMj2FCfDc0VbXRjdXHINVCvqbmikbFMSw8gNtll1DqRdcA81XJMQCe5qNzrJJpi+rAFOy2wekTo7O1FRxbjNNtoCFBIoxEGajyUR6MLkcUZHCBBr7mh2HqA7UYpLqqCqbwi2ExM72wjRdTNsPipWdLO38sPlm3c/NNuHFjZ6wRqxuM1n7i9eViS39az6/FL8lSuch090oBXVmq+S5JO29QBnmcIoJJNHW9mqTKzDOkb/JrPhI1aOheq8z0DIl1PsiED3O1RvazLNoZtQG7Yq/BGnYYoZkwzMBknmo210dCfBhppvkn6ZYR3AWR1IROB71eIqIMIgH2FVvTLuMRlJCF08VLN1REYqpXFOmoU5ZyNXRqLctdBkz+WmWYCq+S/CFsPtQF3fu7Hcmq15mZiSaB6nPxFbPbLC5lWcnLsM1XywhCSshNMMulclsVC9zqUqN6pU3yVtDrV/cg0qrUmZWxSos0HsRTXQSdd13IrtjaO0gSFGZmOygVOIHdlQDLMcCvQPC3h1LWBZ5VDSMMkkcV0tDTrVeE+Dr6+rGitzKzovgqS5ZZL3vuFFbiy6DaWUaoiKCB2FTRusZXAwF7UarBlBHBFdjT0ohYlHF1Ne9R/JgTp5TaQMe2KjJJo6eMOue4oTTRNYYkZSxT9NcJUd6ohwDNPFRmRF5IqNrlF75oHUrthKafSCgMU4UAb5VqJ+qIvLCgerC9jJ0rfotQa6pFUcnWNK+g5pkfWJXOCpAoX5EJ4GLxbazg0asKcGHvVGt+7DnFP8Ax7j81V/UwD9Cy7BHvSzWbn6zPE2ylhRFv1Z5FBIwaP8AqYLfjWlkvKVVY6g2K6vU0DYLCrXkQwPo3+CyJpUEt6rb5qZLlG70a1JfsBxS7RNSpiyq3enBgeKPKYDTR2mtXSaad6oojYZ2IyKyfizokd1atNGoV0GQQK1zDAqp6zKkdlKznA0mguVUtUMiqm05PI2lVGZCPUu1Dpqkchtvap3i13jyDGksTTblkdl8vY98VxWknhHoE32xrS+W+k7ikiFpS0mQp4Bp8VsrMHdvp3wa7cyrMoRFOpdthVcBPs5M6QqCm5rqbDzJBhajWIYw+zD3pr3Lupg0bdjUS/BT7JncMyiHG/tUZQwygzDY8GmRMIGUMMHtmi5is+knGO9XxkjFauk0rRooyVyDUU4bzypI0qdsmibZYo7yLRjOdzVT4iBg6oyqx3GQM0yJTOb5GvejqZXKYTIHkdVjUg+4FOd5bdlErFlqqtryaOVWDlgDwe9Wsk4mdXfBU+1VU7Rvj+Utatr4Y9HN3MFjGnHenTB7eULIdQ9qaziGRXi9JpySGafMo1Ch/g1++R0SG5lJQ6QB3qB3kjlZJGyPtU0xdJC0B07bgU6FEdC8w9R7mrn9imRRo05YodKqKHLOkjIxzWi8OdF/6hes8h02y8gH6j7Vcy+GrR+projCxruwzzUdKTNXkRNbWDeEbPTA10yFWY4XIxtWj807qeKlSJEVURQqqMADtUUyDXt3rLqN9o5mpbunTHElIXkBA0qTk1551G6e5uHkc5Jb9q23U5vJ6fLlsZXFefyHLMT70ueWFpp4yOSUpxyaIWcTRlTzigC2DT7Z8TAdjTpDpeyVXOrHtT235qORgkp9qTPnGKmOcDZeZTJUUDFShwoqFWIXamqxY1XJOCbXljUluuW396HQEtvRkeFwRRyyqktoSjIFB7UsaWPtQ9m38UI30mi2hcltPqCjNN3LblgTDqtqIS4MgFWUDw20fnzvpVRtVQrETZO2ORUfV7hhaAZ2balbkuS6lp4foI6n1tL1dEKaVB+o8mqouzsFG5JwKCjfGParnpdvv+IlG35Qe9Z7p53UFo6datKZDLO0EMYZhlmG/wAUSqhM10HNNZhWdtdnoolRKmejrOcUzOo13mkBvVbmxy4GshCkg0GXYOQeasQoK70FdII2De9V0YPM0987l2iF2zUDMFrryYGaGdyxo5nLOM2jkzluDtUS/VT2Ga6iZIpkrALxgmsYfPuFBGw5pVZ9MgVBr/MaVaYlYF5KvpCLJ1GEMAV1DevVLZVWBMcYrx+wuJLeVXwcq2QRXqHQerRX9ouGGoDBGdxXS8G1Kcvs3fqEVSVLovGgR1BAAbGxFRwyGJij7D/ip4yCoB5FMuUGnX3FdR/k5JNkYzkYoG4mRScHvQk12UUqGwPvVVc3+Cd+aya3kzBo09CrZaSXyLtqAoOW/wBzhs1Tvch2yXwaaJkUZZx+9YNTybrpnQjxJnsOe8d32O1Oe69O1Vxu4Rw6/vUE3V7eEeo5rH9bD5Zp+hnhSHvO75wcUFIjuxOs/vQj9YjdfRQcvVZE3XJq510n2aI0Kxwi5jV0O7ZoqOVhyKyp8QSLtjenJ1uR/j9autZd4Crxr9mu/EYpG6KisjJ1qVPUeKSdZmdchqr6yxnAP9JXZrfxCuN+aXnFeKyLdWuFBIYfvTF8Qzq2CM49qKdaX6J/S1jg15unY7Zp0Tktl6zMXiNjjKHNFR9eVuVxRPXj+Bb8e16NQtzoXapEu8kb4rNDrkQ3Y4qe26xbTMEVxq+9FNpr4sXXjNLLRpfxoQZLcVPB1FX4aqJUedh5ZZgaNgsHUhs6RWqK1M/Ex3Gkp+TL1Jw/BqQsFXJNVLXcFouZJFGPc1Q9U8Z28GpIm1NwMVuV7Z+RznO6sSa/8TAqs8sioq7nUcCsH4y8SxXZ/DWhzGBh296zXUvEVzfsUaUop/KDVTcXeldIcMfvWPW16qdso2+P46T3USST5YCM7Hmp4IcDUd+9BWkyOfWKdc38aOFjbFYKmukdPcgosJJdA9Puae0aQKXVgze1NtpYmhLkjViho0M0rYfAzxmpsa7L3ekTKDKweQEClOsaspi3bPvSkuTCnllM/IpttEr+vOkg5qumTORSo/peVML71M/4c240H1fBplzePJiLSCOM122SJGHmDA+ap8E5aHWkLo6y7HfvQnii3AvY5SSSyjb2o+XWrBYjlfbFV/iCRnnjzkhVA/WnabeTl/qCW2WV0aAaasrcYiLAatJ4qtjf0g1Y2raImc7hjipeTH4WfrLAQ863CqqrpPvRUSm2h1smrbtXIkt2ty2BqxTEE7qyjLJS8/4O/wCzlvdRyXBMi6V7A96KmEd06w242JGfih0SNgyFcMKm6XbSLeqw2XO+aLc9ou+E6RoenOLR0gQaVXAOO5q06m7oqTRt2wSKpJW8qXWRnBq1mnV+jK4/M1ZKtvOTg1Tp5DbCcvGCTk4ogBSWdvpXc1T9MmzGVJ77Ub1G4Fv01mBwW2qqrIK5KnxNcKsWhG9Lf1rIPvxRnUL5rqXBbKrsKAJJNSU+2bJ4nA0ikoKyK3zT8+4rqqGdfvTZfJK6J5Y9ahwN6jRaLyqpj4oXUFY+1FSxyDFf2kqjArmjDZA2NIOO1SI3vS8jex6KuKmRRjamIgO4p6+k4okyYwydHCkN3Bq5syXRmPBFUaRl3VV31HFaWFBHEqjbC4pWpTxtNGjOK3FZf25VjIg++KIPTILywWOVfUVyCORU8pBAyMjO9Tw4ZV7Ggm8vb+DTWks7n7Mq/QpLa5VWbVFn6virZMABVGFAwBR92BvkbVW6wj6CeeKTqU6Zt8bRiJbldkxOOKbyc1zVqro2HzSnRqSwdXY1IozUYNSKc4FFLyVQgcDeg7zGkZo0ioniVmDMMkcZqVkTU7paXsqGHq3FNKBtitHXNuZJ18sdt6etoAfUMmjmjm/0dOmkVjQMu6jIqSGNlZSy4HzVoIVAAAAprw/FH9RrpDp/T5/uodBMkWCTtxgUqGCEuPYdqVGtamsi68LQh4qnkzyTvEw1p6T3q2s+ptaMJbdtLcke9ASqjjBWuogVds1pV4acmhwqWGb7o/jGG4VUn9LDYk1pI723uk9MgII968XDyQy6xnGau7DqUmkFJGU+2a6ej5VVOKOVr+Ik8yeiz9MjmyUcqT7VTXnh+81FoXVh7NVfbeIL2HGWDrVjB4rI2ljIplTo39yFTetpP48lDedM63GW02moe6mqe5g6yhPmW0oHwteiR+JbR/r2+9EJ1fp0o3ZN/cUmvE0q6o1x+o6k/dCZ5K81xCfXBKD8qa6LgyruhHwRXrfndKm+pYj9wK4bfo78xw/sKW/0+X1Q5fqs/wB0f7nkgDZwBiusjkYJr1g9P6K3/pRfsK4emdGP/pRfsKD/AE+/VIJfq0L+xnkn4casjc01g8fCmvWf+mdFXcRRfsK4bLoq/wDpQ/sKteBfukF/q8vuGeUhndcFC36U+OB34jb/AP5Nep6Oix8JEP0FNa76RHwsf6AVf9DxzQFfqyf2wzyyaxvWbEVtKw+FNTWvQ+qSj/8ApSAn+YYr0h+udNj4CftQ0viuyQehVP2FGvF00sVQL/VNRrEwY+Hwj1iQ5ESp/wC41Y23gnqDEefcIg9lGaspvGaDIRKrp/F90+dC4ovoePPfIm/O8mukkWaeDrNFH4iYtjnfFTx9M6F071BE1DueayU/X72fOZCo+KAlu55T/EkZv1op+lH2yJq/Ivir4NzP4msLRSsQBxxiqO+8ZXD5WEaR71mmf3NRM+Kj1LfXAE6MrvkKu+q3V2WLytv2zVXc3KwqWJ1NUdzeJGpyd6rJZvxDZLVEm3ljVKXCHPe62LliKZI5cB0fJ+9DzIwGQMipIAjDB9JFG5XYSp5wGQyskf8AuxUTv5kmDs2ahmWVDqU5UU+By7Kx7UtylyFNtvDLa2ZEiOs4ppfSxaN8UJJKWwhGBRFska6dZ2pNSux80FrrePU5BPzSinUjTxXJlGpRG2xHFS2kIRtTjK0pjMiijV5fqwPmpbjUrBBhvmnXbQPp8k6T8VGkEhOsvnHvS+cheshNvKyR6Sm+fag+txM8gyPqUEGrG3uofKZSoyo3oa2uku5jE6F2GcADNN06brk5P6hSzMoo0hJt9YP0t6h7VaQIEt0L/SxzmjLfw31O4uJFt7dlhcZLOQgH71eN4Wu2sViIhDou66v70V5a4Qnw0p1N1cIp547f8IvkuNRHvXLeR4rchsKccmp5vD17bW7TeU2lNyAcn74qpmmd20A6mPb2pPKeMG3yfKnTWJ5ZK1wkbFz6mPapbDqsq3kQcKqlwCMdqAd1RQqjUx5+KFabyXDNksGBCirUtrByb8nUt5dG8uQHVj771NO5TpECcAgmgvO8yzSQbakB/pRF05ewgxxorBWUmimyTorEs2ex2rviS6ItTGMgAfvXelJojZztmqzrUjXMjIhJ0g1fOQo5ZnVfIOe1NW6i1YLAHNcQFWIIqvuYtMhIHetkTNPDN2jE3WGWjyKqhtQK+4pguE1LhhzVejOFK5JU9jT0TUOKvYpNK8XPDZcGQNghs5HvTHGDk0EisO5ohQ+MFiaGqIvArOZoLhTUpNFQ2+ugoWdOO9WlrOjJggBgOKXul9lX42pCz2PNo6rld6YsMhYqFy3tUzX6tFpCkNTrT69bP6sVE4bwgK0rlZpEljCVkDuNOk96uQ+eOMVXrgOT7mjk/wDK52rK6bto6M6anTnBDIx1EDYVNC5G3xUT+kjJzmuB9C5G4pKe2sjtuZSCpQrwk1SXClp0AHfn2q2VtUOM9qAlIBz3oqarDH6KxlDdeltJ/Sng4oaViQGHY1LE4Zc96VSyaHLRL2p6E964oroGeKk5QDJC+cACuhNqSKFG/NPFOlZ7Et46GBAGzXWAxXTuabUwkWcCgZprDNPPxUM8mhCe9R9BTlslsoFZyXGwG1Km2jyCMZOO9KmRq6aWKXJzfI0NStRvKMzBE88ZdWBHzUf4n8MxDjaooZ/KGmNyF9qFmSaaXc5FbEkqwx7zjIf50cuWGMGo0lMUhKtgfehlR49tYHxUNy7hSVGT8Vc5TwimlSyX1v1RVwrN+9WMN3HIuQRvXnTvdhvQxx96NtOqXcGNe4rat0rsxVEt8I3wZGHakVTOxxWYtuvI2AzaT81Yx9URwMNRKl7FPTZalSOHb966WkHErfvVeL4H81P/ABYI5qbkL20GGSccTN+9cM1xn/zW/eg/xQ/mrhuhU3Im1/gKaa4//K371G0sx5kb96Ga5B70xrke9TcibWEPJIeXb96iZn7uf3qFrgHvUbXA96rKC2slY/P9ajYgVA0+O9MaYH81WXtZOzCo2f2qFphnmuKZJDhI2c/7VJqcvovGOx7Pnmo2f5omPo3Vrn/y7OQ54LDFGQ+COuXGNSJED/MaKYt+hdXE9sopLhEHqNAXF6TslbuL/TC5mUfiLwLnkKtH2/8ApX01MedPJJ7jVinToV7F15EJnk1w5dd85qOJHGMod/YV7jB/p90GEDNqr47sc1ZQeGujwABLKIY49Ipi0/QqvIWeEeDrZXU0Z8uCRjjbSpNKDw31yZsx2E+PcoRX0DJD06wgaaVIYo0GSzAACm9Pu7e/Qy20DLD+R2TSHPwPb5olEp4yBXkU3wjxe38FeIZlA/CMoP8AM1WC/wCnfWygJWOL3y1eyhVHAFB9VZ0tvQOTuR2oLmZh01nBX17PNrb/AE06i4BluEH/ALRmrCH/AE0lyNd3gewWtZYX5DCORs+xq1RwwyDseKzxenaykX/UajXZi4v9OYFxrunY/pRaeALFPrmdv/lWszQs96sbFEQyNnBxwKuq0p5clrV1q4llGngXpSHJUsR7mnP4Y6NCxBQs3dV3o6a5Yj+I+kH8oOKhN7EnCjPc0t60PqUhqWp7psrH8MdJmk3gMaj6lVsavvR1vY2tgnl2tukI49CgE/rUj3SyHb+tcS49eCACSBnOc0tuM5bL2tvOByNhSNON/fIpIFDYb0g8nHFdeVTtkHHtXfSQO9W6WSsMdpTToILL+Y5zmsV4g8Pw2Mj3dqjrCxJdVXVp+ftW1V9IyUyPamO6OxAHqA9WR/TFKvkqom52s8guZY0Yi2ywPLHtQTO7HSO9ekdV8JWN4mqBFtZS2Syg4Pvt7mqiTwE4XMN2rMQCFZcE/sak4Rkrx7T45JOmN5/SIcncLpJ+1W3UUjh6fbgE6gvFVdv0y76T01UuE0lXIypyCD3o3qj644QD+UVz9VYpoFpysMP6OGYq7AaRwp70D1ZYk6oVAVdQOQKtLBVS3Q8bb1metzrJ1RnR9lGOaqeeA5WSrv7UwzMy7qxyDQE0WtcjZh/WtFbhJ7dkcasjaqi4t/LZgPpzT5rDNOjbmkwCOHJopIMDipYYAcMKNS3zvVVqcnoYnKTAlhxipkjGrFFNDp7U3Rj4pNWaJk4kYyBxUyoFI/5pioRipAppToPYiRVTNERINQwaGUGp4jgj3pVUwtqfDD0VdXyKLhYMuk0Ghwc+9SI+M96Gaw8i7nKwSOxVsHsajJxqGe/FckfU1Rs+D81TpNlKcInRzuuwAoWdvV8U5Gw7Z7jeo5TqqbhunOGRMdWR2rls3qZfY107rsN6ZErLMSQQD3q0x1LKD0OCMVKuBvUAOME1IG23NUmIqSXVk0g2ai153HFJWONjRqgdpKGyN+K7qHbiog1It2FTcVtHO4XNCO/nyhV+kHepJmAUsd/YUrZMLnHNVVehiSmdwSihVAHFKkPalSxRg06ZJEuszbUVCjOuA6s33oZmFwpAfIPzUlpYQwtrkuSu/Bbau08Wvl2ZOZ+3oiuunXEjZEjIfim29lJGdMlwGPs1X6WkN1EBFchjj3qovuimOXU0jc8qatW0ttcIHCp5nsFuunzaS6YYHutVT20sTFnkx8GtClxHCgiMhJ43oW7sUmXWpyDRxquXh9FVG7+SlcM65RgSO4oiwuXD+W76W7ZNPNskAwVNQvbCQ60JUitM3L76M9RXrsu1MwXIOoe9IXMi8g1WW/UpLRdD+sCjouuWj+mVNJ+RRqJroRV3P3ImF2w5yKd+MNSQva3bBYsux4CrmrW28JXt3gx27KD3YYqfQr0D9eF2UpvDTTdVs7X/AE5d2BubjSO4UVd2fgPpFtgyRmVh3Y5o58e/YFeVC6PMVmmmOmON3Psqk1YW3QesXZHl2bqD3favWbfpNjagCG2Rceyii1RVGAoA+BTJ8efbE15df2o8ztvAHUp8G4mSIewGTVxbf6d2qYNxcPIe4BxW0xXadOjE+hNa917KK28IdItsYtlYjuwzVnF02zgA8u3RfsoonFLemKZXSEuqrtjAiJsFUfpVb1LxF0vpF3Ha305ieVdS+kkYzjJI4q1NYj/UdOntawGfzEvAD5DquVZc7qx/rQatOYdSC/yaq66paWfTvx8kga39OHT1AgnGRiiHnRbZrgHUgTUCu+pcZ2rxSLqd3b2T2RnY2zkFoycqCOCPavS/BPU4+odBSB21SQDSyt3Xsft2pGl5H1K24wVNZKfqvidp/EFrJ0+4ZoYsDTuoOfqyPftVv4m8UTdGnt4LaNHZ1DuX7L7DHesl4gsEs+uTRW6nCvlQDxnf+9BOJLiZXmdpG7szk4A7ZrK9e53T7yLdNNhXVb+76vfG8lUrGpAVGJKKB2x3rS9OtOs9bgiuGvja24YBVT0nA29IGwqr6P0uTqk6IyssEbZZ22X7KO5Nb1NEcaxxqFVRpVQNgKvSe6nVPgKZb5ZKiqiKuonSAMk7muPodCjEEEb0EL22luGt0uEaZBlkVskU7WVp1eRxhIakUt/bm0uC8edJOx9qN6df60CO3qFT3MK3ETK++RtntVVDavG7PrwqnYjvXM3VN5lcBxFVWEW0t075SLYDlveq2/v47NcF8MTyBk5qG/6qlpbthwWxzmsXeX9xc6nAdgxPqIJAonVUzp6ejx+3/JfzdQeeQsHIX5/v7U6Cd2VlPqIx+9U/SpUVVeUSM52DKBoI7/ar62k9LOiIFOy+9XOlzyxlYnhIkZ51vwrKghCDfPqLfaiGVZAHJYKu2wxiq+4ucbg5P5cbVAt25U5clPYHYmjqP2K28ZLiEJAqyOGZW2ABo220tpY/TVLHdCWBhjAxgf5o+xc6Rncc4qRPyEWngJv5QraIxghdXNBtch4ozq1ahnbkfemX7I7DLEAKTkHaqa2llDqqldIbvyfig1a20xunCqMl6JGZQAzMo3AO/wB6eAoBUgMFHoG+CfvQ1s7qocsMk8L2o63u/LdQGVlZvVkYx81Iw8MXafQ4WyTQ6ZUHqXJU7qDjis7dxOiqkiaWQ4Iz27VrJp1G4RSoG+kd6oetooZXXYONz8ileTKayjLqTunIg6G205xlcCs0OlyX/UpEQ6VUAs3YfNWjyg2x3+napuj3SODBGmqR39WBvxtWSM7jPBAvT7W2KqGeTT9RzyadJHYtE2IFJ+amv4ns5w7/AEtsynt81VTTBJGUHKtuKc/i+R0TurBA9okT6kGFY5A9qIjjyvFItlQOwFTwMjRgrvnms9vDPQ+Je6Nr9ETxCoWjwaNKg8nemlATSHWWdCQTRTlX3qcpgHbNRtseKoNPI0rgU5djTdWBk1wP+lTGSw5G1KG96kDYO1DQSYGlj9qnByNqmMrBGhMMsN64A2oEjauqPVvTmYY2pXC7B/YY2FO3JpzIqgMx3PaurEWXWxx3FdWF5mXCkqOTVrP4K3JexkMW5Zl9Paky+bNoXZRzRbQMdKIMZOPtTja+Qhxuf+aJJtC/qrOc8gbrqfSu5pFcMF5NTrF5OXcZLf0qJV065W2J4BqYYU1+BvA22ri5rsKGRGcnY8CoxIocrnihrPYa5ykTatqQOOaiJ1HauSPpGkbs1VL5L2iOZZdIHpXmi4xp2GwxUMCaVBPNErU3ZYuq9HVFKnDalVismKgXp1qi60YH7GrBLPp9/GfL7jjNdtriK5AS4twh+QKe9noy1vMqg9vauw6/yzL/ALAyWH4CQmNGZR7GiDf20nomjZTjlhQMq9TikJMqume1RyX6qumYgE8mqct+8hLnk5dJZtKdGkHtmotTKmlQpFNFgepSj8LrdjwFBNaTpXgS/mVTKfLXuW3NNjRpr45F3rRC+TRm2KNFl1Cn5FRw9LuOoEpaRu5P8qnFepWXgXpsABuF85v9/FX1t0+0s0CW8CRqOAq4rbp+HS5p4MGr+oT1KyeRdN/0v6tdSh7qVYkJzgnJrX2H+l/SINLXQadhyG4rcgADalW9aco51690Vlj4f6b09QttaRpjuFFWCoqjAUAfAp9KmYEixSxSpVOCjlKu1yoQ5SpUqhYs0qVcqFCqu64nS36a/wD1gotqCMs/5W7EEcGrGo7m1gvbd7e5jWWKRdLowyCKqk3LSIeZX3h/pLMJundQjuoWOyh8MPgjv96K8P20nSrj8RA7KFUhlP0sPbFXTeBILWdpuny+k/THJ+X7Go5IJLWYQTx+W2MA9j/mubWnUVuxgXSaeQGZPxF811IQXlYk54Gau+l+GrZrcXF0udQyqk4H3NVOgNNBCRuW0kfJOKtvE3UlSNen2532LlTxjhdqCHMq6rn/AO2DOOWyHqDJ0Jxqk2bdETk/pVXN1rqPUyERHit8+pYjhmHyx/tUT29xcs011rMrYwZFIJA7b1I7JCiguyqo2wf7Uim221wiOn/AfbT9O6Uqtb2E7zEHSzMCc/ftU3R7m96hey3V04jhiUqsYOFyf+ce9VAaSTDI5Y52wMGrXp3T3KK9wMsRgAcCgqnuQ/Rmrr9g6SdrhtMbaUB5x9VVHVeqLCPJjzttt3q4udFtanSADwBWWvJYYSzyqrHsp/5oLz7fZ19KZzhIDlke50vL6Uz9ROM/auXQmlt0S0jxCzFWwOfb9K7bxrdK13cgiINpRAPqPt8AVNeXzjps/kRqWVDoVdtPz+lO0p2zljLr5JSB3cqQRR9PiAebYuycL/3q7iVLXp6mXZmUZAG5qi8KWsNzfn8Uz+cwLIuNieSTV31OC4Vm9YkC5GOMD70dVUy6lZZEodqaZVzXDzzMoGk5yMdhSlu4m0xh1BRQCaqJLm5e4ZNfloFOdC6tvvVNZXryBZn1hZSyqx7sPamxNuM0grqFe2X/AAbexu2VipGUz37CrqCREUuSUjVMsfc9sVjegTvcRNKXLKGI0tsavIHMloUdiBn6c/0oJbTwxGpKzwWE06XTMuDpYelhtpqvntHicPEDuv0+/wD3qZJYknW18zTKyatDNuRUqF3mCbaeDntQ1CpcoqbcdAts9yr6wjA6tIVu5+BR8F15jDGxzgr7Gh7m5mjPlRRozICS2SpIqGwkbzADHpLHUrMeV+PeslS4rCH8XO7Boo3LxbgBvbNB9VtXmsCUBLDcBe5FGQKyqGK5wDkHgiiEQaBheNwp3p7h0nkx1hraefS3TxxtE4KnO9XPguLXNcXBGcYVfvVN4giMN3caMelzxWp8GQeT0OOQ41SksazacLOTAlisFp1OwS8tGVx6gCVb2rBSwvHclHyCpxXpLsCpJrGdWRB1JwMA6QTV6+MJo1aDSrkAd1WAkflHamWkmhASfSxyfiuTzqlmUAGpjuahRgulSdsUi0nJ0/F3J5RZB9RyDkU4N7mgVkVTsx+1P83PestS0duZbXIWzoBtULsDvURf5prMRVbWNUo6zA0wE5rjNmmHPajSJtC4sOyqeO9GogU7cUBaFtWAM5FH6iNiP1pdPaVSa4JWKlMg4IpsMRkJJ4piLqbc7HtU0OQ2lcnPal5TwKrMp4JkjaRSqDOKsooljhAAAwKggXylwRgnmpWf080+MQs+zBqN08LoeqqvqPNMZQxz2BrqNqGM4rg+oio6WAFlMikQPyNhVdIpkn05wq81azDSmByRVdMFhBY8nk1VpmnRpkE7qgCLt2AoOVDHIpJ+rmiEUvJ5jDYfTmouoOEhVu+qgnl4/JtjhqUSFgq5B3p0EJZtbc9s0yzTzFBI/WraGDalvh4QGpajgbBbhlJJpz2xX6T+9ErpjXGK4xzVOkuDDvpvIMEI5FKp2wFJPFKr3MLczGpf2oyJrds+4Wo3/BTZMZdGPADGr/pXROqdV0vNaLbRHuw9R/StVYeEunWjB3iWST+ZhnevSR4l1+yOdfl6cfuzAWHQuq35CwI/lk/U/FaSy/04tnZX6lIZWG+ldhW2jiSNQqIqgdgKfW/T8WIeXyzBqeZd8TwgGx6PYdOjVLW3SNVHZaNAxXaValKRibb7FSpUqsoVKlSqyCpUqVUWKuV2kahRyuGu0qhDlKlSqFipYrhNItiqyUKlmml6aX+amSEmapvE+lOl/iThWiZdLewJwatC5qg8XXES9MW3kcK0jBgM9lpGvW3TplV9pRi7QTxzxqzMuGX7itB4f6W2o9RuwTLJkxhtyAfzH5NZRbuFGURuTpGzAcVLP1/qaxlEvG08ZBrk6FzF7r/wJmkmbrqVzYxWxS+dArDZTux+1ZWC2F4xaJGWEsdLOPUw+396b0jpkkzC7vmaRm3VWJP6mtDDHpJJ5otXXeq8JYOhp6Cpbr/8EVr0qKFVdUGr3o1kCDYcLk1Kp0rgcgVDM5VSTnOMGpMyuh+cLC6KfqMjysVAwoGT9qzEk0dzK8c2GVThlHatCqvPJM4yd9KqfaqW68P3y3z/AIWMNGw1MzOAM/y1NjayhsVKeGyYdPS4sgkT+Wi7hscfYUK9olhEAzyS8EupwD+1TWamS3062jbVg6j9JqVwscSgSguoyx400dQ6nC4YyaU1zyFdNmt2tj5bAFTySCx+9VviG8SO3Cec6sx30t2+aq7jojlI7iO7nabzNTKp2ddW9aN1s4ZNCwByMH04ehfyna30WkotUuSie0ebw5PNbo2tlKqoQhn27ZrGs19HJadPlttLWisVRQRgsc5JNeg3fW7ZwyCIq42XURpX9BWY6ndQQF7y4mEh2BVfqb2Aop10p2zy2MWhVXvrhE9j6IlQ+pyMqqd2qyj/ABTRowjYliAqgf1rN2PXEmna4eERWq/U5J1H7Y4/Sr9+qI6L5ThUZQwZe4oLm5l1XZImbrbI2SJFv1uJJQ8qZXbtn/vV0k5EBYnS6jJyKy0U2u71uxCq2oEnbPzV7YP+JZlPqVgRt71NF01yD5ETFYRPLO7qxXcshU4HP296FjLpMjtk6W5J5ouwR5leIjOnI1e1AQxPddTKI38JDv7ZpeuuEytL2jZWAZ7XLE4xlR70YsscUGtyMnZRj+goSHTFbqpOn0jJ7AUFcX63EumPZUU6CTjUaY6cykZlO6mZ7qHSr155Qtu8qMxIcD334rR+HFeHpMMEiNG8YKlWGDzUKXbrkEZyMZNFRTrIiq2VOdmU70mFMvhgPxl2mH3c4htHkO+lffk1grud5riWRm9THetldILu08guUGdmGDv81mb/AMP39nHLIE/ELoLakGoj7ig1Jqnxyip03NJMz090j4Ub470xJm7nNBMHDEFSDncEU9GI5qnCSweg0YmF8SyjkOanSQDk1Xo/FEo3vWepNksLDg0i2agVqk3NK24HIRY9q6nqO9NzjvXUJ1VPQWSxs0CNk4O1EnBf1DA+1CwsRoPFWMwUQBtt9gKW5blsTbxS/chfSMYIPzRFq2hwzAf4oRFDZIOMVJrYkAcDkik5w9wNTlbS3yruD2O9dddWy81XG5CABTkiiUusEFhTHSrhmGtKlygpIdC5J3PallVBJODUUt2vY7DehGuNbH1bUTqIfBU6dVyyeeXG5O3aq2ZmuXAG4B3pTTNI2hTzXUHlphdz3NKqm+TZEbFn2PUrqC9l7Cq7qb+bNHEg/Nk4o/KrGc+3NQWVr51yZpNwD6QaKHh5YctTm36LGythHECwxtRYbHHFM152GwFOQAnkD70qq5xJiqm26o7zyaY76QSdgO5pSXdvb51SKSPyjc1V3PUHuiVQaE9u5qTDb4Fukua6CJrwSEKvAO596VAI4U0qd9H9xb8nDxM8HpwVVGAAPtXa7ilivcnmjlLiu1w81CxUqVKrIKlSpVChUqVKqLFSpUqhBUq5qppcCoUOrmqonlAqNpCeKEmScv8ANMaQVFqY0gpNXkrI5pD2rhcmkFroWhJkbua6FNP0/FIkKpYkKAMknsKmSyC5nis7d7iZtKRrlj/asJ1O4fqk5nkXBb6R/KvYVczSTeKOpfh7ctHYwNl2x9Xz9z2H61D1vpgtL0Q20WIpEGgAZ3Gx/wDvzXN8q7ud0/av9xdp0sIomsnWIyxR4hixqlLfUT2Hz8Vo7TotiywS2/8AHjeLLNKpyWJ5A7YpvTuis0ai53RSGCHgGtBFGkaBVAGBiss5qcNGrQ0dvypHI7dUUbDakPQdt6kfJOAMKO3vUGoaiB71dJJcG2W2SpqY7kjHAqO+l027DYBV7U9HXVvvtjAqO9j1WjkgA6TuDzTdNfFi6fyKnpedLCTJBycj3+arX61NDLeat1jQsre59jVp01tMTZYKuMb1mvELNb2dwIkZmlPIHbvTcfBYKWHTyVUHV2Zjh8sSdak7En+9T2LXVzLiZCUVs5J5HYVR2yB2D/S2fUD3rV9NaOABzHrbGkr245qp/c03SXQ6cXjvH+HjY6QQFQYz+vtQXUpLjp9kVZVE0oxhsjSPmrGTqa2gZs4xvhv7GqXqvXLa/kGsMNtLtzpHxUrSl8+y41qyk1wU00kfmM087SMo5QaVG1VkSJ1G8WOSR1j1ZIVMMR+vFWLJHM58qQsvCqxA/emXUyKAhRg2wyu2e3Pei04UrL7C1tar4ksp4unra+TDDGuE0rgAn7/eq+1L2sTJKokZRhcbY9qktLZLl1yzEqMHIqeWzPm7+nA+kn1b1VrdwyaVbFwRxLJIxdjhcY223xtWj6YZGWMFgqopVdvnf9aq4IQ8Q05yuzFtgDj/ABRUDSAiGNudwPml4mWVdOy4a8ECvFEuppcn1Db7miuidORLdriX6Q22fzGqrp9pJeXiqz6tC+sjOlR/LV/f3S2FkdOCsS+le2o8Cgr5Pc/QH2ravfZX9c66luPw8aanYesKcae+DWdfrkzqfLQxpqwWVcn7ZNQ3NzGspa4dnmlLM2+N6q5bxHl0DIUbHAGRtvjtRTCa+RaeOEXlt1Z2kUG4ffYhjzVzBfsqbqGUHJIrzwzuZNQZtSn0/wC2rSw6/PCAk41tsM8ZHzQVpL0HSeMo30d+jrgKVJ4NFR35gYFX7c74P+Ky0XVI5wBErLqGfVtVnaSTKuXjYq3cmlVNZwmDwvuCr/oVh1pjMytBcMPVJEBhj7lTzWdu/B/VbdmMUa3CDcFDhj/8TvWqR0RlKkgnsO1XFtLrQE99qH5qsV/5GzrVCzL/AMM8l0vFI0ciMjKcMrDBB+1To4A5rf8AiTw7F1eDz41VLpB6XAxrH8rf5rz7yCjsrAqykhlPYih1JUs6Xj+ROpOemTo2TvtUwbHG9QKrkbNt7U9EkB4zWVpG2aTJBjNOUbgjimamHKEV0SALup/ahaYaoOicEDfcUajB1GckDkVULMqjYEn7UZbyMI1Y/Ue3vS2sd9EeGgxlUkBO9NDNGCpG5rmWicMOMZHxXUbzZNzj3pVTh4YGOP2ORsrEluO1S6yx52FIxK7ELgAcmmPEUOFbP60DnjPorM0x7yltj9NRO/AB3NNLlfSd/mnBVAydzzUxgJSpHKug55Yjc0vM0bHvUBnxnue1OhQu2p+OwNRr2y3OFmiRY3uGyfSvz3opcQoAGwBUTOEG+wFCy3DyZVAce9RZrhAbavj0GS3wjQsoLY7Cq2Tqk03pB0qewoiCEn6u/NBixJuGycKG2x3ooULOTNry5+04HLbk705X0ggc0WtvEu2Mn5peWi8IKJWvRhpPOaIEbC5PNKiVRCclRSqC3Syem0qVKvdHAEfiuUqVQgqVKlUKFSpUqogq4TikWqNnAqsljy1MaTFQtKTxTMlqoolaXPFRl2akFpwSqIN0k04J709VrukVCDAlPC1Dc3ltZoXuJkiUfzNWfv8Ax50u1JSHVcMOyjA/ehq5n7mC2l2aYLSxWPs/FvUOpK0kUCQQqcam9RJ9gKe/W7p1ybplxzpUClPyYRSpM1tUXiTqiJZtZwSqZpNmCnJVfb9ap5ep3E6Ya4dkPGluabY2AuLgXEkq6ExhAgGSO5Pesuv5TqXMrsZEVdYkv+mvB0vp8VrboZWA1O3Gpjyf7VIzS3Th5QAqjZaihUj1ZzvsDRgOlcnG/NZXrXa2t4S9HRnRmOlyPRsoQqgY4qMMwyp5+aStjgbEZprKzSDO23FRvOC8YY9ndlwPpGxoZ2VXODkD2ohnC7D1H4oWR13VMH+ZjQXSwXKFHJoZsk4O4p7szqVJ9J4B9qgUKrHOdWMDFdaYhdOM7bUzQbxhgai5yiuiyrPGCAFbv3oXqds90i6RpZWzgH6viu30whvsDK6hkgVxJwyliWYrxtsK1xSawJpNPJQ3nS0SMumpJVOpieGHtiqlupzwvoTLM2+BWzLJcHQyAvjnjH2rO9S6QlurPboXZm3I30jPtUqV3gOLb4YBdO8sLPNIxYqCyr2qKHpsFzEsgdmVm/KM4+9OR45XKB8aQVOdv0o/pXT9N+qlP4IXUSDucdqVupLKNS2dUMXodvFZiYT5Vm0qCv1H+1DTdKO+FYBcHLdvY1o7x4xp9AEceWXK534qsleSSUtq16gCc7g44o51N3YO3D4K+BbiMuiAHWMZxgn5zTbxpdJcqVZcLq5PtsaJdxEW1kBuQqnBoO5uJJGjSWNwmSUCrqZqXVznAxS2shMLKkaMzMqkerGMGjrCBbhmLllRRqVmHOOTQvT7Oa6nUXFu0aKMjVtn9KvGsmMaW8bhUY+tx9RA7Af0pLbqsl00pwuwvplyIum+hEiUsfKXhmA5ZvjO9Ut/fv1GbCFjEh2BP1Hu1c6zfGS4FjbaVVVCsV7KOF/Xk0ZbdK8my81+44FR06pJegVKlbn7Mb1aQNdtGHYOrekrwc8/0/5rlv015NQJbBbIx8e1WUdisk813dIYxEWZwF1FQOw96uelRQ3Fm960XlRq2BqOWP8A3rZPyQmq29FPbdI0KSd8DJyO1GQ9Mt5EyVBZcYOM6d6Ia7iup1iht2VdWHZm3I+PapLnp0jrm1kaGRG2fOdS+x96m2fQO6vbHJ0y2t1VmdUYnbJyW/Sre3VHj0hvSozuOaqrOC8ZmjuykgTcPj1NRjTt+HaO3JDsCNQH0/NUoS5wC6beMg8HV3kv5kCAwq2FAGGXG361eWV0y4KMGOcYJ5/TtVBYWK2oaR2DNnI2/rUgLpcLcK7HUc880ikp7NCSro3FvL5yrnbbdTWJ8WdJa0vzeRI3kzbvgbK3/etBZXyuMhxk7Fc7qaM6nbf9S6TPblcyMh0dssNxQVCqcImldaV5Z5uh4IFEKSfioVR0ZkdSrKSrKRwRU6D3rlXwduaRIq5FPWMtsV2+1dQCiEOBSuQ9zIkgx+UAfapFwm2Kc74Xao8kbn9qXTbY6OVlkhcnneurKAd1/aoixrmaibGLGOSdnGCVYg+xqBmcHPP610c07GTUbT9FzhEWt2O4xj3rrGQg6V/rT6WsZwu5P9Kia/AW78IbZRtqLOozmiXf1HSABXUjOkZO/eu+WaGq3CqpVWWRlNW7HPxTlULwBT1U0iMcUDyVn0OUbFjwBQOss5b5om4fyoCpOC2wFBp8UcrjJl1aWcBIbKjFTKupRjmoYsdzVjbIjAE96bEZOfdLJBDbFmGR3pVaIY42wCM42pU9aax2Za1OTYGuUqVeyOQKlSFKoQVKuE4prsBvQ5KHFqjZ8Ux5McVCzljQkJGlzxUZJbmlpp6pUKyMCk09Vp4XA3oC/wCudO6ahNxcLq7KpyTUdKVllNh+muO6RKWd1RRyWOKxHU/HryI0fT4/Lztrbn9qyl11W9umLXFzJJnsW2rPfkxLxPIFXKPS7/xb0mwBzOJGH5U3rK9S/wBQLufUljGsK/zNu1Zq3s7m9YLFC8h/2rmrix8LTO2u7dY1GxVWy1Zb8q646LU3fS4KO5vru8kLzzPIzH8zE/0ojpnRLi8mEkoaKEe4wW+3xWrt+kWdqypa26ySA5DuckfNWEdt5VwTIdWE9VITdPJVRtfLyU7tbWsCq5dIo91RRjX8Z7Csr1TxBdMsqQ6Io2JVVVc6R969FSGCaIoUVk4wygiq688P9EmZVnsk1NsrRhgf6cVezD3Nhqm0pSMn4Z6lNdf+Ad0YkejWcbe33rd2qCBAg+obbcV5jd2VlaeKVs7W7ZYTIFMjKQ0Tf0zg969F6cLu1iEV9Ms8ikhZFGNSjjPzSPIhT80dDwly+C6iCopLNuBU6lZFU5xkce1AxNlSx2yOaIWTOMDfuT3oIpYwa7l5Jm0o2ewHamtIigZyP9o5pih2lCqMqPqJ7UniYtvj5OKYtz6AeF2Ru+tguCq53OdzXH0KukbGpHChcqukge/JodtbSHOx5qqnaWnk47hVKkYPc96h1MGJbjtUhXJOefmuOEZcFgCODVy2mDSyAXcCzsWb6gMhu4oF9cOEKH3HfNWLhxkjBUHcio3KuBkb+/tWqKWciql4wBsx05Bxt6mqKO6WFtLKCBwudzRk1szIWUatPGBxVFMVW4VmOhkbIyNyaduFKSTq3SEuLhZ7PTGzEM64wD/uFBtfGwlNuqssijcsOfkVZG7LFcMScb6qbMkdy6mVVYgYGqguZrodFOfu5Ka861K8TqxHqXTn2FQdMe5umXyUeVuCFBNae36f05XDvZxEgfy5B/SrFA0MZeNEt0ztpUDP7UtaaS7Der6SA4OnOn8S8VMafpIBJOO9NhTp0DmQwq7qdtO+P0oLqnWUtyy+YGYnCg7sf0oW0sus3gEiBYI2P1u2G/Yb0FUk/ihkxVLNMseq9WkgiIgjSNnGVZxwPfFUF54ke1hKRTNcXb/VIRhUz2AoLrCXFrNIlxIzSo+ksSdx2I+KpIwTICQef3qRO75UMUylhGp8NxvPeqrNqZjqZm3z7mt/eIkPTpGKjSqEgHudJ2rI+DrfNw0rDfSAK2PVIXayABIAYkj3GNqTL+bYGr2kY+0csG8wDDYUjGQRirVpIksGt0IVCAcYxx/eqSSTyZ/L8w6c4K+2wp8t0pTQzgajhcnOqtMaj24QF6OXljUVp5PT/CQHUNJwW+5p7362qnMjNpI+o5z8UyZJvIV4AWGSCAfcY3qZbW0S0AmkWW4K6nGr9MD7Uu96p0nwhq2bMPsMW/SS381EJzsGAwM/egzeyorMmCoJVmCnANRvdvYWSxxyvcLuyxtgFR3AON8VE3VrK6sy0cqxvEup0YgY96dFOllMQ5UvlBKXjupDPgsMAcCi7EsyMhOD2PuPiqTpU9v1NXeNiCrAaeCR71dJldQAyV9O1E4/IzcsfElS5aK4LoAqsTgfrWg6X1NZRoc8Hn2rPBItKMJVDA4KFvVTwXjbVCw1Kc7Hn3rK8w+OgqStfuFeK+lrHIvUIEOHbTKF4z2b9az6NqFby2aPqXTGRxlXUqwP2rz2887p15LayplomxkHkdj+1Z9bTTrcvY3Q1Wp216DEJWpFfA9zVYOpLjBRv3rjdV0rhI8N7k1lrSp9G2dRFwoYrqO4ppbLZ7VUxdZkwsZRQM7tVquWw5PpNIvSqH8jXpWrXB0nauKuTXTpAG9InOw7UoedANOUgc9qY0iqN2AxQNzelmCxHjYn3o5irZa7CZbnDaEGWoi1i0+tt2NCWNuWbU+5+atUUADFDqUp+MlVSxhDhtXAxzXR80tOTtSsiuDoxjJpskiRxmRiD/KPc025uYrSLXKc52Ve5rPyTzXb6UyFJOBninaek75fRk1teY4XYdJMZpCzuM9hninxt8igoumNnU76m9gaJSxdtkLA9gN6bSjpM59611y1gKR1U70ZDKdsGgYukdQWJpJGUAbqrHdq5FPp2YFSNiDVOKjkyvVT4LdXJOTzSqvW/wBJwELfJpVW5ityPTKVI0q9wYRUia4TUTvigbIOdwtQPISdqazljTahWRc05VoO/wCrWPTIy91cKh7LnJP6Vkepf6iAMyWcHpH0sx5+aXWpM9sF0l2bt5IoELyuqKOWY4qgv/GfT7bUlqGuHX+X6R+tec3nW+odWnzcXDMCdlBwq/pXI3EalCc55rPWu6+3gW7/AAaO98W9QvQyl/JQ/lT/ADVDKWuJOWdyfuTXIo3u51hi3ZzgD2+a0VpbxdLUiGMyznYuR3/sK5+vr7fufI/xvFvyK44SKuz8PXdyytL/AOHiP5mXJ/armz8OWNuzPJruGB21bL+1FJftAo8xTqI3IGwNSnqMLqFdNQb6mAwaw15O73g7Efp8RztySxOkMAj1rGi7KFGD9hihobn8WzLEfKiTYsRqdj2AHApjr5gDwb6TkK35fn5ono6wPK7NKXmPqfSuEWj0ad0pz/2Br6UzLuv8IsLS2MMRcphsbDPHv+tcktmmt5Y9WGkUjPtUdxduOsW1lG3pVGkkx9sAUQ88dtAZJnVFVvUzHGK6M7VO1ejk2qbzXsxfRurTWF9ddNvz5TRnKqx5Hx7+9ExeJOn3ZYC6ETBtOl9ifbFXfW+kWvU7dbnQv4iJdUUq8ke2e4rAR2ZsfECPIA0asWZhwwI4/rQVKTw+go03SzPeS8614f6d1J/Nt3W3uFOp3xkSHPf5q+SVEaL1alChQc/VtiqzqCpIuuJ10soYHhv/AG+xxTbiCUWdvcRMxEY9SgZIOc5NKubpOezpacxNZXBpVcD0nYE4AJ7UXFp0qR24FUVheC5t0kBLNp32q3idsjftk4rPFYrDNNzlZCEnRGZ24B4HvXFczNk+kD3PFQZVcZXYnfvSZm0YTjjArSqeMGfas5JmZFwwbSBxnvUDEBi4wAR2prD0F2IAx780wuCpPb3oaf5LSQnbLMx4AxULtleK67jTknSoOCfc0M7jSXZiF7fNA3gJLIvNCEk+rfce/wAUK82pjjYZ2ANNml1DbI349vihteG3FUqZe1YLNHCKFDbkZIPAqFUDPrcqxU50kZoQSlc77dsVE96UBAPPOK0LWeBT0/wHs6MzEqucYKhRTBDAjBhGhbPBqpe/KLg7N2I71Ct4431YH3qVrU+i50/yXxcRvkxKuewG36VWdX6o4VUUn1MVRc/Uf8UJP1GTQdTkqu254qKw6fN1Cf8AETuVTGldvpX4HuaB6lNYGzpzL3Ud6ZYebcNKdLyk+uVvyj2X2rSR4tYgka57ktyajgS3tYljiTOnknck+9PaZGX+I2GJ45zSHnOW+RlVu6XBQeL7OS6tFu40B8oYkI5x2NY2A5cZPevTJLhERt1dCMOGxpx7b1591CFLPqTrGuIWbUvwPatOlWZclSbrw4qRIr/TqGK0k7q0ao5ysnpyTwe1Y/oFwGUIXKjAOMZrUsjSW+cgY9S759VImnNcgakrsz/UbJEcvo0KzEt6chsd6oHtx+KadmGkHKrnGfitv1G1S6szKh0un1A9j3rKOEZismkNjj4+1aoxNEinU4ZDYPLdOyF2j0ZLFjhSKIktrVmW5YqrqunUG2IzT4ERYgobU2dxjkVMluv4dkCKVbJYEZ0054pNIpra1QHcgDpLyD64CGQ4zkZ0n9KoOrWUE0CyWIXzn3fSvOfvWt6W0hgaO8hgkTQVZUz6lO2TnvVXZdJRppELvpTLKqD617DPak+O3DcsbrKb+S6Kvw/0qRJXFw7xsybIhOT3yT2rTdLufKZkZGkYLnIyxzxjNRC2azSS4Kfh1RS3qfUx+M+1HeHOpwdSj85NKqGKlQNyw5zR07u93WBe6I02u8gF5bFOuRszsnnR6iuchSNsU+9S4tGUIWC5yzEcr8UddQrJ1eJ19QTUNxzvVy1mrwAMgfV3PNBU7qZU6m3bki8PX6hViDFvk0H4zsER4eoD06zofAznbINMt4/+n9V0RKRGw3JNXnW4Ev8Ao7xu5UAKysOQRS6+1p+gbnN/H2ecPEJHxGcD2amSW00YyyNj3AyKvofD8jqXtrhJGUamR/SwHv8AauXXT+oQIrz27IjHCsN0P6ikc4ylwT62ppPbSM4SFq46feo0ISSQKy/zHmg79EEhARUIHbvUPT7YXV4kbNpTlm9gKqpm55Nmj5U43SXjM7yKkMbSEnB0jNEiwvGXDqsC+7nf9qJhv7ayiWC1UKqj9SfmgrzqUk2dTCsu2UK1P1S3xKSHHoEVy2W6o225CoAuanPROmwYL3jlvcAVTy9UMURUPk+woVOqur65MtjhaelVLowPzNdPO5mshs7K3jGbhgvYsu9QyXFmmdM6kA7ZO5rK3XWJbg+piF7AdqghlaR9tznigfjzXNItefrr+42RlQr6ZFO3vXcuFwisxz2G1UMFylq6yXADhd1j7H70RN4iuLhgq+hRsFXbFJfiz2maF+qamMNIMm6fNcyBnVR2BZth+lIWFvAMyzKT/KlVTdSlz6pD+9MN+rfU+/3py0sLBmrzdSuuDRQT2cKhFjBAHJ70n6qqZESKv2FZ38aApwc00XQP5qJQkZquqfLL5uoO64ZiSfmmLEZSXCHDb8VTJdZbberIdTm/DKgbTp4oLlNckVYWQpLNnkC/SO5PalQ9rLNM2zFidjSrM9qeCbz1OuE4FdNQTTJCjPI6qo5ZjgCvbNiRO+mh5JFRS7sFUcknGKzvWPG1hY6ktz+IkGw0n0g/esL1TxH1HqrsXmMcfZFOAKRetM9cg1SR6B1Hxb0rp4ZfO81x+VN/61k+p+O7261Jaqtuh223Y1k3k9R31e5pi62YYBAPes1at1whLumT3F3NcyF5XZ2J3ZmyahCEnB2qdNEeHI1EdjTHYFix4JzQbV2wBaiFCrtXUcq25yaaWyuBsPerno/SYZgJrvIRt0Hv8n4pd1MLLG6Wjete2Q7w5Zu4kvH9KhdKE8k9yK0cKOFwI9THgAVHbtZQQqA6sw2C52P6Ufb3ELoEDKjtlWYDgfFc6tupeWz0Olp/Q01MohCCZWLouobYI+r4FP8A+nxsisU0j3ouFEK+U5JKuQfc/OanVYlmVRMrj2Y4x/minx5ay+Qq1WnwUsvTnVWdHZBxqwafazQdLstJXzJmJbSRtn5Pf7VfPG7IdC6WwQFY5DCqO/TLZKhWPIxwOealaf8AT/KQHS11troVhs8vUpU0yzsFVT+Vfb9aD8RX0DdOuYzIofSCFzvnO21BXPV5o7hQygpCjBUB21Y2JrMXc0k8rvI2pmOd6udTctqFT4V1qbqeEuv/AEWFt1e7S2NrDessRX6XGdJPKg0HO7sw8z1Mp3OcVUSSMGxqx7VKlwzgBjqPv3NMc1g1/SmXlIube7fR5YXUDnYnv70TD1y5tFZEOlWXdcZyaqIY5JpEjhTU54Uc1pYeiFwsl2+tjyi/Tn5pe5xymC4l8NEfSeoSm8DNGFil3OkYVT8VqkfSuSdsZBqna1jt1XEagDtjajLeRZVVMjUOx4xSHbq/3D2raHLOHKqp4HIFdabQpDbg749zQmtU1KNtzuKhedR6fqA9/wDmnK8CdmQueUBV3GO4zxQzz4GnkYz96Hd9Xz8VEzkKSyNjP70LtthKESTXTvjO6rsPioHlkmIQDYcCoJDgEluTx7VE9w0cb4dgcbn2oU+eRm3jCFM+iUAPnTzvSLqF1lhhuB3oHzC4YlvnftULz5zv9snaiTLchkt1vgNhRQctydWM/ahnnByMjmoJJwpIHPuaNclKAhptTbtnFQvdKisx47A0K84X/wDdctl86YPJjy1PB/MfamTLfLI0pLOwtXuGW4uSFTlUPLfJq9Ep0rhl0j8q9qpHu0U+kjJG+o0PJ1QKy+lh2wdqFy6fCA5o0jykkM8mx7LtQk1/bo5B1YPYHis5J1eRvSHIXvjmhxehmOpmNX9OglOPZd3V3E7BUctqPqJXtVXfOsqEHLAfST2qNrhCvpyG70HPOc6c5FHpw8hPCRadEv3t5gpfVpwPnFb+1uBPbK0ZJbO4H9a8i89o3DISrA6lNa/wz4gVmWJ30sTup7H/ABV62lS+ci3ysGxu3S3lgkYlUnbS59j2qnv7CL8ZKkmVkBwR8HuKseu2T9U8P3NvA2JlXXGQe6nIx996rDMfEPhyDqMahbmJfLuFB3DLtk/ejU5jchEvFACwTWk7B0Yrj/4n2+xqwtbpXDIFweFLDBJ9jTonMfTUSV11FcDV/eque5e3kUOUVucj6T9qitDFLouoreOOLMSANIfWud6BkQ2zERk6mbIYHOB3BoBuqXUcqyQBZF1AMrHAHyDV7bJHM0VxINRbfTnH/wBNMlKnn2VW6Fh9MrJem9Q6o7SeXiHThMt6Wo6Dok3TrI2/TbiOORm1NqXkncjPberBy6Iy276dzx2NRT3UtpCXZNTkHTv3+aNrasCm3TRA8E0DLJcN/GGA2j6Qe5FWVrNPLbqTljwAexB71RR9Te6mZ50AZhgADt9qv+myIqqrjOBsRSVS3cBVLS5Kq+mkg6wutAyugA08jetNtJ00kAltB2wM5G/ehntIZWikKKWwcnHeiZWeDp74GWVCVI23ocbabfRKpUpx2VVqltOrROTGxcN5uCoYDfGBxVst1GbYwxt5yMukwvjJ7bHvVJL1OzuV1yRyLMTjGdDE8ZPaozdkXEZjYhkwMqMHI2xil1rKFhYf/I1abv7v+is8Q9HtrWCS6ijlyzLyc+V7gj/g1W9PsA6iSC5RmIwVOxrYKxmgaSRQ7K2l0Y/WCODms/1rpv8A0y1W96a8ixu+HQqD5fznnGdt6VOaWALmtOcyuPZA9hdo5xA7Y/MvBqGWwvnQssZAHJLAVUv1W7ViXuJDkY+o0PN1GR10+axX+XUaudF54OZVPPQc1tLGxLxs57BTq/4qFpCDhlKn2K4oOO5dWBV2U/BxRZv5yMGTWDyGANMctFTS9iSMztpA/pxUlsEgJyfUDzTIr9olKBEIPO2KjaeJiWMIOfZyKra3wVVJ9CuLstIcPt70O1+UBVMk+9KRYGG0Zzn+YmoHt+6Jn4U06ZkWI3Mjtuxp6SNyWz+tQJFK5wEYfFGQ2MrYyh/U0V7UimdWfA5zUyNI7YUVKnTnC6gmr4FWdh064kwfJVVH5mNZ6r/4omWM6dYSTsCXCjPLcCtXB0roqqv4i4dmC7heCarUsJFxhhxuanW3K8v+goFp55ovKLJIrCHV5BYb7ZFKhFh0blWyO7UqH6MfgvcX3XPGnTulK0cb/iJh+VDkD7mvOeseKOo9YlPmyMkfZFOFFVTOzsc5ZjzTkgklbBGBXXq7tmeqqhjTArpILGmBJJThRhasUs4UQOXGruDxUbzKjKAoAA7VW3H3A4GQ20cS6pPU3cGm3GMnSAq9gKbJKHG5/QGo2clcHAWreEsIoiLNnPPxTlbI3I+1NyW2UYHvRtl0m4vV1IoVRyzbCl08csKYu3tlZYKqO+w442rVWhdrOLUmk6QCCMVN0zp3T7FR5o86bnVj0rR85E0AkYAKAQCBXO8m4udsnd8Hxr0G6r2VbsUG2Rg1FJ1Oe1bUoDDkZzTpmGnuCTsaDmGrCk7E4J+/esUSnR2VhrkvLDxJDMqkvpmz6lO3/wC60Ft1KC/tWhkdUm7ds/avMLrpzxuzo+rG4JP96ksL28gw6sxVW3UnIPxW+Yc8y8r8Cb0JrlcHq0F6YVEN0Mt+V8/UDQXUVjZQgJAJOlvf71WdK8QW90qrO6q+nSFYZKH7d6KmdU1SRurxYP6fde1L1bqo2v8A7X/syTp7b/BRdShKM0m5ZTuDtmqW4hCrqKkahlcirq/ZtTGQjLLlQpztVKH1xMrsTpOFz2FZ9LODcvtKqaMfrUaNpYAc52p90/q0jck4AArTdD8LhIlurtVklIDJE2dIPbPzXQTxOWLtqVyWvR+kR2ESvNvM6gsV5Gewq2RA+cqcdgaGW0uJgHR/4ynB1HCrijZHWIKjgZ21Fe5PzWPvLYh8tYY0IrgoclccDigZ/Q2pTgrxjarAqHiAD4GSCPeg7iNUYBxnPcc0FzUrcg47wyNZldfq9RH7VEqvqxpyTyRTHYxesjKE+39aSXRicPGuoEHbNVLT5ZbnHRIyOuGbOM5BzQ91M2nSDx7nk0nuPOYuHGc7knGPvQd1dRKGxIrsP5d6Zj8ApPPJBPM4UnOkA0G11lCpDH3OeajmuVmYZ4+9Ds65xnamKeOQx814gyoJGfcUK9zlcgnFNl0nJ5A96HeQD+wpswi+SQ3OGIPftmo5LtFPqbDHagrm7RDtgsahjt7m5YEIxB7AVpnSWMvhAO30g9X85gAcDuTRaJOEYRRgqvLMRn9BTLHpNwRlkZfuKLfplymHKsq+9Lq4TwmTa32CXMrpEpOoBtlJGKBluZ5MCR2YKMDUc7VdfgZJlUuSw7A9qil6SyYYI2nvkcVU6sLgvYU6xuw1YOPenCJl3Bq6isY3GgEg9tqgnsGj1NGwZf8AiiWqmytiRWYddyKayam1EfajHQMoBHqHOKhkGhQNG+aOayC0DvD5n0jcCmKj2xEwfSynYK1ELN5IbA9RGBkZxQsoZsMTuSc06W3wxdI9B8KeLY7/AE2txhLlBjnZwO4+fitLbWFnYtcTQx6VuzqlVT6SR3xXi0R8qUOrMrA5BU4xW68M+MWuNNjfMBKuyOxwH+D7H/ml3DjNR0Lqdxqr+3hubNkWNSGGFdACVqqW1R7RYpbVmZTp14yPk+9WNx0trlBJa3D2kxOoMp9Lfcd6rpeudf6STHLZ284X82kjV87UpTPdcEndjbPIO3To4GLoiu2CRn3xXLRnWAxSErnuNiMUTbeMre5lC9Q6asPbzIzkg/I9qtIYem3wDxTxsWP8wBxUxtfxrJbqlxUlWriBjIszNqwCCcrtQ09488iqUYgkDatTH0S1IOlVK7ZVSNP6U5eh2mrW0QTHfVTFNtAPUhHnvUpLpr+2t7fUHkkDMyqcaa3HS+lBLdTI7MwYMD7/ABRL9Os7dNelVx+Y09Z5JwILZSq8FzyftUpLK3LkCrdLE9BCqGYKOVpTuiW8jMNQVCSrDIz22qeKFLeLBGWI3JNVHVLgx24UatUr849qC3tnPsCE6rBxzbX0BWS0jM2rIIBzjtwdqqPwFzAxUnIPA1bgDfc0dapIG1lSwBwQvJH2qxW1a5gIG7Z+o7DGPes1TWqs45NU19N4zwAdOLzTpbMdev1EMwUtirtbSKdZEkRfIkGkqRnUvfNAQ2nk9QhYRqXU4IOwara1mVpmRl8tG2VTvg996PQlY213kHWtt5nrB434tsk6B12WwZ2ZNIeJjzpbcA/I4qkZ0fdHDfGa1X+rKK/ipGDZP4ZQQBxuawTAjiujMS1wcu6xWCx1up96ely4IBzVUssinKsaKgvvUPMTUPcVdaXAG5MuLecN6XGR80R5UbDO4+xoG3uLVyNMmlvZhijVZcfUD9jWO05fRRPb2sbyKoVmLHG5rWWPh63SAFo1ZiMnPaovCvRouoR62cq68FhxWuh6WlugZ5GZuwzVzOeWDyZlej630xwKoHJxUv8A0+OAaSgLe5G1aEyJHqKpnH9aEnWa+bEaBVHfipUrHBaQBB0qR1Lxxqwxk47VIthLp3TGOwq3soXswAcP7hTT7hHnkZtOhT+VapabxkmSqht0wxkdY9I45JNdT0NlEBbszdqPFmo7b1xrfHAqbMIhXtG8jF3Ysx5JpUc0PxSqtqIefww28JD6cNjB75qOd0RWKtv8UO80mrQTlahYtqy3Fb9yQh02NMjM/cZO4zTZGGnJzXGcMwWNcnjNT21hJOwDAqoO5bigTdPgHkDLalwqnNdRGJw5IPf4q4W3t7ZezMRvn3oO60Odvq7nirc47LwT9MtLdyZLh1Ea7A5+o+1XELtLkWrgqm2lRsoqmheNBbQPtrI5+T3rUdPuLSAMnlgAndlxmubrVVNt9HpfF050tOWly1kjtkBTU5Ib+UCjUctbvHIigNsFP/NShreZgYvUun6ccU5YdBXVjSckDOD+9Y6muzU7VdlRN01tLNGxZl+pf8UG1jJIpypGO+KvZsKRjKlTkMp7/FCtfSQzDzyWX296CcZ7wGqrHHJUI0Txm3kRS2rZjyam/BQLZukOkOx9LnuecfHFSX9jHdWzXFrhZVbIQc4/vVAL+dNUMr6WVsaW71qhU+SfcuBXNne3ESyq2CpwMekj5o+wvLlIik7yKy+k5Gc0KlzrbDuVUcqG5/WrO0uw8ASXSFySSxBbH3ptpXOGgapyvyCz3hOe4xjNV6XMZWZTkuCMe2K51O+hWRlhKnSMalOdVAWUMs0qgjDTEKuTgAe9SNFTLbC35SLzw3038d1AXUy5hjb054Zv+1by4mjjiRhpwoyQNjWPXqA6YUhtirJGNwNwT/eoJ/FsjSY8ts6sbHI/al1Wpb+CE1Dqss1b3cbqTHcaX50kYoT8fJq0u2k55JrMy9ZmnZ2dQVAy2k4IpR9aUNoeNnj9z2pNaN1z0HMzPBqRfuG1A7DcCupfvczqsi6V2w3+aoPx0TY8qQjJ+ht8frRMF4EQq+oADUpFBtqeKGOVjKXJb9TnjRNABIUgs3bPsKpJ5CVZ0YlO2cjb2p094Z0SPUdLtqIxT7+FktkO2SMhQN1+9T3kCZ2rDKz8Tq9AOMndSeTTXZVXdtJHAPNVt6zK2tW3B5FDDqTfTKCe2RWyNJucyVSww9541I3PzgVA92g43P61GZFlQMpBHuK7a9Plv5RHCuSfqYjZaNRM80T+CE3Ek8gSONnYngb0bD0G9u3COvkqRksRk4rSdN6DBZABpArYyzEbn4x7VcJFAFwHJPGdNJvylP2IvavZl7LwnDBhnUs3Opt8CruHpdvbqoEahtjkirNY4lkVHmOp9kUgg1KtgVVn161BxhRmst3q280A3K4yArCurSEX9amNqrqMqMAce1EiBN1RWYY5xjeopCYNOHyCNwNiPuKFNrlgN56Anto1bUQF9qAu7fG+vIPbNXFwqvER+YEGqu5QOoOM6TggCr3BzyyneBUcEalbncUQkLXVmyhd4zk/amSPqYqyEHG2B2pJO1urBG9JBzTpr8hVL9FVJH5UjA70LMyasEbn27UZdTGZ2cgA8AAYBqucAksea1RyBXAPOiqx225oVpAQUO+ODU050qcHfvXLLpV/1SQLaWzyD8zAYVfueK2wlty2Ip88ATPhzpomwsZ7xtSBgvIfHf4rX9L/ANPQreZ1GTzO4SLYfqe9aJOkW9uqqkaoqjACjaka3mxCxHL/ACXMZeaK7ofVuo9NhSC91SRhgBIx9Sj5rXLLa3UeH0up4I3xVFNYIVAAByfpBpKj24U27+Wc7qwyrfesc+RSeWgtTSiuZ4YZe+G7eXLxIpz7UGvhl14jwfvRkPV0gkVJXaI8FsEoT9/81cW99C6KzOhVuGVsg1on6Vvngz1WrCx2UMXSOpWbareR0B7B8ijkXrGMSS5BHBUVctPHgA8HjauJNAi6i5Y+2DtTlpxL4pia1LruQCDpVzO4e4csfdjx+lW0UMVsmhApYDeg36m7YSKNlJPLCpbZXd8yPuvqq5qJeJ5f5ApW18h87srFAmWYbk+1U/U7WS4ljLoUZThV1as5+B3q2GppS31A5045p9uha9Mjr6o1GF9x/mqcO3hlzSjlA1h02ZVJOpTGwLHGMnarcrDaanCY1EsVYZOaY0wKFI3bU2Wyex9j70FNcTXJWNHCg/UQP71o+GlPx5YHyt5fRYOEuYCdSerOMjih2e2iIRcasAEj3HehShGUJwFAwB/zUccaiQMwbismp5Dzjbz+R06a/PB5j/qR/H8SMVdZCIUVlU5Kkdj/AM1jHgYHGk1reuOlx1e8uAcq8raSR24FU7xrvmmxqOUkzlatp3W3op/IJPFPW3PAFWIiU8DenaAnYZpn1WLdAAt9J33NERhkIKkipQmo0VDb62UBckml1eeytzNL4b8QXVtiEKpUjkjitp/12GW30pEVfGC2c5rEdPtViUe3c+9F3E/krlHx7Y7mgltdFLUaZrFndkWOOH0ncs2+TRsKs0ao4GVOSRtmsDa+JLuyY5YMpb6WGa0/SvE9pflULeVIdtJOQfsadNR7GqkzSIiBRsK6UTPFDJMGUEMCvuDThJjc07CLJTGu+KikRdNSB9Vccgqc0DlFoEZRSrr7NSpDnks8oeUMcImpvc9qdHYT3A1sNK+9WUFvBbu2F1lR34qZ7hGVsenA+kbZrUo90Z8fkrktooDv6iOTUpulUaR+bbaoncOxA5O+/tQki6WJL6Qam7HROiWdyxGD37HiooFL3Kod8nOCahZ3JCxg5qa2gkZvNBIK9/Y0qt1J4D02t87uskN1OHv4nO+lx+gzWo6c4ZmePSoAONuaw/V1uIHUnZSdWB70V0zr26xTsUA2znANIrSrYmj0yuK6ZqHeWGcvEDpXdxnj7VbWF+ly6mR1UIOM87cVU2/VOntEMN5jMoD7/wDFcurZkT8TauqsclkJxgVkrSaWZGblXxZdXKgt/DywxnHbFVV+xZW2JbOFBNdseoPMukn1ADUuf6UrpmdixXTnuBuazVOHkZOZeGU46lPYsQQSucYzvU/k9O6zD6JRFOBvq5J+agu7YyqxO5U7Hjaqa9iaBlaJ2DDfKnFa9OZrp4ZV8dBN/wBDubU/WXHYo2RQcFhdsS0jsiDsWxq+KjXrHUbc+mYnHZhqoS76xf3DZecg+ygCt0RqNYyhFakrstHitrZcyOoA3wdqHturRydXt1TJUuFYgbAHaqNEuL+fQuqRvk5xWisOgtAquQQ4IJb5oqmNOfm8sXOpdv4rCLLq80ccjJbhjp/NxQ0dwq27aIAzNgF23IP9qtbeySaZvNwMjUc8sfaqa8heGVlQldyGA778Vi03P2mpvK4LOFbaWAO+lWzuQdsmmxwq0roNOnSdOoYB+M+9VUbyG3caW9LBiR/Sj45XSQawsirhm0tnVn3pm1y20C0mv3Cms7XTGUZ2kZcjTgBfj53qC6upenqiXJ1agThR+1T+daTIHBSJ1Ybn6T9x2pdWeW46azyeQERtmQjcHjH7VNqr7lkpU8kUfiqGCNfw40yY0tqUHb4ox+sv1CyMjqVCncacZArFB0NyqNspYBse2a1l9cx29gEiQEzIMljnSB/eh1tCJ2pLsKay2V1zcQys3l6sc4Yb1WTMN6LhVtLyHAVRgZ5JqukYs5wNs7U7ThJ4RVVxkM6P02XqV2Y0do0VdTsvYVvOmWy2yra2qkkDdm3OfcmqbwxayQdLDhSZbhsqpH5eB/mttY2qWdopcAyMMsw3yfasXlXV24XSIsRGfbGw2CLlJCzNt6m71P8A9OCqMkBcZNNecIwb6iPmkvU0Lepl1KBgHtWRTpcqkA6t8ydms5hMZFmZCE0qQBsPg1HG8liCVdmZjqbJzq+aKXqcbwldSk4wAO5qk6hcSLLh1eNeffI+Ku1KWZZemqp7aRaw31tO5JfTMSSQThT/AIoO6nSZzgqGXYq1VFteIs486PVE2zMMgr859qbfXVrBeBInLLjKtn+lVU3UoatNTeEE3Fw8MeoMDkYx/aq97vOCG9R5+Kgu7/zDkD0geocb1WPOxyQcVcaT7Y1Ssch88xWTUCcHvmgJ5yzEBt/jvTGuC6kFsgc5oGWYAnHtWvT0/wAgU8Esk7EEZqBnJ27mi+n9FvOqetF8uEn63Gx+3vWtsOh21hGCIRISNpG3b/tTNTUjSX5YjmmUXRPC8N3CLvqTMAWysIOnK/7u+/tW8tYYYkjS2REjVcLGowAPtQkWhICjD0tuWwM1NAoQBo30jPc81i1PIvUrl8BOFKCxcmInCD7kZxXElSWMkoBg747D9Kjcs2ctlcb6RjNdgdIjlVVidtzxQKsPD6FuW1wNZ0YggergKO9MWEuQJF0lTsBRKRoSWxjHG/NdcgscLjtTJrjkFlRcweVqQ+tSc452oRdUTf8Ah3MSk5GngH7VazIWU/lZtvehGtRpbJEZQZzjOr2qmm3wHNJLkmsprqGRUuXaVZRsQc/qD71YPPcQldKhkbdHYbEfPsarLa4dVWNwGVWzpYZB+avbNWliZUdtBOSGOc4rToNX8UZ9ZbfkSW7uzKxCsAuolRvmp3XzCqDC5O7Y5NNgj0YEg0gKcgcURGiyqqDCsre3FdGY+ODHVeyCaGcOsca6Ax9T+w71O1yhf8ONKsq4yDuwp87uJSoPpYaSAdqEeFI7hXf6mOnOc4qVmcqSLFfcTxIoYMxwNwc9jTkRYVZD6vVlW98+9dQq0WkaWZW1agOfio7mXRHjG5434oaamSTLpkjGMyKp0nG7Ee1A9cuh0/pV1djSCiELkck7D/mnq+hGZsBQuME1k/G3WQbdemxtlmYNJ/tA4X+9YquaeMcsZacS6yYmdy+WY5JNBldZqZxqbY534paQi6jz2p09HFIXwg53qIsXY092LMSd6Sgc4o0UPj42G9XnTLTQA7rnIyfigLC31uHZePpGP61oFYQwKpAA5JocZBol81AuI8L2FV124XfPG5NNnuCrF9W3Ye1Vc920raP+KnJSQpZmkc4o6zj8hdbEq334FD20KKut/fYUy8u2AMafqRVdllnD4nven3AEL6kHKNuDWksPHVnOqrdwtE3dk9QrzxMscmp40aVtAHpHJo5qp+1hqnJ7FYX1pfxh7aZXU9uD+1Eup7CvLbO6ksCrxuUK8AHitN0vxzDqW36kulsbSL/cU6dRPihk2macoW5FKnWt7Z3ih7e4jkB/lYZpU7ZL5GHlz3Klj79qEklDtqDYPG1MeYu2I0b234zRUHTJHQPM+hTyMUOXXRn5BGkkZtCLqPb3oi26VPO7ebqTC53q1tRa2rEpFqY7ENvT55iXLgkBhvjmjUJc0Xt/IA9rDaKqhdTj83NCmdo2bACgn6RtRs0qOpHcbZzVfONR22HFSqS6L66GPMk6lHRWUjfIziqi66b5WZTjSSdh2o92WNd2x3p880U/RSQCGD6VwKz1TTTRt8Gvm5f4KWxneJ2iUkqDqX4q4t+oOEYv6wx3VjzVbaRt5kiqhf051AcAVG02hsjBFDqSqrg7UU0XiXsUTJcJ6HBywPDfFaDpl7DfRPOzAsoJ0sd815690zFgw27VNY9VNsGUMQwOV3/oaVfjulldkdpPDNfdMNJ/KG7VRXQ1k7YA4qzmvPP6fHcGPGtc4zVE9zqZi5wBwKRo6dJsbVZQFMg1H2qAW7TzrDEpd2OFFSXEw1HBG9ajwh0pFiN/OMu+0akcL7/rXQd/TjfRka3VgI6R0GGwt1Z1BkO7sR3q8hsYWUELnPJxRWq1RgjuCTv+tdbqVvAjMx9K/wAp7VyKurp1T5Y9J4xKBHgjVCg0seBqXg/BqnurKN1eeZmRlGGU7KfYj/FXH/VulzqVRzGf94oW/t0uLdZEfWq59JPpb2q5dTXyCngyU8ulA0aspT0sM/UKYkocK6kZXnHarkt0/wAxoZYFjbTgNq2Y996Hu+mRiIXMEoZQMtEvpKj4963TUtYZKbXoCM4ct5kY0nlgOK7DcW2tYpXZoCvBGCp/vSWzkmRmRdSqdR3wcfaoZrRkbUJMMvKEYb9Peinb0Dl54KeTVNcs6rhVcAKOQM1qr60cLCisGXgHGCRzvVRHYEws6rhvqyTxuKuL+50ImNPpQZx74q9e9zlSFpy03kBvpUWMQoAqgY+/zVZGGaRYVOWdgoP3OK7dXOoknnNQdMkefrdpFGMkzKP603S02pbA1LlM9b6Zbi3iWQLlVUKo9gKJuL9UY4fIO4QdqhuZxbRLGhBGNsHiqW6u0twWZst/LnJY1wG6bxPY6Z3vLD7u48zL6gqjk5wBWd6h1KZpNMTsqgbsOWNRTXF1ctl20ryFFFrbW8dvFPLIpZ8kIw9RI/L9vmtGlo4rdXIzcpWCoa7vfVmeVRjIOs4NH2HUbpbMeZI0kJbDIxyR8im3F3aqhTyFXWMHbJX7UFLcpa6fw8jMrLkgjGD7Vq275xgm78oOv7s22GgcssgHfA+2KClu4o5EeVgcoWCq2cNwATVbd3z3BOrOleABQZV5GZs7AZx7U2NFKfkVWpjovfx5njOQAc5OO9RmfK47iq63YrhR3G+fepXk0KWHA71T00nhF78okaZtWlQWZjgKBuTWk6L4WeRlnvY9RxlYs7L8t7/apfDPQBBbr1G6UGWQZjVvyqe/3rQoZZWVFRtIOAQOay6/kbXsgV93OSVLfQFEjqiKQNjx9gKnNkhGY7hHDDG5wSTUT2iIhaZmY42XP96qGu0XYMQ2cHJ2rHzPFT/uXK3fay5exfSwJ1MM+le4981Gi6Aynb2qvN9cKrFGJBXdlOciiIOqJdRLBKUODgFThh+tTbL5SwE1aXPIW8hTB1YXHaoXljbJXYnjBpl4wgZULhlx6WHf5oFTrlJRfT7Hik1lVgKZTWSzS7cOuXzvj/6aNd2KqurKqOOxqjmlVFChGVvv2+akhvnj0hzlRjAx2o4qpeGLuMrKLF3DMWZVUd8bU5AlzGzhtIQbg8frUE88DWzuWYt+XTggjPv70PYNJK72qJ/FZSSrgjIXfH7f81pma3fnJnazOesBS2qFwBkZ3Vsc1edLiZIHV1wwGBtx71UW1tKLFZpNSAP6VZ85Xvj7VcG/RGZIwurABYb7Vu8aJl7q4MutTfxXIWcPAy49WCAQePinIwRQ4Glm3IzwcVXm7DtsQpJwc8fNS69aHLaeSGFbXqT6Mux+yczK/qOkldwe+ajkwzK5bIY5x/ehw7IpUuuN8t7VW3F+dLOhCqoClmOwHvWa9ZY5HTDb4LF7lLdWaIkIvp1HuahluESEzTNpUcE9z8VlLvxDJPKbbpyeYE9LS/lz/epbSOQprunaRuxYkhftWHV1KfZtjQ2rNFo/UZJlAWNtJzpwcfrmgD0d5pTIYISzHLFhqJPzmrGCJFh8wL6VO4buaJggS4VXEmCrepcHPwPtSY0bp5b5YdXCXXRQS9HtlbTLZRj5Xb9cihrjwnY3i67ed4GP0q/qXP8AzitnLbRGJRIWwAdRU5we2KC8tEXDorsyllZXxt2GP7Vp+jqQ8quDPX0NVYqOTAXnhDq1opcQefGozqhOrb7c1V29q80ukqQFOCCMHNeuQXEaKqqWKk/On9DQ9/0jp3UmZmVYpgu7quD+vvRrVx9zMGp4aabgw0arAq5+rjHtUU932J2zx70d1vpdz0qXEo1I30yLup/wazlzPp1YOok809YrlHMqKmttIlubrU2Bye1NtYNchY8cnNCwI8r5bjuasGmW2QgD1Ece1Rr8AnL2XQNIIG22O1V6sXbc5yaU05lbJOc0lHYc1eMILBMoZsIg3NWFsiwJqcgbUNboEXUWwe/zUN7ctwDtxUUoHvgnurzV9LZ9hQS6nfPvUCszNk1LrCDbmra44CwHxXUlsB5cjK3urYpVXGRmOByaVDsZfJs47dIkUBFLcmmSzoM63AB5UHai/EVnddKZiELR8qRWKuL+SViBmtm9Lj2H0Xc1/DCNn3G+xoJutsrHHqBqpYM5y7E/rSYqi4z+9BVMrLD5OpO4ONs0M907DdiBQjXCqNtzUBkd23zih+TIpCnnwP5mPvTrPqMtk5YIskbH1IwyDQoUDnc1KqFx8f0qmljDGTTit09mkhltL2H/AME6xs31oQBv7VWXVjGFkLsFdWwQBjeqpopIZRJAzRspyGU4ouXrRmTRdxqrn6nA+qg+k08y8nW0PKi+K4YBLHEsvlyFl1bhiO1SWvT0uZFaDVIrc/7aZdzQsGUKsi49OTnFD215LaKVgfQGHGa1Lc547CqpV5p8GiuhJbWixFtKKNgDsaoZ7gBmJoafqMjj+LIzY4BbigzLJcSKkaszMcKAMkmpp6DXNF35U7dshlukvUL1beBS7ytpVa9LRZLNIYUAZVRVYD4G9VHQfDrdJtDcMf8AxTqCzH8qnkCr2KbzmVChZQBvXN83Wm7UT0h+hFTLqvY1rZ3TWVbBOy45oS6jRLeSSUFFAwqnfereeR0ICIVXA7HtxVResLuJxJpCqv1H/FZIlKkaNzaKxOnXFyQLc+YGGTtgr+lReZ1DpMuJUdoe6ndQPcVYokkUUciXAVmwBpJ9K/b2qv8AFl+5aACQqpXJCnZiK3ylVqUuwap4zTBb1VuB5iavJk4Yj6arRc3/AE6dWSYkK2ysNQ+32oyzu2aJY39SSKWC/wAu9RXiqwAAzp2zTozFbWuAaaucotYfE9ndKq3NssUi8smVx9iKluB+OXzBMskarlHIAYj+U45rJTrhjj96vvC3ha76urXEs721juGYNgv7gfHzV3pRM7s4QidRqsYCk0QRj16mxhvTxVdeTyyErEjN8kVpbu56J0d/JS0Eqrtq1Z496ntepdBuY9f4XywDp1KeCfesk018sZRrV8YwYJrG5m20MM+4q28MdKeDrUM0y6Vj1N9zit+vSLK7RTaurk4Kqp5pt10NrefzI10tn8o247Grvy72OcYTFbYdZfZXXl75g1qNLDsKqWImnQHcaskmrS/QImsKFY/Gwqqi9Vwqn7msOlKRqVJzlE9zcpbq2I1Zm4PsPis7c3zyTFVyuCe+asuqXCoGZSW7AUFZWqnU0mNWM+rtmt2hKmNzBquAVI7i4kCpqYn+tHJ0qXS3mMEK7HLcGrWEJbW7TJHhnBUHgAf5qFxrXWXOl13Zu/xRfVz0Dhso7u0eCQoJ0Y4BODnPxUNs7rIY8K2edqJ6lD5coWIMzFQ247/apI7P8KiPIMuy6t/c8Vo3Lbli6nkFRSkrcbCop5fSFJwKJnVUUlvqbc1TzzhpMA+kHmiid7yDd7ZPWLW9dre0t1GkhFBz22GTRcvU44WIG+kftWPbqYszC+rVmMcHsRTI5ZblZZS8mkqSCOK5f0L3NjFMtcmiu+tpkgSAADbLZ/Ws1eeILUszJAZJM/UzYUn7d6q7q3dU1u7FmGdOORQDQqM63PuMVr0vGhPc3kvdMrElza+J7yG5V20mM8ouwA+K0UPUukdUKsJxbzEEuznHq/xWDZ0VSq77812BAsZZtgeBmm348UspYA3vOUegq7wzeQ8nmLj0tnI+N/ailfQxVmI22wKzvh+5a5sWhb64vTv3XtV5E6yRBT/5iDck8iuRr6bi2vwaN6aDij3GCNKlVAzjbFceGZhLcGJkZVVXUnnjLAe2KmXMdtHKGUCQ6G1DIAI/4qReoxKYWAUiIsDuRnbj9dv2rRGlOPkZauk/iFWlzYPb3du8AikXSQxGpmGM5+T9u1VUyRw3cdxFdMrtHpZXOSWxgkn57fFMuPMMpucrCzHSQh2Ix/iglV5ZFQE5U8AZyKfVPG1LoXKSbrPZoEv3ECJG+pUA06gNvcVAL90BBb/40C1wqTxxsjFc5YD6s1FLMqzLGGVs/UzHf/tWeqp+ylK/Bcw3LPknI34zVilwERfWFHc+1Z5LtEyWZQo+o52/eqy/8QTXUht7FWVVU65GXKg/HvRw6fIDnc8I0XU+uW9rbySa8uvpRBuzH4FY/X1Hq5Z5xIlvqyUBI+2afYIfMZ5HMjty77nP9qtUNwiMoTVngo2x+TVVeOl/k0RKno5Z26ppSNNA40gb1bmwnK4iBk7lVOT+1C2SSSszSB1/3K3FXlpC6XAeJtSMuSxH0/H3pUTvZWpbTK2V7mOLQ7tE5UAxtsWHbc7VNbzszITqjK+lxq07/wD3vV49sbmIpeIGUAhHO/6g1XN0RkuSBL/DdAoIAJU42/StFaFzip/7ETrTSao6lzBKxUwkKfSFRsbf3olzEqq+lVXgBvUQfegn6Xd2oWSA+YoHrUKdSkdhRFtMs6Mkoy3DBh/93qTVy3NcP+CqUP5S8jY7hJ2aMopxtlRiiWg1uHVlLjJwp3HwagDRh9bKqqvpBxpJ+9OZtTrJExUHhs4+4P8Aal1KfD5IqafBx4kuGeKSMSIylXVhkGvOfEPhybpd4GRmltZD6HI+k/yt816fBGyoJw3pY4bV327VPc9HhvbeW3uY1dJVwxA4J3BHyKbo6dy/2EeRMak4fZ46mi3jzkfHzVfcT+Y2xzk1aeJuk3PROovaTglfqjftIvYiqNVOcnitWMdnHcuXySouwJqaJPzHn/iokZRue3ApPcYGAee1TBTJ5LoohRf3oYuXbJ3HzUerVvvTwdK5I2qYRFI8MFXP7U3UCdsZqPWXb2FODKvNTAWCdFUbnk0qjVxpyTtSqYIe99TsY723aORQwI9uK8s8Q+GjZTsyJpXkMBsa9hdciqrqdhHcxMjqGHbIrbqaStZXY5pNYPB5yYmK/mB3GOKHZnc1tfEnhVo3ae3QsOSAKyTwujFChUjkEVmXxeH2A5wQCPG53NPVC3Ax9qkRN96lVc7Y2qqooiVFXnepVTPFSCNFxk/tXHdEHP7UDeSjugMNx+tQypCq5bDfFMe6Ztl2FMVdRJarUtF5A57ZJj6U0/IoGSwdeGJH3q8EWR9OBTvw4K8DNPnVqeC99IzTWzg7g1svBvSVhQ30qapX2jBH0j3qvNqjflyauuk3ccMawhtM6nSuptmHtQ+RrVem5n2avEqd63Gjmik8lpZNWhfqI32+1BJeKI/QwznBwdzVjdn8JaRvM6s0q7DfaqV7ZV1OudTc6R71x9mDuTaosYetldMborFTq9TfUfmgbiVXeRh9LNqCk4A74+1VFwskbAOhBHBpouwQFIJYHO/tTlpvtBTUJh4uGcaF1atwcEALWe8QMXu4UJbJQZJ/KSat0ZfMUg5B7iqrrroeoKTg6EXTg5/etWhxqLC9Aa3MCsF8m7VXwyhSACewqW5YtGXC4BbffgYqqiuC87MfbHNF3M+mJU4AHGf61oqXuTETSU4QT0XpTdb6tHaAMIh6pWXsg5/xW36xfLZQfgrXTHEqhVVe1VXhOI9P6LLfOgDXZwrZ3VV4/c0Bd3D3E7OWzk7D4rBr09TU2ep/5Hac8bmAXOqWdQVZwD6hVhEqm3CR2xDYy2k5Bqoe9eO4KoiN2GoZz9xVpHfu8AWWzRVyCrKpUKPuOc1oqPiky5p5ykSJfXtpKGti0QHKruBV9YeKp0YLdasnAZmyVJ/tVBF1K5MhWLUiNgjSuBtV4l3bX9pG/UbRUY+lmbADf7gNuw7UqtOaXIVUvaJuptrdin/lkllVcHAPH6VQySvbszacsw2PGKdPo6dd+d06YSRlcvGTnTv9J/7Va21xZdaX6kV84ZWwuk+2KR9Nw89ot1tX7GQmuXllUPtvx71PDchZwS2O1aC58GyzszQAhQ2NRP0mqa48JdXiJdEVxqwu+C3bYVrlxc/gB3Ocomur1vIVDkkDNDL1Riul/UBjSeNOO1Mj6P1fWElUKgYKWY8e/wC1GT9It7FW8yQTN/Mpxjb2odsQsZyHvyCN1CIu0nlsG0lV0nAyeSfeuLcPJmeTZVGFDd6TtZKgPlnUNyS2arL+8e4bQgwq7YHFNid7wkDVY5Br+9aRiqtkdyO9BRp5kqq7aVZgC3sPepxbMfURmnLbn+X+lbJcysIyVNU8s0NzYtJEmhy6hcBtiSMc1yK6aJVgcABQBzgN96E6deXFqyhyzxDYq3YfFW99aW9/At1ancLhx3zWKm4rFdGlVnoqup9TuruVRKw9Oyqq4AH6UHLG5jDu+NWwUdqlltiGJJyR7mm6lLDWdxx8GmzSxwBh9M7HaI0ZZ9WFH5TTXRIm1LnBGwO4FHxQqYGd4yygcjOKEK7szErt6QBVTbbDU4LHoivD1CNWbBlGCo/N3BrUyRvbMrnPq2O2M1hunXjW/VreVGOpHDE+4zxXonVbhZIEG2QuRisHmzhpv2XFfLBwTY6cyjSxDk4P5fagGuSluymFdYfUGycY/lx7UdriSIxlNRZAScZ5FVc7KJB5TspXOpmPP2pUV8VyW1y+Aj8TE0bOgZckEoxz98HsKht5wjs5DAsBpOe2aq7u4Cxs5bAU4BB3NQ2928+p3UqhI0gn6sU/bVTuFtJGka/0RaQgLKTrZdiR7VSz9UhtcvKwZmOVVdzVb1HrGotDZAlw2Wk1ekbcCg7azeRtcrlmO5J3pk6CU7rYrdziSxe9nviASUiDZVFPP3q0sEwm76SeCO1AQWWpVxkk8adiKvbSyWFV1bn3I4pOpc9IYs4HLZuUD6DKpOMqN6fDdPb5BQj1YK43FFRs7ONDaccY2qwa2idVkKeY5XL4IBz3P22rPzWdoarb9xDaXqRsjuhCsfbBxWj6XJbMyzJMqrpw64IwxpttZ9Nfp4WQRyEAHdwGT4GeP70JPbW9hMJbW6VowATFqAZcj9jWuNO9HFPDX/Bmq51MyspmmmdNOl9LK35g3A/tQbwQq6yLIQh3ZQdWr71WxXzuNAGnJ3LHOT/ag5JnjlZQ+U4Iyefin35cPnbkROhS4yXN5drEodEYBt1KvuD7/aq14EZvPjiLszAu2sgqe/3qRZNduWf1NjdgPap+nw6yHjRmV1DMgIH670tutWl/+wWmokfBbfiF86QBtJ0tgc/pRMdhrw49IBG5HHyBXZLh7CJhDbBk1asrjjvn5xk0FB1drkMFJiVXYov05WtD09OFiuWL3XXRaeSZrNoY2WNlJXdc7j/7zT4maC3QysVZcKw7cVWwXZSVfNdlaRsFm3Gcb71JfXTalDqRFnC6Tyff9aLdDW7p9EmaztMt/qnNbydKhUqvmrIGjY/UAdmX7cGvKw+rGTgf81tf9SrhHvLG3VgQsbOQPZjgf8VhpHVcgfoKqc38mYtfCrCJWmABAPqxTVbUck0MpJqRc4+KtyJwEhgqk1E0xY4qJ3PA4pgYjmpMkCQ+FxmuqdRyf3odWLNxtUgy7BRU2kCI18xufSP60qkgUIdzj3NKqwUfRlRugZcEVJSI963jykv7TOXCZ/mGOax/WPDEV2rS2y4fkgV6NJGGU5qourR4WMkYOnuKVcTa5I1k8jm6Lc2rHMZZR3G9CSARA6hpx7816xcdNtr9Q5HlyDhl23/vWO8Q+FZ4w0ka6sdwNjWStOp/dAOcGLecscLtUYRnO5qd7d4XKOhDA4wRTljzzt8VScpcFEKppO25qZEHJ3qVYxnYYFPCqvO9U6XoEYFxzxXTjTvtXHmRdhue1RKHdstxQcsg4sX9Krj3NJbfJDZOQcgjsakRcHcbd6mjXnar6LnsFY334qCZ7iWVYmyFZzx3Faa28S2a482zmDHYqFyB85FVJ0IupsAf81BLfBFKov60NVvwsGmdao7NAz9P6nE8kWSw+qJhhlHuKq7jpWzLEQ35lY8/aqdvMc61dlYj6lOKS3N9CCBNrX2arWn+GaY8pY+XBK8NzZsSwwEOdPvmq67kjlmZyuktuR81PdX1y8SgI2rPq9WxFVrzXAbU6jA/mrRpw85YVeTLWMnRpiDFds8mh5p2kcLk7nFMmuHcn0/tQxZywbgg5Fa4h9sTWt6R6RdzrD062ton1KsaqFB423zVY9nfvGXEbKvGrHFLoniO2uF8u6tImmKhWZgQDjuPY1eQtaujGAPEzN6WViQPjFcm5ejTTXOTq6eorhKTNJbS205Z1LHB3xmtN0G7sihW4aWPCHSyvsAOwH71D1FWSNTJGuuQZDrww+R2NUMrtGx0NoDfl53q5urefYanjHo2VglrLFMboKoAKuZpMK5J2IzxgDY1Q9YWJJibfqSywomERnyy57L7/faqeTqly4VHGvSMKCcgUKxlmbVgj7CnzNYxSIklWUyWW7EKsyPl2PY7ChjLLIwkRisinIZTg/eruz8O/iWiY5nkkw3lIcALj8zdvkCrQzv0WCa2a3tVUjAKqGMedtm5Jx71e6J/kpuqfBX9O67ePGS8zmVNmBY4I96nm8V31uVEi6gdwQxFZ9rpYLoSIcjcMM/UKuEgS+g1jZSudOM0q4mXua4Yqljogm8U3s5Mbxq6k7b0M907th3BbH0rwB7ZqOK2LTuAMkA4/SoVjkVmdRkFsH4piiP7URVXTJhbvOwIXI454oyPpcMCiS7chSfSF5aoVuGhXYEN/SuzXxmgVHVsKCVOfegzb66DaLSx6b0+9BaCUAryjciuzdFETepQF51YrMPc+WQyOVYfmU4NXfSPE7uy2l+cq3pWT2P+7/NVejqYzLItRS8MmbpmhcgalbYMBXLISWlwysuYn2ZSNvg1olSMRNIjnUoyV7N9vioJhG4AxpZhx71j+pXVDFUvooOp2hhdgBtjIIPIqqWAs2S4Vc844rUXtuXgXzAwZBjOORVGweJmCsFHIHzWjRvjBKWUTxZjtmUOSpG2Rs1AyuSzFVyxGOKKicyIVbLKv1BTQk0gMvlRZ06tieTTZn5ZJP4LTw70Rrib8TMp0r9BxyfetHO4E0cZw2GC4xvihOmXKW1gqawrKNyTgGobed7md7uRiVjJCj3NYtdu6y/Rcy02G3b6pGZPSM4zVTd3YwV1Asf5dqXUr8RqxDYP3rMXXU3cskWfVsW70Xj+PVc+irtSuQ+9v4YhjBkb8ozwaCS4muFwzMqfyrtQkMDu2ptyeat7Oyd2ACE+1dGlGnJmlVT5HWsKoq6EXb/bViobCs6j9BRNtY6ACVG9WMNijMMoTn2rmamumzRMKUAQSlWwMkdsVorPWbcPJqJAyMnbFQ/9LCKuFVlY8Abij7a2bywEkUaR6Uc4Lfas/NP4l05SGJEZGfzInKNuXTGSB7A8GupIyelGZVBOCw3Io50ka38lXWNwPpAxrGeM9zih7hnhiZERW0sCSR6lHA3FFU7ZzkVNbnyiW2d5omkIDY9OQADgcUwqbq4CIjaVGAGGCT3qeDC2aIupWZgrMTsuRnmppVtrGzZ4kaWRWBLhjhNsZyO2femRpOpTbF1amnhA8jvDOFiLyrE2khlyWOOKfaIt0JJhlHRRhc7Ee5J4plrdaLtXkfByS4I3Kt3HvnPNEWqwpdJHOjKJWZWAyMoOGz/enRozTz+/QF25WCwsolmt91wHcDcYwo759iSN6NnKWyBGVVbTpRuyj2278UG1zDE7xQSLpYKFfJOkDsaHuLtPIw7qz6sKNWcAbgkd66K2ac4XZje6qBbm/uXuJrQzrEwzoDnHbGN/eg7C9ZrdZ58tKoIHGGwe/wCud+9AX8wupw7q30nXyck96YryskSyNpUjSXYY+2awVqN55NKhYRcLfvcys4jYLIoIUk6duSMf/eKlkmedkCh1jUggFtxVTA9x5DvliralVmOyLn6h3+KZf9ci6ZbGWVsMi+heNX+aU6t/H8jVKXJi/GF81z1+cs2Vjwi5GMAD/NZtpNTU/qd+bu8luDsZXLY9smhFbNdeI2wkzj3irdBit37U5nJOO1Qq3p2p2vAqtotj9Q9q6BqIqIEsdqkBCLvuarAJIWVVwOakiTg/rUKLn596lV9I+1VghPK2FwN6VQCQHnfNKoVg+l6RpUq1jxVG6BlIIyDUlKoQp7qyeMl4eOSooeOZZAUlUMOCrCr1lBqvvOmrNl09LjgjvQOSzN9V8I2V/mSIKjEcVj7/AMK3lm50rqUHAyME16Mkktu+iUEY7+9FjyblNEiK6nsRSa0ZrmXhguUzxie2ltsh0K9sYoJ3dtgMCvX7/wALW10jeUFGd9Lbj96yXUfCH4bUzo8S55VdS/0rNWncP5LIDnBjkj/U1KqY53NWrdKjQ4F3CMHhm0mut0lkAYOkgxnKHI/eluitrK3Gmo2uAmcc+wp1yzqzKB6QcYFDCF2bLZFWlu7IhPM8pxkge1JI99xmpljAB/5qVY8YxsKLKXQWMkSqPY/anMmBk4Ap7yJENsZ+aDmuHk9I/eqWWRrApnhTIHqNATKZSe49qnER7/0p6pjbgUyWpYPJXfg9R3qM2o9v0q2YBtgP1pCEauN6Z9Vk3NFULQqcjY/FXHS+py2yGKZmKH6SexpvkDjGTUE6Iq474oapai20N09a9OlUmmsriG7Z0umZkVCQOCD8VHfdKUWepdLFjqRweR3X71m7Hqk9hKzlTIrrhlY1d9F8QR3LNZ3GUSTdQex+DWe9DUh7p6R2dPy41FjOGVKxIkjK7Mv8pPY/NTw3LrE0QbKM2rTjlverPqlsqy+XcJsN0bjUv3ph8NyK2u1mWSPRqVmIBzjOn70yaVzljm1JbdL6mlh0ad0VFfTgNj1ZrEXvVLi8kZnbAJzpzVrIZY1aN1ZTjSysMb1Ux2ytcMjcBqLQmZdVXIOo3t+IKnmO4CKzMewFbDw6rf8ATpUnTEkWWUH+WpOmWtlaQLKHjYqfUrfUfsaffdS6dbRaUkJ5xoA3FDrW9RbJQmF8uWVtqgTqLIW+pW/aorVHN5IqaSuwKk4z80B07qgl66NS5EoZVweCeKnuFe0vgpYqGOM+3saJ6dS9r7aLi5ptr0Xj9MZ9LIFH0qQTk0HcWlxcalS3RdB0kquf0zxTbJJbmcotwVXlmDYxRYjvLRmQXCEagQc5BpU7pNGUzOXdjLHn0MudyCp2/WmpaqihpGzngVrJ3uGgZLyNXDjBddxjP9KpLhFA23GPSAtOWq3wA9NPkNserGK1WGVmxHkKT3FWNvdx3ch05LAZbPIPasu2AdO6rjDHGcGrTo7JassrNh2O3sPvSNTTnDpE3JPBfpMbhCsp1MvpyBsy/wCap+pWjxs3pGknYjg1bKHaD+HuzcaRz8/1qGRPxMWHbTpOAzbDPz7VmTc1lBzWUUls6LE8IXBxvQrRFWDlQAGyWrSQ+H4j/EN5GzkbKh2+xJqtvLWRF0OBpVvrU81onUTrgKaXRAzSBgASQ2AAO+aOu7tOmWCozAMu5H8xNAy3sNo4lcqAg2X+ZsVL0zobdeu1u+o3axI26Q76sdvtV7E/lXE/8kvU28TyykubmW/ck5QYwFWibHpzEjNs5HuFzXp3S/CHS4ojpUHI+sirROiW0ONDICw9KhAMj3q616a2xPH8iVUp5fLPOILS2BU3Fs8a45VcfvVhBYqYlkgdWDbBSdx9xW2uOiqqqQmocFlGxzwTVXc9LRZNBh0t2KnH71z9XUpPFI0RUV0UcAdGOUAGcHIzj7VYQnyyrOWXfjFEtaNboySLqOnbP1D4zTYkVHilJ1rk+iUEfptyPnakbXTGVUtZQY3lCIsyMxZfTh8EGo4nl06G0yRHOnXsUPuO4/vTSmgMiTqEbfSp1HHtg8EVHcSpgaSxUDADHOfery5YlynwStckgoCG3DMwXio2mDsxK7EgkDt/2oZVLxzziVV8tVbBbdgTjA+anR2tY4rglv4pwocD0kHbI77UcxV4z0BTmegyFzHgLg4XsMbd9+M1NduIbdraNtP4ogO/Ckdhn3opWeGcI6W3lyKJkZz6FU8qvvUd09raSnTEsisqsmojZvzL7YwdueK6WnoVMPDMFWnWQaS1nn6daum8yxyqoU5YquDjHOTXbS4nvrKG5eVlFm4UHHq0sME47jIqyglji6qHjZZGlUhE1gaVbuT2Pbb7d6oOqX8FrdlbORSSjJJ5bEiTJ3bBG29PqImd2f2BVOntCbrqEanVbswIAWRiB/EYfA9v71AkksrAA6ioIC49zVSlxIrKxOvUctVjYTOsxdlDFeBwKyVTussPG1YQRN0i5EpdiiRLgM2sDHx8mn9V6U4VY43DQ6w2oKdenHJP2qaPq9skrRvFrmU5LM/fsQO9DdW8XrAkckaKHVTq1LyffFMUae14ZN15RVdZ6jb2FuIy5DYwzD8y+2K896p1Sa/lBdyVUaVXOyipOr9Un6rePPK5JZiQOBVY2w2571o0dGZ5fYjW1qr4rogdSXrqLjtUoTIzinaABxitLrgxt4ODYV0ZPNLnmnKu9ACOUADJpE6jk/pXD6uOBTgv61MAki+nvS15am78U5V+KpsgvppVJoBpUGS8H0xilXa4a2DRH4pUqWKhBVwjNdpVCA89tHOpV1z81WSWcts2qM6l/wCKujTWUGqwQqYbkjCsMH2NFqySrpcBs9iKU9ikuSBpb+lCMk9s2+So71XXZCG/8N9Ov1JeFVY9wMVnbnwVJaSGWxkI915DD2IrWxXQbY7H5olXVxil1EUDtPLr7oxViZ4mgfuyjKE/2qrbpEjMPLdJCeMMM/tXsE9lb3KFXRTn4rPdT8GW85Z4sK3xWetBr7WTB54/TriJS8iNj35oWR2A0qDn7Vprnw51Lp8heF2wOx3BH2NV8yI2ReWrRN3eIbH/AONIcXL5KyZ542Y5Y700R6Tk7Grp+mMyl7Z1m74XkfcVXywyKxV0KnO4xir3LooFOkbDc1zRqOTvU3kn2rpUKPar3Irsi0hdztXGYDk4H9TTXlVeNz71AVdzuTVpNkwSPMeE700QltzuakSPSN//AN0/Tjk4HtV5S6LZA9ujDAG+N80LNZaTqU4I3yO1WDMqjI5I4qMq77naiVUuik2iw6X1iK6hXp/VGwFGlJu4+DV7YJHFLHHHOsqq2pG7D75rHyWyOvG9KCS8tDhGYr7atx9qXcK+ZeGdDR8vjbRtuo2kU07uUEjMd2YD23NYeVlSWRi6qoYjbc1PddWupbTQk7htWGXUcgVUrGAGZxgc5amaOlSTdM11qztxJyWaVwzM7Ig+cZoF52caV9I++5qe8uVnCxxLpRd+N2NCrCx7YrfKUrk593l4TOxyvFKsiHDKQQR2IrY36C+s7e+jwRIoZiB+bvmsb5ZBrR+G73CSdMmPpfLR57NjcUvyZblVPa/4D8fUU3h+wvU8Kh411as5PvU1r1No2y4LMdsnt96c9yI1ERiAUYDEDntT4kifLMNA+TjNc51n0ddNI5ddQkuoSiZRSMEcg063spJ7ZmC6mK6VBNR3VzBGoRGDNjZgNhVZP1t4WxG7ah2U4x96kxdcSiquZWWEy2JiZo3cHjIB2BprYjtzGM5Y8ls71UN1S6lYhVzk8AEmrC1jvrzTGIVDNgbjcCtDipXyaM++bfBd9E6k6KqXIZdvQSNm+AatLmA+p3wplGSOAAOPtXZenJHYwdPQAuqjOd8HkmmXFnLawEyTsy6T6W33/wAVzrqapuTRKxh5MreSSQSMI5WUA/lY1VzTyM2S7k/LGj79gSQT996qXbU5rqaKTnIjWvD4ZLaRG6vYomYnUwzk9q2U0axqqsSjKBkA74+MVQeGLZJrmWZ//TUBfuatZmZmLagCxxWfyqzaleiaHE7vyWXT/EXVLdvLizNCvKsNx+tX0HiuM4FyjRsOFYZAP3qntb+GwVEjjVmXcsV3Jqa8vxewSeZbxrIE0uyj6j2OPesTU2/waHhPlGjtvEKMw0ShsjjVxVivUra5h/juok+pWXkH5FeRXD6HxG7Kw5I2xU8XVOoIqkTsT7MM5FX9C0uKz/JeyK5XB6UbyC5ZoHkAUnZyO/8AigrpDCzI77MoGx+odsVTdDvGu+nSPIMyxtpJA7VNPdFlHmBi3CgjaslzW5zXaCSUvgYXCMzBiVUc08XKtb61xhTg7nJz/wAVVTXRjnMJYqx78ds4q9sZfIs7OCSJWjuAykkZEgJDKc/BLA07S0HTw+CatqZz2I20RsU8p9VwzhlQnJQD6hgDB7H7Uuqya7aG6E7SNcgM6lNOlht/Y0rzqg6eymyngLRLqLFcsw+kr7ZAG+PmobOS3vFeC4ZmV8Mhh9QTUc7Dt8j71v8ApzK2rs59XT+THW9+3kLG507hlDnlhxp9ts/FSJfxyXYWW68pWjYuvK6tsBffb7VTXsr2KCAyI8eoMGQhj+jcj7UGsutjcCFWxhV0MRg+4H9auXU/Fkal8l5cui24uLV2KshDtrwdXtjkf3qujndn8tAGGAoz/X7UK1xcEs0g1Nq1PnGNWOc9qkg3PmHSNW5X2A7UF4dcArhFlDp0rltKh9/YgVYyzx20LOQAdXvnUCNjtxVRLcJo0B1C6M6QeM1Rda6+qL5EJDPpCu3YfapMVXxlA1SXyYb1LrccLag2GHGk75rO33VZr9yzsdPAUGq15XkbUWLH3Jrmo8D9TWuNCY5fYi9Z0sLoIDAn+9dSMNv/AFNRxqW54o+FFVNcgy2PSv8Ac0dMQ2RiAKuX29l7mh3QszEUS8jMxOcn3rgOdztVZAYIEbPFTpESO/ycVOkBc5PpFF+QqKFJwOcCpuBK1kw2O1dVAKO8qPV6lLL7A4zXFttTnQuBn74qnSKwDrFv75p4i24o1LZVU5/U1xoxqwP2peSA6xAfalRkFsXcav0UClQ5ZD6FrhrtKugNOUqVKoQVKlSqEOUq7iuYxVEEFzXHRWGOfvTl4pGoRAc1gjZZPSf6UKyTQdiR8VbEU1lDDcVWCFelz2O1EJKrjtXJLRHyQNJ9xUDW0qHKHI+KhMBDxpIuGUEfaq286HbXKn0KCfiiUndNmFTpOrDmqaT7B2mLv/CJRjJDlWHBU4NUd1YX1sCssazqP513/cb16plH53oeaxgnUhkB/SlVozRW08jeO0c6ZInt3PLH1LQF10q4VfMUeZEeHQ6hXqd/4Wt5wSiAE1nbnwvdWbs9q7Ie+ng/cd6z1oVPMk/k8+aDSdxiurFp3OwrUXVoynTd2YJG2uMaT+o4qtl6X52r8LIr6T9DHSx/Q0tulwysFU7Bd6j1sW9Ix8mipbGWJiJEZWH8wqPyiO1FLRCJEz6jufmnqhPNP0Y+cVG8unYbmpnPRRJpVdztULsW9KD9qSq7kknaplQDBFTH5ICNbB9yPV71C/TUfdmLH5NWbLpG/wClDu+Wxj7AcUU3S6L3NcFebONOw/bmmPBqyAMCjSjO29dEHc/tR767bByyv/CBq6lq8bK6EqynIYdjVjoGdxv7VxiiDLbkdqv6lFqqHJ1BjOn4lAMkKWUc/cU3qt8zP5aZKqMJ9qHkPm0hKqBVljWTH5mzx+lUpWU8HR0PK420wZHmk9CLljRVp0Ke4bLqSM75ou06h0m2IJjy3cEHAPxRL+J4k2giB1dwdhUqtTqJNO6H20yzsPD9rCqvMygZ2A5+1WTXVhYMzgpp0+lfzA/NY+TrdxcfSyoPinpE10MySZPLEnJPzWWtOnzbDmpb4NHa9Q8xX6jryGYqoccAd6qb/qs84bU+Ixzt9R+9A3k6WqLEsuIlG+DzVJedVaUaIxpUHbNM0vG3VuS4L1NaYnnsfe3QZiNWar2n5AH61EzMx9RJrldWYmVg5t6lU8mz8JRselzyHHqkIBPwKM0g3KqDpywzkZxQnhVseH5u2JsHfnYUUr6rpVIx6sqM4x+tcfyM/Wo6OhzEnbuYLIwCnVn7b1E1y8salWxjYr70r59bEkgnO7A81WtdCGUYbCnYmhiNy4NFPC5C5bZmfUMkcnbt3q06Yluk6rcoGQLqUDlqqoXa4dmL4GRnG+RVzdRW0LLJb3DZ0bq22kgf3qWnjDZJrKRZdJngkvXt7VFAdCzKBjDDbGKb1BHWVgzBSzZIA+ke1C+F7bVJP1Fiw8vCqwPBJ3z8VZ9R/iu07nOdIz2PxWXVlTZN2KMf1eR0uDhssrDJ1ZOR71cW15JN05baSZV0EOuttlzjJB7faqDrlx5lxnSigbKqKAMf3rvmkQLlvyjvW+U1EtC7rcsMt7m9EzDzQH0gDWuxkA2oa2vZIEd4XdWXdtJ0kj70LbXCq4JGoA5045FOmukM0gt1ZIWGQrYJH6jtV7W+TNTSeCRZkeVWkDaS2WKnfJ71PAJrfqJeF9egFdQ+nce/b/NCOyR2CBZGaV31FBwoA2J+a4LpE0vG7qSPVn3Bq9gp0GzzszsJEVWGFOkbE++e9Na4WJdbsuDnGDzigJeoJCwd2DDJY57ntVRd373JABKqBgD3oo0XTyDVqVyF33V3kLJG5A4LfFVTOWJyd+5NNLV3djWuYmVhGaqdPLO57dqkij1bniuxw5wTxRaKoI9OcUNUDk7EqIAzDJ7CpHYuxJP6VzTqOTz/AMVLHAXx2HvSWyiIJ6vc1NHAzbtxUyQoq4xj/k08gBRjgbVWQWMB8vjANMZyTk09lZtlGalhgXVlss38oFU6YIyNHcjOy0Wioi7fqfapEsJnTW6iKPnU50iopbqytdkY3D+y7KP1/wAVCDkhknb0q2nG5A3pzNa2zaGbW/dE9TfqeBQrXl7ft5Mf8ONttEYwD9zya13hjwbrZZrlPkKRRTDplqSDoHh+66rIryJ+Ht85Kr9Tfc0q9LtbVLWJUjUKAO1KtC01gPaWtKuBs12mEOUq7XKhBUsUqVQgsUqXNIioQQpUgcV2qIjhpUqRqEEaaVBp1LFQhG0SOMFQfvQ72a8oSvxRVKpggAyTR8Ake4rqXDDZhg0bgU1okflQf0qEIEmVu9OIR1wQD+lNa0XlCRUbQzJx6qhMEVz0q2uVIZBk98VQX/g6KXLxgA9q0gmdPrQj9KetwjfFBUzXYLk85u+g9StNh/FRfyuuoYqpmhhDabmyaBs/WhJA/SvXWCSDBUEfIoG66JZ3SnVGuT8UmtCX0TDPJLjpbyKWtXWVBzp5H6UB+EZW9anI23FemXvgtCxe3dkYbgqcGqW96P1G2yJYEuVHdlw37ikVp3PRWDG+XjjiuO6puP3NXj2Fq+oOGtGBwFcEqf1qvn6PcIS4XzE7MhyKDc08UisFY7u7YGw96SxZ3JyaI8godJBUjsRXQmkfPeiyvRTIlUDtilkAc4Hua7IdK79u1DO7udzxUXLJgc8ijIXn396gbLbk7Zruk5NSBMgY5o0kiEegnYfvTGgLqe1FrHjnj2pN6RnGB71W7DIVr9OL7gih2sHTOh9/irZmLDA2FR6D2GfmmTq2glVIqGS5Thv6V0XV8gwrY27LVwIuNv1rhhBOy0z6y/uQa1a/JQSvcTNmQsx+aiZWHIIq+dUTYAE0K0AdjkYpk6y/ALtvsqdJroU1YPZgDP8ASmfhT7Uxaksvci+8N3MUXSpFb1SK5YqPkbGu2zGTqqmTONyQD2xVNZubW4Vtyp9LDPIq+sIXl6gromVwSPkYrFrSpqq/J0fH1FUqfwPv9mIwQue9UlyupcHcsav+ooSxYkAKKAsrP8ZPrbOhWGfkUrRpTOTXqVmcFfbSzQMoIbSO/wAe1FzX7YOT29Oa0qdGt5YmAGOy6uaz/VunrBfmGIs7adRQAnSvzRqp1K5QmacLGS28I9Sge2u7CdzqkGpFzsx7/rRsiSQQSPO6hlGFUHJx2yawut7eYMPQVOQR2o+fqM8sK6pCQR70Or4+6909MONVJcg/Up/MlY/NSJNmBckn04BFVs76n5780TGx8lSfatThKEhLvNMMS4dmBLnURjV71JG6bu2NI7E81XGQavtXXuAsYycDO3zQbMsVVIMlugrBYznuTQlxeBWwDlvYGgnnZycelai44p06aXZnq/wTPKztqY59hXNRb5qNVLH5oyC2ZsEjajpzKFZ9sjSNmI2oyK2wATU8NtpA2oqK1eRgqjP9qRVkyCiDC1JHbu7aUXOe9WsHSmK65dl5x70UEjhXCD9hS22yFfF08KMucn29qlMQX6RUwV5mwiMwXnHAqUw20C67y7RBn6E9Tf4peX6IA+WSdhk/apoenXE5JCHSOTwB+tcl6/aQrosbMMw/9SY6v2FV111O9vm/jzsV7KvpUfoKva/YLpFs6dOsh/4q6DMP/TiGpv34FCv1vQCljarCP539bn+1VQT3qWOJ5GCopJParwvQI+a4uLph50ryHsGbYfpRnTei3F/Iqoh0nvirfonhh7l1eVPT7V6J0rosNrGoVADj2p06bfLLRT+H/CUVqqySIGb5Fa+CBIkCqMAVJHGqrgCpABWhSkuAlwcC0q6T2FKrwWFFSvFINjmiWi9qiaP4qiDAwNdpjKQdq5rI5qEH0qSuDSyKhBUqVKoQVLOKVLFUQWaVKkDUILFLiu1zGTUIKuEe1dxSNQg3FLTTqRqEOHFc2pVyoQ4yKw3FRvbo35QP6VLXKmCA7WoH0uwppimThg1FZru1TBALXKv1If0pNJG4xIv6EUYVFcZEYbqD+lUTBUXXSbC7Uh41ye4qguvBigl7OZo259LYrZNbRsfpx9qY1oB9DsP60NRFdoraeb3vQ+rW4Ou3juFH5imGP6iqqVIAQk9m9u3BYbivWWtpcbMrD2YUJcdLjnUiW2R89xSK8eX0VtZ4/d9Kn0mSL+KnOpN8VXNCytupB+dq9ZufCVuxZ7dXgY914qmvfC14uc28VwvvjQ1KcXPXJW08/WP33qRV08D71ornoqwZ8yyuoj7hdS/0quuOlSMM27K6+w2b9qB1WeUVhlY0g7bmomy7f2ol7OWMkPGy++RSWInOE4+KvgmCFU96doVeefapXUxjJ9P3oV5S2yDNRc9EwPchRk7fFDu7PsuakCM25pBBj5okkiYIFhLAsfucmkVxwKnZQFBPb2py2k8ylo4HZfcKcCr3FNMDK803QWY52H2op4WjbTIpU+xFRkjtvRKiYZD5K9u9EWVzcWMoePJAz6fb7VwBjwMU5QwGAcD4qOsrDDjdLymFyXkMy65WkJY+pWHapIeq2yMvllVUEAA4H70EqZ2OT75rjWcTDJVc/IoNsYwav6m32Xi9dRHZ/NUjV2PPvQUd+i9cm6h5yESKVXBzgYxpx9qq36dB2Un7UO3TkDZUFGHBzRRMTnFMt66faLO/t7OZi6tpJ3KqNv0qvmtY09ELswAGSff4rgiuUAXzFZRxq5p0ImjYsJN+PStHOZX3ZDetGAM2za9JX75pTyojBARnjGeKLlFw+cSHeg26bO7ZALE87U6amnmmLrVnHxB/MHb1E/0qNmZjuSaso+iXLkZXSPc7VYW3hqR8ZO383AH6mjdyuhFVnszyozcA0TDYu+MKce9a228N2qtpku7dMbnLg0fF07oluoMt3G5+XH/FLeq30Bkylv00ZAALN7AZq2tuiXLjaMov+4YxV1/1jo9jtBoYjnSuaEn8VoSQkbEdtsUt032ysj4eixREGV9WORRKrbxD+Gg9thVHP4lun+iKJPY6cmgZOp3sxOqdgD2XYUP8E3JGjnnRFLSOqD2Y5quuOq2qEaFaVhzn6apGLucuzH/3HNLTQ/yR0wy46tczgqCI1/lWgmJdssSx9yadppwXPAq1+wPLGKuKeo9qljtpJGwFJz8Vd9M8PSTspdDj5FWpbLSKu06fLdOqqhwfitp0PwwqFXdMn5FW3SegJCq5QDHfFae2tVjUYUU6IXstIhsenpAgAWrJECLSVQBT6ftCR2lmuUqss6aVKlUIWy8V1vppUqpkB25qNu9KlVEIzTkpUqhB1KlSqEEK7SpVRDlKlSqEHCkKVKoX6EKaaVKoUKlSpVCCFcNKlUIcpGlSqEOd65SpVCHa72pUqhY010UqVUQXvXDSpVZBpprcClSqSWMkVSp2H7UD1OytCN7WE/8A+YpUqVZXsz91bQYH8CPj+QVV+TEGH8NOT+UUqVYq7BKXqsMXkr/DTn+UVnwo1cDmlSqT0U+zjd6Y3elSoiix6VDE8x1Ro23dQabfXEyXUYWZ1G2wY0qVV7IEdWVTErEAtp5xvVFJ9RpUqkBCX6qlXmlSoqLFJ3+9Nj3YUqVD6IGOo0cDigZOaVKgnsFkYpDkUqVOXRYXCq6hsP2q0iVcjYftSpVRSJGUANgAVm+ozSk48x+f5jSpUa7IwanLSpVbFj1prc0qVUQR+qktKlUZaHiu0qVCUOXmioVGobClSopCL3parqXYftWy6aq6RsP2pUqfJZobYDQNqLWlSp66LRJXaVKrCEa5SpVCHRSpUqhD/9k=', 'Chả giò (Nem rán)', '95.00', '2026-05-19 23:29:30', '280.00', NULL, NULL) ON CONFLICT DO NOTHING;
INSERT INTO LichSu (malichsu, manguoidung, duongdananh, tenmonan, dochinhxac, thoigian, calo, danhgianguoidung, khuyennghikehoach) VALUES (3, 1, 'data:image/jpeg;base64,/9j/4AAQSkZJRgABAQAAAQABAAD/2wCEAAkGBxQSEhUTExMWFRUWGBoaGBgYGBcaGBgdFxgYFhcaGhgaHSggGRolHRYXITEhJSkrLi4uHR8zODMtNygtLisBCgoKDg0OGxAQGzUmICYvLS0vLy0tLzUrLS0tLS0vLS0tNS0tLS8tLS0tLS0tLS0tLS8tLS0tLS0tLS0tLS0tLf/AABEIAM4A9QMBIgACEQEDEQH/xAAcAAACAgMBAQAAAAAAAAAAAAAEBQMGAQIHAAj/xAA/EAABAwIEAwUGBQMCBgMBAAABAgMRACEEEjFBBVFhBhMicYEykaGxwfAHQlLR4RQj8WKSFSQzQ3KiU4LCFv/EABoBAAMBAQEBAAAAAAAAAAAAAAIDBAEFAAb/xAAxEQACAgEDAwEFCAIDAAAAAAABAgARAxIhMQRBUSIFEzJhsRRCcZGhwdHhI/BSgfH/2gAMAwEAAhEDEQA/AOWI4tAnu69/xxwiwCRQbzGawUCN/wDFa4hsgWBqYKniU628zQvqcUVKJNaqEqArdtOUeVZw6fzHemQZ7E6hNTveFEc60wzeZRNT933jgSKEmaBGfBcNlQFEdahy5lFXM03xg7pmNzYUDgcK44cqEqUeQBJ8zyHWpFbljKmWqUSMoB6VEtMaGrRheyL6h4srfmZP/rb40ww34fnVb07+FPv1NJPW4F5b94z7LlPaU3BMEm+lNHYCdKtg7IpFg4r3Co3+yAV/3F+4UlvaGEnn9DHr0WQD+5UC6AKCfxE1ZsX2Nc/K8k9Ckj4gn5UnxfZfEoMBAX1QoR/7QfhT8XUYG4Yf7+MXk6fOv3T9fpE61+tRKXF6KHDXArItCkH/AFAj3HQ+lZY4fKjvGtVhl8yMhuKgYCl6UfhOGncUfhW0J1o3EvpbAJ3rS4ngh5MAW2GwSdqr+MxJWZOmwqfGYicxk3oBkZgSdBRoBzFuTxN8Hhi4rkBqaJdV+VPsj4144vwBCQEj4moVgxYUVEwbA4mYJISm5NMXHAwnKLrOvStsM0GW8wIU6r4UrWDJKtazkwvh3mJ3NOeDcZKUkG8aUgErVlTTNDIbEfGscjiexg3csDPHAbEQTTdtlSvWudLflQjY0yc4w7IOciNBQlIYyXLyjh6qnTgKrI7YkJSNTvUqe0Sl+xc8qAgxliWD/horFJAMWq4TFerJ7aUdLcKUCfF0vFeIIVMkD50bj8iUkR5VAhjMkEzYW6eVODAi4koQamFOmwgKnmK84saZY2tWGW8wIkwDUuASpaikAExYnbrW0BA3haWe6bmIkb60f2RwGYqdOgsPOlIwzpc7oDOrl+0mrVh8C7hkoKl/2gQXUBMqSPzRzNT5zS1e5lGEW11sIYjgLmLdATIaT7S/mEjc/Krnw7g6GUhLSco1J3PmdzTHhPEmlstqwisqYBjQx/8ArcRTBQBJI0JkDYVws7vkOltgO06uKk9QHPeBNsmJMxPxuffapQ0Bt6bmZ3o7Ja5gTP0rBaI9foKV7mppzXAHGr6edaONcj8qNdSI5gHWgHwo6aUDY6jEa5Api8z6j3zUX9NqPvW1EFPPbrHlHOtlX5dP80jiUByIuxeBtCkyDtqKrWM7MpAV3RKZ2Mke/Wrq4kfZoYtje33503HnfGfSZjKmQesTluO4c402QU766g+Rpa00twR4rakiwrrr2FSqxA91j50kxfZhK0OIS73YULQM0H1ItXUxe0EI9exkGXoWG6bjxOTYhJUvIi4FSobyjJaedWgdjnsMHFSlyLeCc0c8igD5gTHxpJi2O71BB1giD7jXXTKr/CbE5b4nT4hUXYtQAivME5RJ12rUIzHMdNqlWoJEmm/hE1IHTl0rdxcpg686EJK1U4w7CUjxiTWsamKtzXh620i2tQ4/GlZgVBiVePw2rJEXiKwKLuEWNVJGkBIk0MtZUamPj0NqJZeQkQEietenrEEQijeHulLicus1tkzJUoJiK2wTWVOci50oS201V3lxf7RFEAm8Vmqth8C89KktuLjcJNepNKOTH6mPAkOLYCnQHAUJCc6gNY1Av51BiVDJmbMiY6jlU/cPhwrUO8KrGdxXsU8shKUsZEpMmJOY9TWjaoJPMhW13SI5C5HPWpeFMKSjvIICzrtaoMS4jKoJSvMvXNoPLrRCsUqIDspygBAnYctqIk1MFAxh2Y4f3+L7xRhDXiM7kafGKsPaR8lCkjVdvfVPYWotFtJIUtQJPMDQU7wmAfXkQELHVdhpe6oipsot7J4j8ZAWh3k/B+IKw8JRNvyzaN55VduF8azEFKgTunQ31FVbAdln3FhttKQTPiUq2k3KZPwo0fhjxEKzBbE7EOL+qKS6o/eOXIcexE6I08sKBX7JiBGlvOOdHJcRA8QBOxI9fmKgwLb+X/mGglW+RWZJtqNx6/GtMVgJ0921TnF/xhkqTR/SF/0yVDWOnnpQqmCLKF495pXiMUWiM8gWGaPDyvy86YsY7Mkq1Tz3vcxzpBrhhUYFYcGxI3Gfv6VAtqPOj23W1/mEz5fP1ohnCE6xQ+5D8Q/faPiiQ1s4Mh1v8vu9HcRwuSBIJ1A3uIJigltRrU74GUx6OGFiQpamw57fetDLaUDpHnTFCuXvrK0A0Aw/OMGQgxOtqNb/AHaahxTdoWEOII9lQCgQdRfTyFOFM77fCluIaCVRt5/xWepDYj1YPsZUO0HZZhSFuMJU06lM91MtqjXKTdKiNJMTHOuZ4oLKsqkqSeRBB9xruziNfjF6X4zDtrhGIQXGhcRZbZ3KD806Gur0ntIr6X3+c5vV+zVb1Y9vlOSYXCRWcXiIGUa119/8PcM4gLZWspVooEE+6PhG1A4b8MMMnxKdccM8wB8BXSHV4+TOWemfgTlLDMXOtR4lRV4UgnyvXbUfh5gxBUhRHLOb+dP8NwxhpAS20hAHJIrD1i9hCHSN3M4Tw7szinAMrCyDvED407Y/DnEqiS22OpzH3CurPkgxWyjSj1jniNHRp3lNwf4dMpRDjy1k6gQkT86d8M7O4dgjK3JG6iVR76ctqrVWsi9IbKzcmPXEi8CENkRa3lXqhZmvUEZOdobAv9+taOmRaAKkUNtzavJRl8SleQO3Xp61XJagwwCDqB6ioMdw/DNIJULga6TygVjE8blWVkTGqtBPmaWYlMEqcJKze+33zohfeCa7R7wnDssYcPuylTvsAe0AdLxpFz5xtd7wtDAJ/wCXSVXBKnV5r9TIqvY/hj2KCA0LNs5iFW5ZUga5iTHzimnC+AnDNZ33lFRAJQkSGyTOu9pnb5mJlZlLhtz2juhRCf8AItg9/Es/A+LJw4KVNKUqfaCr8wDzO3Wmv/8Aaxq0vzAHyBNU7GvBNgTKbm14Mx/jqKjwGPLpKW5WRcgJNvO2lRE5SLnST2fhzpq1b79+17c/KXpvtqybKzp8wP3qUccZVdKhB2v8qpH9RsQKLxGECcsgSoSMs9OUGbihGZ1ij7LIoq3PG0uDndupvCkkb70gxPZ1xCwtlwhOYZkG6SJvE6H7mgeK451tod2hYWMsqg2AMixG4ImeVE9mu2AcIZxICHDZJEhC+l5ynoTB57VdiYZV9UVkwZMQ1CRji6UKKHU5SboUFSnkdQINjba9EOcdfbju1yOniT7jUnafs8X05m1QUkmDooxof0nrXOmeJutvKRBw6xModcSlJvl/OQhUxqnWLUP2U8jb8J77Ug+IX8jOhYXiqlnM5BJNzH3ttTxDwWmw03iqHhuNylXftd0dlggoJMbz8RNMUcQUlOZKpAsMptfeJpA1IaaU/wCPMLTY+JYM1zAJv7+cVH3l4GgpXhuK2gggx10nrtNH4N5tRJJva23+f2r2nVCK6eYax4piscUwY7vNpH3FZGKSkSkG3uHmT9KHx3GC4jIEx8/4rzooQg8xSjIXBUbRUl0cprVaQevwrLSo1JB+J/atxeufU6JkGBxa2CShUCbpOivTn1FO8NxhtyQuEKOkjwz/AOX7xSbFlMaXjpQqU30B2++VUpmYbSbJgVt+8uTjk+WxHyqAr9areDxbjUZTKf0G6esfpPl8aa4bFJcmLWugmD5jb3VUmQGRviKyXEFROgtWGxuaJQlK02AA2qJJG0elOi5gj0rZpcWOlQu4hAsTURxaedenpJijBsq3SvUIrFJO9eooMogxpQfYtz0j3ihMfie9EJhKf1mZPMhOw6+6vOggd4+c6vyo/LO1t/49Sox+OKiZqwCSE7TbGvgJyN2i4OhtuTzq5/hZwROIDmJdTnKDlQDcBQAUVQd7iK5s9iOWtdI/B7indtlKjH9w5p/1BMH75UHVejFZ8ibgt8lDx9Jb8fwJSXEvKUUoeBTKZBSqAACZ/MnfmBbSq92j4j3CsmUrUMuVJVsBAV8DOt66qoJdTlBCkGx103+XwqvcW7HIdWXVOeKABKQYgnWIO8VIU3sbiMx5gCQ/eUPCqUC0pxtS1u3MTlSkJTlSUkwFGeVOcLgkd4ruUwlUByDCSJ9kKEyY9BUPF8AMOoBapFrTrEa8tdz1p/2eeZxCS0FhLyAIbMJXG8AawInLzrdDOaG0sZvRqbYRW7xJxSyhGGRlQpKZPjSJiALxIBpPxXtK2lakKU8oA6oUEptsExzG9WnHMKwxJAhtVyZPhJAFz6DXrSLi3DwtBKCEpVdQATcnVRt5D0pfuxdGMxHGwJbfxvx+8gxODQ6lJYLhUrQh5Kr81JHQbRcVD2m4Ae9VkAukHKB0gwDzvvQ/AuDhLqV94RlIskBOe8hKhpJMc/KrTxhKv+uXVNgkhaANxGhiCI38qB20EaZjYMRPp4P53IOy/EcU0oMYhlakQIcAzFHLvIvHU6bzqN+3vYsY1AcbgPIHhOmYa5FHlMkHYk8zS1XaNK0Qy+i9yCgpHLxqGgvFWPsvi3chQ6ptafyltWYAfpJ+U1VhyvdMKkmbpCi77yg4stM4dvCBxKXm0wtQS4pGebpzARnmfD1iKZ4RlhpoKU8poJ1GRYJ38IVPhm06VZ+0GFUkKcbE7mNZiPU6D0FVniWEKmfGoZlTuLbqHU2ietS5GKvpPm/92iBlINAf+RerGsq/uIKsogkxYSYBt5RFG4TiQInOFeRnXnVTwr4bCmigFKlX1HTb50+4Z2RdbKlq9kJBSQb3NwYt4Rre9G+NVs3Xj5zo4s7mgd5YF4zwlGhGo0N63ZdiL+tVnDl1pJLhCxKoIAmAYBJFjpYcqZ8P4i277KpjUGyhztSHVhvz+EsVl4jR5ABmfLlUrWmu23Pa9aJdSRA9TW+HReNbVLW+0aTtvB3G7VApMi216JxarwREVohMUvgwrsSEHnyqNKykzPkamI/xtULm83pqNUU63GOGxpWTeAfa6bT9f8Ua9iSfC37O53MfIUgw7pQc1rajmKsHCcQlQKQLzIHQ6+79qvxvYkGRKMHOGUTKoHzrX+gHM00yiSDY1qWxTIqAowaBXqLW2K9W3MqcLxmPK7k6/T6UtddO1RPvlfToK9AjyFdhUAnIZyZlCDY9afdluI9y/JPgcEHzHsn4ketJgnw+mlbqA8KdOvOhyqMilTwYWJzjcOORO08E7TFs+Ekp/ST745b1dMBxtp4e0JI0mD8da+fWOLqSQCDGgNWPh3EwYAVv/nWuKcOTDxxOyTh6nfgzrD/ZxLpJUswdQQCDGljPM6Un4l2HQ4oFso75MLStXhUCiLjLeLgE7WNLeGdpHW4BUVgG4OnodrGYqz4XtY0YkKTNs0WnlNFjzIOdoGTF1C8eoQDPiWysKJULApWOgmF7jrfcUhZewZWpCnFtKEiIVE73AKIvvXSm+JtqTqD6zSl3s2y48MQBlJBsPZM2zdDVAVW73EDqK2ZalSRwpoiWsRmGxGQ/EDahsRwtRcT3iitsC8las210yY9BVj4g1gmV/wB4tsrNgpYDeYcw4IB1586Hf7vMO6cCgQYCVJWD1m8+80s4tuJXjfETtK0x2PZW4ShTjY2yCd7eE2i2lEo7EtlSu5feQuD4gBlBvFgASL8/Wpe0OOVhADK5Va1vPWx8ooVjtBiFixaKQDcygkRvAPL+KArlAu9oz33qpGll4NhnWmi2+8h4JgJVBSqNgoEkKNvPzpF2vwq0NBxpCVIzHNzTmvIEG2aPfUGF7ZpKgi2YgykEGCI/NpudPhUmKx5cCiVltKpBEiFTzOnPrQF2usgkb4kezc5zxFxQUIEAc96uPEe1yXMMG2wSpTeVdiCk33j1typPinWgTlWlV/1AxPkaXY7GdyJBBTN7jyF4+FOoZKGneNxUqUx/qT8Ixrl0LTmgWJvvIk62g1DxDDFKEvpJkKIEGCbyL9PrRaj/AMuVqlIKoNrwQCPS9MMZk7liCnu1tkJOozJjvAeS5PrNeLENYEY2B0Wgb8QXhHaNeTxeKPa/WBzIAunrHmRVn4XxdC5KVQRsoGR/FC8K4ThnEpKSWXBoeR+npFa8T4YcO2snuVJSmQsJSdCLWA3Kf3qfIuLI2w3gY+rZfS0aqeJMqj0rdxQOnuqkp4o+2ErSUvNquI0HMan7+L/AcaQ4PGC3GubQ+VTZOlddxv8AWWL1WM1ZqNkp3On3rQrun3zqUKCoKSCkgEab154R5nytU242lNgwNUcx9/SvNYsoUFJsdaw4jUxbz51Asino1RLrctOGxgdOcWjUTv8AtRYUDcVTcK/kVIB69RuPhVj/AKxASDIgi3O/SrkbUJC66TDVvhOteoD+pFepsVOBITc9bVM03BOvrWzLfiB2it20jML2J1rrkzkATCBqPS1TBANtCTp5VsEQbdf81uhNp0sL0smGBMZyE7Ez9xT3s5w4PMrcJUAhQmNVHKDAO2utV4AZSQdtTyGldq7JcDQ3gUIMSpIcc3IWpInyiw9Kn6htKyjp1trlIwnEFpmUlSQYIHtJGxE68iDTbCYlKxLZmb5TrI1lJ89asp4KgXExQ/Eey7SxnG3z2vXNcK06mN2TvFKMWtF0qI3sb+6nfDO2akJCHEhQi0CNbn61VsSy62opBzgfquf92vvmg/65MwqUHrceWYfWKBEZfhjmfHk2yCdh4DxzD4pOSAqR4kKyn4HWkvGewmEfcLrY7lXNo5QepSLT1qgIUpMLQq40UkzbzFMOFcddaGXOSJ3vr51SOqYLREmPRAMWxmMcf+Ga+7VHEHlun2Qs5m98oIJJ3jN8KpvF+E8WwCO9eQktSJUMiwJ/VFx56aXrpGC7VJnxzrIMaj96e4fjzLyQMwOtj93pqdUjbH9YhsGXGb+k4jwbiDrziQlhClbBAyzzJ1k1eFl5kAqwygCkXStCpmxNymLkC/Or0jh7GfvO5bz/AKgAFQqRc7zfWk/FsA8tagoBxAzZADa5ke6TfoKDLuLAlWDJjLBePN/tKbxxSVoyllWe4gtBZB65M0VWneEs2lqJE3SpFxrYgVbcdg3WkkLaKQDM5YBFovvtUDOIUlJUFGdgDp1Vy6Ckr1BXav1nQPs5XGpWB/WE9kMRhsQ2MKvL3iLpCvFIEEKTzjcdKM4l2aRlW0poBonOktWAVASSEflkC4/eaSq46oRIlSTMkSbRHURBvNWDgnbdCiG34BUYSqLEk2BA086Za5PI+cHJ0ufENXI8fxF2C4OnDsJdlxachJGRUZpjT2hHp16yYnFttpJeBaSRABUhWYkWV+bIBcieQq28QKinwBKkxYTf02UOlcy7RYYurICVJUVEkGwkwnORqYAEQYtStJL+r85NtlGth/MG44StpIZUjITe6lqJGxn5ChuFBLbTinLJsE7FSoNgLwdL22qPiOVrKFJJOXMhMlKEgiRJ1Usi586Vr4j3gKfYGsCSCT961SELrXacrKjtuBt/1JsJ2odYVZKbm51UdoJ39LWq0YftO0rWVAzCgIPkR6iqC42b7gajcRyqNtakEkXBBF9LiD603J0mLJ23k2HqcuE7HadKViUr8STI6fdq0K9v3muf4TibrBsZTa3SrTw7jAdSVlJAEBR2BOgneocvRtjFjcTrp1gbZ9jHApnwpQKSIuD8D9mlrLySDEHrOlSYLEZXOhBHuv8ASlYyQ1RmSmW46KRyr1Cqf616qt5NOVLYy6iwG3199RoRy/SfT1pvxIf2kmTmOaYG+aJPQaVAtgd0VaicoCTGgGp5V0Q205pXeAuMQrKBsAY/fepXWIJCjPTS8RFFOswnOdZASB05++s4rCqLZcsCpU32g/xXtU9phvZPg6cTiwlYlKE5ljYwYSk9CSLcga6m06pCwT7BOVXKDb9jeq92D4YnDtrdX7T5Sd7oSPCeklSj/tNWvEoCQFIlWabCNotfUX0qDO+ptu0vwJpXfvGKMJMmAfKgOFvOFTjbictz4NfDFlAiZ6ijsespuVkJ5DXnHWla28yyuIMQFC5jqR8qR3jRbCLO0DIhASoJQpRS4oRM7ZlTYWi3woPjfAWw21AsCbi20z1vHvpq82FEIXfckfDrUeHQQrKtWZnbUlB3sdRppy0rwMMiUt7gpQrM2spPSR8ta8S4mM4Cuo8J6jSD7qvWK4Qoj+2UlPIW+P0pMvBQYKbdfvzrbvmYNvhldacSTZRSeRsf2J9amQ+pFlAm+uh86PxPCUnkRfSD5g0vw3D1pORJmdEm4PpsPdWFQY0Zj3jPAcecakNq11BnXpVl4T22AKUuogHUiPUwR9aobycphxJQdJHiT6WkV5LKoscyeY8Q/egAK7gwyuPIKI/mdS4liW8YhTaXDBGqdUkGRRnBeCstYfIsJeUCZUsBRM8pFhFceS4tsHKopvBjlTTDdpsQ2JCyo7hQkaWMc6ar+qyLi36c6NGNqHMeo7HsDErSUKLKyC3lWoFClTKbGY5TaDG1H4j8NGAQpDjqCCCJKSJGm0/Gh+Cdsm1FPfJhSfZMXk7yNPKrXhuModvII2imK69zFvk6lK0k1KrhezuKwaiWnQ6yST3KwRlkz4FgnL7o6b1BxDFoUcqpSo2CVpMzoIVp8aseNxLzS8yAHGzqkA5h5Df0rzOLaxLgZU1CiJAWmNL7iRWlgfTA981Emc5x7AWhPilG0QoWJAN/d6VXXezLilS1lI84+FdL412ZbZMxkJmVpJymdMwNknrVePBH0LzeJadssEX6pvHnXkY44IzqeZQ/+EOpVNiR9kQdqycAULUCP7ZI2umdx5VeG8MoG6oPKL/HQUuxuYSAjoIEztJii+1WaEmbDidqBgHCeyyivM5lU2LWMgnryG9OO1fDm28ChKUoCiuRpmA0OUA6Wgm9B4TGf07pdUglChkVl2MJPrS9DrbrxJKozEoBJIGYzodJ1pSnI+QMx2EViZcjhXO3EGwDrrZSDMEWkaj61YWcRmKVRl9anCidSCAbbR5cqhdZB3Pvo3UMbliA47FydWKH6q9S9CE3Eacya9RTLi5hPegJ2zqzTMqCZNhHMn4Vrh2CteQ+wFEnmTlkDW0VGMSUFJBsEkzEqMi/kOQrODytrgqObKrqoZoOvM3HSqTJRNEquUqBJBUQlAKo28RA6H4044Hwf+oOHQr2M6isbKylSjPIQPeRQ+BfRh1uoA1QEhZ0zFV9T5yelW/sJhgEF6Qc0hM6wTKlqG2Y6DZIHM0vI2kXGY11GpaXMIk/lgDSt2GCFBM2J1A6T76znIEiJoZXEChSVXifENZFQy03W0bcQbBbKYknT0pEw4U2NjoRt6U1/rkO+JtQUND/ACNj50t4mRmEWkXn4HyrTzBxggSHGOpiYMjcfzUOHUt5MghsXEjxKOlwSIT7jWG8K5YLIg7a29KZpbBADadLQLAeRrIcGS0pkpLRJG6SZCudzvQwwCHlKJnNqUqN78to9KapbUDePd9g0FiGW0rzHPnmcwUZ56aelenosw6kAlGWANNLc7VIGoVIA89/LyojEPNoEwNbyOc6waW/1ErUQTB22A5WrJsaYjAhcGAQaQ8R7PwolsKSofpOo3t/mnvDXyLajl96U2VCiFDzrQZh2nMcVinWf+q33qP1JAS4PT2VfCstFp4S2uY1BELA5wb+uldFx+AQoHOkEdR9aqPE+xqSmUpKDMpIJBE6X1BraU/L8P4hLkYcbxG7h1CxBtzEHfepmcUtCwpK1AgRyECoHncRhyUOoL7emYD+6kdRoqPQ9TRGHKHRnbXmvChEZdIBSbg0LKQLPHmOTKGNcGWLhXaNQ9sZjzt9L1YWu0za3ELIylM3VfaLHUa1zxSCBYRB1B+FTd6J1+/2pet1+EzWxY33InSeJ8dwy0HMoHoLk+lIMJwgYiThyEDWZKY6ESL1V14pJFjbWayxxtbR8JPvoxlZviEmbo0r0n85csfhG8Ewtbjqe9WIBiQPIG6lRNc7xnFACQEwLxIIJHOKP4l2hU9AWJA0vf31G3xNCrFpKuU/W1GAvcSV+n0jfeJHcQVWAtqBty+lYCgpMKAttp8qkesqwAGwGg8qnw2A70JyFKVTBCjHWRTbE5oQsTphuHxIW3IEKBAuZCuvnWyVKNyLffOvP4TucqCQeovr13qPGOQcvKtVrnU0kAX4kkmsVCivUyDKw4MqlKF1aDmBAJ1+70Sy+oLzEQSQAN9QSTyOlCMHMR4rEzygAySTymaixGNCp7uQComd/O9V6STUj1AC5Nj8UrMsBVzZUaWkwOnM7xS5vizjCszKyhXMfXn5VFiXY86A1PWqFxiqMQ2Q3YnUuzX4mBUIxTRBAu43pbdSD9D6VasPx3Bv3axTUn8qlBB/2rg1wuyRA13NQQSY1Jqd+jxsbG0enWZFG+8+iG8KpKg42U3F4ulQ6kH3GtcVx3DJWlLwWgkHxkAoHMSCflXz+1iFt+wtSTuUqI+VZe4i6sgrdcURpmWo/M0n7Bv8Ucev23X9Z389osESE/1KDyzBSY5XIipcNxIKJKHElPMKCpHyAudK+fmuJrGsH4UXheM5FZklSFcwf21rG6EjiavXKeZ3Ph/Fyp3JkQW9ASLiNCaIx2Ag50C24/g6iuc9n+3DSQe+9qLFI9rzBiKsmB7e4eCnOUzoVIV4fdNSthddqlIzIdwYW4xOnurVnh86zAn5TRA4m0sApfZPXOn5HShneMsAHPimQsbBaTPoDrQaDG6hCcJh4Oa56fxTRl6CIIHQ3pZgXA4krSoLB0ywQelt63Rmk+Eg9YoDtC2Msi0g+Pl6xWcS2FAC3U0FgcSZAm1Mlq2gXogYoggxJiuEJWorTygzvG4+FVLivZxOcrSChQ/MLER13HQ2roGHcBK9hIA+p+NLeI4JtKXX315UIuCqyQm31sBWUe0PUOGlEClgEOCRH/USLW3UPy7X08qgdgmeeunnpvTDGdqcE54EOpCTa6VJGm5UABSDGoA8WHdQf9E+E+R2NaMRvcV9IYyiub+s2cXGhoVSya1TxJKpCvAsapV9NjUqUDej0leRM1auDNUpmtwqNKwo1CpdbzBIhEzHSjGXAItpS5tyamSqgZb2nseJFJYDeF43F2k3j6GaDOKCrmQd7TUTrm9bMI1PMR5Cm410rFZWtoSl6AIEjnWaDcVy0r1HcXK1i1KunQq1g7XJHrahnAEjceppvheDOrKCUlIcJOYxoNTReM4A2hQKgtxO4BAVewI99dLUqsFJ3M5bbytoRmTdMqOkXMXvl3NvhyrzLI1ETyMz7418qf8ADuz4fxIbSpTbjij3YUDlA6mZsPlWnarsm5hHyyXELMAzdOonem96g0auIXcM5+hUdASPeK8pnIL6kfcUWttxCIJWOYvHIX+lArI5fv8AzXvlPXIVGpkYFZExbzE+6pEYcKGYEZQbzb086lXiT5jlFq8Se09sTvAFJjWtTRjxBH3I/ioQ1GuteBmFZDFbJWRoSKyRWhophFSdONVvCvMA0Wnig3bT7hSyK9QlFPaaMjr3lg4b2iLCszKlNHp+xJHwqxJ/EZ5RBWpBItJQBPuiufAV40pumxtzHL1OQd51nAdvEmMxAPS487GfhVnwPbhhyEqUSTplSomfKL+lfPwFE4XGuNGW1qQehip26Fexjl65vvCdox/4hIQVBjDOrM2LgyCfK6j5QKoHH+NYnGq/vuyAbNp8KE+Sdz1MmlmD7ZY1vR8qHJYSr5ijXO3j6gMzOHUrmWzf0msHTOh9IH5/1DPVY35uLv8AhqjoCryv8q8jhLh9lCvdVnwH4oLSAlbCQObZj/1P705Z7e4RyO8cWm2hQfOZTNeZs6/dmr7hvvSg4nAOIELQSOsgjyO1bYLGlFs0gflVYjyOlXhzjuDcUf76CORBHzFDYnhOHdSVNON9SVAAcze9LOY1TrGBKNo0Ut41CgLgTzrZwUS32QzXQ4g+RmtXuyy0R4o6jNH8Uqsd7GUDI9biBZqJw68+igR0INaOcIiAtST5q/epsPwlGoCTG9jW0sE5G7SDFxEb/H3b1FmdjwIIHNVvhTxGGgWAE8hW/wDSE6CvahA0mIBw1xV1ET1NeqwDBH7ms1nvDM92JcXezmHQ1lRMpzFEk2Jm3lfSqivDd4pKTYEx8aHwPEXSpSD4ptmJPhP1rL2JIcA3TB9ZpTN6hf4yn2j0IxDWDwaMYs8PLHEsPlGYJMqM/qkSfU0d+I3CS9jWCE5kqbWT5oHh+dapdz4pS9u7FOe25/5dtz9JHxtVC52XceIjD0yZjpurMDxPCWyhQW2IKkIBgeylMqI9Qb0kT+GbWJbCm1hLi0Z0p2GmvOZqJniyYjMfKi8FxBZBUh5SFhOVKQBlgaDp50GLrXXZhKeq9lafh3nPOPdn38IQl5sgflOqT/4xakhcI69K+gE9om1NBnHNBSEAJS6kBQKosTNwetcx7XdmEMr79pfeMquFCN9lAaEV08eVXFicLJjKmjKz3IMFKSLSVEzfaEyLdfhULpnqOcR7xNElU3NBOK8QvFEDcEiuJE4dq8GjRveAJgJCidCbAen+KiSu/iPn/mjgQcoivNNE32plxDDtqUgtZgjKMxV+retZEeGLUGraHp3gK0xWEMKVcAxzi1NeC8PGIxDbR9kmVnkka/t60xxrqAs91IRNknl/pI0G9YXI2EMJYsyuFmKhXTPGqBk/58qFwWGzHMoeAG/W4t8a0NtZgkdhIEM2k+lakUZiOlCZZMCiBuCQBsJHFbZaI7qKicrbuZpA5kRrKCRoYojD4XMkqnQgAbkn6RXu62HrXiRMC3vMIxCxotY/+x/epTxB3/5XP9yv3rRaQKwgW6mgoHtGWRJUY13XOogczUrOPdBJCjbyodAgEG38mtm02M2Hz5VhVfEIM3mN8J2qxCN0r6LTPxkGjsV2wxDqRkSloDXKJ+KqriEQhVrzHl9zW6VZUwZt8/8AFLOJLuofvH4uM08dxB/7y/f769QCWViYA9eWorFeKr4E8GbzLglpSUpeV7JP+K9hzmBcOt61xeJL7gBskDQchRLTdsosK5DGh8/2n0XtfKq4/dd7uOOE4jObwJgeUVYOMOd6yWpBtE1WcOkJpg06SJoFd3+GcvE5UADtKqcJ3C8q9zAPSmpw+VHeJNhqOlGqwaXFEHkDRSuHhKFJsUkaUeRHNGdnp+uWjq5ifD4kEkG4NacSw4WhSRoRdOxjeOdCoaKF5ZtNWbg+Ghpb5g2ISORi5NDjBTINJkvWZseZSlb+fAnJMSP2oHJmM7D40y4k1C1idTf1NDNoivoJ80Z4Ji9DxmWBrW2Kci1HYJkITOpOv7UJNCEq2Zl/DgiCSY02A8kiggpQ2kDW0R60TinYFD8OkrmbC8c+VeBNWZpAuhDeH45TBWptElaCgm/hCtSOsW9ajbxBOoHoaYFwjrNLMLhS47lTAM7zHwoFYGyYbKRQBmjozqiIG58vrUzrkJypEDl9aIxXClAmVzG0QPSKCZAI0ohTcQDqXmCur2GtSstwKmVhQjxTM1qtVqI+IIkTi4qBtBUYFeUZNNGGABA1UJnoNq8TpEICzIe7ygAVoanXQ51oRPGRqEkDmaILMLCRc/xU7OFsTNwZ++tT4fDgZFfmUT6CJoC4hhDAnGSVRreKy+2AoxtY8p+4o9tjNBFjMjpFp8z9ak/pwlkqUL5zca2sNdqHXD0QJ1EHLzIJPyHwrOJZzEmNSNNtBTPF4PIzmEEkiJ0GaL/GmaOGgYdN/EpSr8oClfSg194WjtK5imVTCToAD0tWKsvCuEZwrMdIHnaZPW9erDlI2mjGDvP/2Q==', 'Bánh mì gà nướng', '95.00', '2026-05-19 23:34:51', '448.20', NULL, '{"plan_status": "phu_hop", "plan_message": "Món ăn (448 kcal) phù hợp với kế hoạch. Còn lại 1678 kcal trong ngày.", "plan_total_calo": 2406, "plan_consumed_calo": 728, "plan_remaining_calo": 1678, "food_calo": 448}') ON CONFLICT DO NOTHING;

-- HoSoSucKhoe (1 records)
INSERT INTO HoSoSucKhoe (mahoso, manguoidung, cannang, chieucao, tuoi, gioitinh, mucdovandong, muctieu, bmr, tdee, calodukien, ngaycapnhat) VALUES (1, 1, '60.00', '170.00', 23, 'Nam', 'Vừa', 'Duy trì', '1552.50', '2406.38', '2406.38', '2026-05-19 23:01:11') ON CONFLICT DO NOTHING;

-- BinhLuan (3 records)
INSERT INTO BinhLuan (mabinhluan, malichsu, manguoidung, noidung, thoigian, mabinhluancha) VALUES (1, 3, 1, 'ok', '2026-05-19 23:35:15', NULL) ON CONFLICT DO NOTHING;
INSERT INTO BinhLuan (mabinhluan, malichsu, manguoidung, noidung, thoigian, mabinhluancha) VALUES (2, 3, 1, 'ok', '2026-05-19 23:35:57', 1) ON CONFLICT DO NOTHING;
INSERT INTO BinhLuan (mabinhluan, malichsu, manguoidung, noidung, thoigian, mabinhluancha) VALUES (3, 3, 1, 'ok', '2026-05-19 23:36:00', 1) ON CONFLICT DO NOTHING;

-- ThongBao (3 records)
INSERT INTO ThongBao (mathongbao, manguoidung, malichsu, noidung, tencu, tenmoi, dadoc, thoigian) VALUES (1, 1, 3, '💬 Bình luận mới từ Admin về món "Bánh mì gà nướng": ok', '', '', TRUE, '2026-05-19 23:35:22') ON CONFLICT DO NOTHING;
INSERT INTO ThongBao (mathongbao, manguoidung, malichsu, noidung, tencu, tenmoi, dadoc, thoigian) VALUES (2, 1, 3, '💬 Admin đã phản hồi bình luận của bạn về món "Bánh mì gà nướng": ok', '', '', FALSE, '2026-05-19 23:35:59') ON CONFLICT DO NOTHING;
INSERT INTO ThongBao (mathongbao, manguoidung, malichsu, noidung, tencu, tenmoi, dadoc, thoigian) VALUES (3, 1, 3, '💬 Admin đã phản hồi bình luận của bạn về món "Bánh mì gà nướng": ok', '', '', TRUE, '2026-05-19 23:36:02') ON CONFLICT DO NOTHING;

-- KeHoachDinhDuong (1 records)
INSERT INTO KeHoachDinhDuong (makehoach, manguoidung, ngayluu, calodukien, tongcalochon, buasang, buasangcalo, buatrua, buatruacalo, buatoi, buatoicalo, buaphu, buaphucalo) VALUES (1, 1, '2026-05-19 23:33:44', '2406.38', '1830.00', 'Bún Chả', '480.00', 'Thịt Kho Tàu', '550.00', 'Cơm Chiên Dương Châu', '520.00', 'Chả giò (Nem rán)', '280.00') ON CONFLICT DO NOTHING;

-- ============ RESET SEQUENCES ============
SELECT setval(pg_get_serial_sequence('nguoidung', 'manguoidung'), COALESCE((SELECT MAX(manguoidung) FROM NguoiDung), 1));
SELECT setval(pg_get_serial_sequence('monan', 'mamonan'), COALESCE((SELECT MAX(mamonan) FROM MonAn), 1));
SELECT setval(pg_get_serial_sequence('dinhduong', 'madinhduong'), COALESCE((SELECT MAX(madinhduong) FROM DinhDuong), 1));
SELECT setval(pg_get_serial_sequence('congthuc', 'macongthuc'), COALESCE((SELECT MAX(macongthuc) FROM CongThuc), 1));
SELECT setval(pg_get_serial_sequence('nguyenlieu', 'manguyenlieu'), COALESCE((SELECT MAX(manguyenlieu) FROM NguyenLieu), 1));
SELECT setval(pg_get_serial_sequence('chitietnguyenlieu', 'machitiet'), COALESCE((SELECT MAX(machitiet) FROM ChiTietNguyenLieu), 1));
SELECT setval(pg_get_serial_sequence('lichsu', 'malichsu'), COALESCE((SELECT MAX(malichsu) FROM LichSu), 1));
SELECT setval(pg_get_serial_sequence('hososuckhoe', 'mahoso'), COALESCE((SELECT MAX(mahoso) FROM HoSoSucKhoe), 1));
SELECT setval(pg_get_serial_sequence('binhluan', 'mabinhluan'), COALESCE((SELECT MAX(mabinhluan) FROM BinhLuan), 1));
SELECT setval(pg_get_serial_sequence('thongbao', 'mathongbao'), COALESCE((SELECT MAX(mathongbao) FROM ThongBao), 1));
SELECT setval(pg_get_serial_sequence('kehoachdinhduong', 'makehoach'), COALESCE((SELECT MAX(makehoach) FROM KeHoachDinhDuong), 1));